symbol,strategy,direction,entry_time,exit_time,entry_price,exit_price,qty,pnl_usd,r_multiple,exit_reason,fees_usd,funding_usd,bars_held,notional_usd,fee_plus_funding_usd,gross_pnl_ex_fee_funding,cost_bps_of_notional,cost_in_R
ETH/USDT:USDT,trend,long,2023-01-08 23:15:00+00:00,2023-01-09 01:30:00+00:00,1285.1054159999999,1297.9386567014583,1.4180117893978277,16.366293137035644,1.4558149288678457,partial_tp,1.8313934738124238,0.0,9,1822.2946305069995,1.8313934738124238,18.197686610848066,10.049930692617433,0.14651147790499391
ETH/USDT:USDT,trend,long,2023-01-08 23:15:00+00:00,2023-01-09 20:00:00+00:00,1285.1054159999999,1328.3292436895174,4.254035368193483,176.9893101412467,4.903351779730889,stop_loss,6.469969052644453,0.4164125460171544,83,5466.883891520998,6.8863815986616075,183.87569173990832,12.596538970476793,0.1836368426309762
ETH/USDT:USDT,trend,long,2023-01-11 23:30:00+00:00,2023-01-12 00:45:00+00:00,1389.346679,1416.9866479884472,0.681005188977638,17.772783295704752,1.477273081555981,partial_tp,0.9555637788400055,0.09461522976878486,5,946.1522976878487,1.0501790086087903,18.822962304313542,11.099471101799953,0.08242067083550327
ETH/USDT:USDT,trend,long,2023-01-11 23:30:00+00:00,2023-01-12 02:45:00+00:00,1389.346679,1396.4679521283078,2.043015566932914,10.851603460602616,0.3806105970398972,stop_loss,3.3188074778362275,0.37846091907513946,13,2838.4568930635464,3.697268396911367,14.548871857513983,13.025628136000703,0.09672361855592256
ETH/USDT:USDT,trend,short,2023-01-12 13:30:00+00:00,2023-01-12 17:30:00+00:00,1389.393057,1409.424257017615,2.60651763885111,-55.49711177068577,-1.021557002149668,stop_loss,3.6475833484544,-0.3621477510367766,16,3621.4775103677657,3.2854355974176235,-52.211676173268145,9.07208615271501,0.06428178495008982
ETH/USDT:USDT,trend,long,2023-01-12 17:45:00+00:00,2023-01-13 00:30:00+00:00,1429.168622,1406.4999894915495,2.284956585901427,-55.03653097819372,-1.0189726725317243,stop_loss,3.239689834630786,0.0,27,3265.588255202567,3.239689834630786,-51.79684114356293,9.920692939379235,0.06373275543614582
ETH/USDT:USDT,trend,long,2023-01-14 00:30:00+00:00,2023-01-14 09:15:00+00:00,1565.8396109999999,1521.7688596279102,1.1591950909268138,-52.87616893491051,-1.0104706466191378,stop_loss,1.7895702909279605,0.0,35,1815.1135902499516,1.7895702909279605,-51.08659864398255,9.859274375668832,0.035396920073820066
ETH/USDT:USDT,trend,long,2023-01-20 20:00:00+00:00,2023-01-20 22:15:00+00:00,1624.357161,1654.7867745890367,0.6098330845708464,17.557119886805207,1.4759143526973,partial_tp,0.9998652304960236,0.0,9,990.5867379373728,0.9998652304960236,18.55698511730123,10.093666634160384,0.07952344818535322
ETH/USDT:USDT,trend,long,2023-01-20 20:00:00+00:00,2023-01-20 22:30:00+00:00,1624.357161,1647.0048830502083,1.8294992537125392,37.94622001106983,1.0984726418558417,stop_loss,3.487770578075378,0.0,10,2971.7602138121188,3.487770578075378,41.43399058914521,11.736379543224755,0.09246564249809991
ETH/USDT:USDT,trend,short,2023-01-21 10:30:00+00:00,2023-01-21 15:30:00+00:00,1641.6873460000002,1667.3945802930045,2.0061901331063248,-54.892923543162674,-1.019838341001268,stop_loss,3.3193237550847483,0.0,20,3293.5369551907093,3.3193237550847483,-51.57359978807793,10.078295158806093,0.06563772250806248
ETH/USDT:USDT,trend,short,2023-01-24 22:00:00+00:00,2023-01-24 22:15:00+00:00,1593.4018360000002,1568.3260050716021,0.7383083493114749,17.34653030870237,1.4723819830894465,partial_tp,1.167165031656854,0.0,1,1176.4218793270336,1.167165031656854,18.513695340359224,9.921313536981522,0.09282386537696102
ETH/USDT:USDT,trend,short,2023-01-24 22:00:00+00:00,2023-01-25 03:15:00+00:00,1593.4018360000002,1542.3848043982832,2.214925047934425,108.93792403884345,2.9955760339731916,stop_loss,4.0609771270616655,0.0,21,3529.265637981101,4.0609771270616655,112.99890116590511,11.506578261943261,0.10765561107960345
ETH/USDT:USDT,trend,short,2023-01-25 15:00:00+00:00,2023-01-25 16:15:00+00:00,1533.4498270000001,1550.1882983590842,3.1294531094193325,-57.207311701476634,-1.028568867289611,stop_loss,4.825050459864494,0.0,5,4798.859329243688,4.825050459864494,-52.38226124161214,10.054577825320282,0.09474384206567138
ETH/USDT:USDT,trend,long,2023-01-25 21:45:00+00:00,2023-01-25 23:00:00+00:00,1618.495403,1596.5297352268437,2.3568815396833833,-55.559193580322386,-1.0222977776414153,stop_loss,3.788716698952433,0.0,5,3814.6019373931176,3.788716698952433,-51.77047688136995,9.93214170478198,0.07481477658255441
ETH/USDT:USDT,trend,long,2023-01-29 10:15:00+00:00,2023-01-29 13:00:00+00:00,1608.462394,1625.8062911158306,1.059137342563856,16.65680173081633,1.45895910782091,partial_tp,1.7127673701455386,0.0,11,1703.5825855950577,1.7127673701455386,18.36956910096187,10.053914524767654,0.13603245348424947
ETH/USDT:USDT,trend,long,2023-01-29 10:15:00+00:00,2023-01-29 14:15:00+00:00,1608.462394,1607.9798552818,3.1774120276915676,-7.494996764454659,-0.040590892179099676,stop_loss,5.961772437419183,0.0,16,5110.747756785173,5.961772437419183,-1.5332243270354757,11.665166666666666,0.15783317413930595
ETH/USDT:USDT,trend,long,2023-01-29 19:15:00+00:00,2023-01-29 20:45:00+00:00,1651.905423,1634.1517390226713,2.920028444009603,-56.63895239063087,-1.028406671120935,stop_loss,4.797690190873837,0.0,6,4823.610821973715,4.797690190873837,-51.84126219975703,9.946263013214502,0.09517470040089515
ETH/USDT:USDT,trend,short,2023-01-30 09:15:00+00:00,2023-01-30 12:30:00+00:00,1596.9607680000001,1574.6255728165995,0.8241735654871312,17.10110863877374,1.4689413208858901,partial_tp,1.3069688113805502,0.0,13,1316.1728501056275,1.3069688113805502,18.40807745015429,9.930069681012348,0.10429445971990493
ETH/USDT:USDT,trend,short,2023-01-30 09:15:00+00:00,2023-01-30 14:30:00+00:00,1596.9607680000001,1587.8989321049635,2.4725206964613937,17.810174611444424,0.5959789059376212,stop_loss,4.595402186970489,0.0,21,3948.5185503168827,4.595402186970489,22.405576798414913,11.638294536065155,0.12223576265743703
ETH/USDT:USDT,trend,short,2023-01-30 19:15:00+00:00,2023-01-31 00:45:00+00:00,1553.203899,1574.2855042256863,2.440658824937127,-55.26957314385171,-1.0229090902998261,stop_loss,3.81656730594006,0.0,22,3790.8408030211044,3.81656730594006,-51.45300583791165,10.067864899255207,0.07587508887791071
ETH/USDT:USDT,trend,long,2023-02-02 00:45:00+00:00,2023-02-02 06:15:00+00:00,1692.7576749999998,1664.5763500402365,1.8071191743441,-53.96056403887424,-1.018045167661738,stop_loss,3.0335513456640335,0.0,22,3059.014852010638,3.0335513456640335,-50.9270126932102,9.916759128090312,0.06064153628863401
ETH/USDT:USDT,trend,short,2023-02-04 23:45:00+00:00,2023-02-05 12:45:00+00:00,1665.940068,1647.6674467406929,0.9942008687764873,16.519460195857224,1.4605031737287242,partial_tp,1.647195734969747,0.0,52,1656.2790629351605,1.647195734969747,18.16665593082697,9.94515822744679,0.13242583598412552
ETH/USDT:USDT,trend,short,2023-02-04 23:45:00+00:00,2023-02-05 13:00:00+00:00,1665.940068,1648.1320638708391,2.9826026063294617,47.34377990865283,1.4233670243214935,stop_loss,5.770419620508481,0.0,53,4968.837188805481,5.770419620508481,53.11419952916131,11.613219353431264,0.15463708532066078
ETH/USDT:USDT,trend,short,2023-02-05 17:45:00+00:00,2023-02-05 22:30:00+00:00,1617.6245669999998,1636.6890851141873,2.695959361891684,-55.78391476837175,-1.0264277209480452,stop_loss,4.38674867847458,0.0,19,4361.050095429631,4.38674867847458,-51.39716608989717,10.058927511683208,0.08760561702065471
ETH/USDT:USDT,trend,short,2023-02-09 03:00:00+00:00,2023-02-09 06:45:00+00:00,1619.5140000000001,1636.382346417959,3.04043164793643,-56.23671944454237,-1.0299658133447616,stop_loss,4.949665147024879,0.0,15,4924.02161987612,4.949665147024879,-51.28705429751749,10.052078421112627,0.0994010273892151
ETH/USDT:USDT,trend,short,2023-02-09 19:15:00+00:00,2023-02-09 19:30:00+00:00,1586.014053,1557.0076781329335,0.6299811623473479,17.283447512506463,1.476234678814353,partial_tp,0.9900222417310496,0.0,1,999.1589766081684,0.9900222417310496,18.273469754237514,9.908555744470863,0.07997961994612364
ETH/USDT:USDT,trend,short,2023-02-09 19:15:00+00:00,2023-02-10 00:30:00+00:00,1586.014053,1553.93692130683,1.8899434870420437,57.15722169143129,1.6325161079027795,stop_loss,3.466744435065341,0.0,21,2997.476929824505,3.466744435065341,60.62396612649663,11.56554167463871,0.09335443544583456
ETH/USDT:USDT,trend,long,2023-02-15 19:00:00+00:00,2023-02-15 19:30:00+00:00,1606.0916829999999,1628.74633580813,0.8083170381916909,17.00475451593236,1.468321203519404,partial_tp,1.3073873431964325,0.0,2,1298.231272266868,1.3073873431964325,18.31214185912879,10.07052727141272,0.10483014887039276
ETH/USDT:USDT,trend,long,2023-02-15 19:00:00+00:00,2023-02-16 04:00:00+00:00,1606.0916829999999,1690.1238519014698,2.4249511145750726,199.1282052340274,5.446396218063977,stop_loss,4.645696403752929,0.0,36,3894.693816800604,4.645696403752929,203.77390163778034,11.928271187102597,0.12416851775577054
ETH/USDT:USDT,trend,short,2023-02-16 22:45:00+00:00,2023-02-17 09:00:00+00:00,1646.4059300000001,1672.1457218371042,2.0194148091204416,-55.330082994800996,-1.019870327914887,stop_loss,3.350766175275476,0.0,41,3324.7765168657133,3.350766175275476,-51.97931681952552,10.07816964020867,0.06574436154691088
ETH/USDT:USDT,trend,short,2023-02-22 15:15:00+00:00,2023-02-22 19:00:00+00:00,1612.476112,1629.9412562173077,2.985922616670189,-56.508899908921435,-1.0287951721896318,stop_loss,4.840803676222146,-0.48147288916612135,15,4814.728891661213,4.359330787056025,-52.14956912186541,9.054156288230669,0.0859999141550039
ETH/USDT:USDT,trend,long,2023-02-22 23:15:00+00:00,2023-02-23 02:30:00+00:00,1642.812696,1665.8786937009177,0.8021236432291853,17.174792314662156,1.4681798694619153,partial_tp,1.326989795913968,0.0,13,1317.73890485868,1.326989795913968,18.501782110576123,10.070202761876264,0.10530119172836788
ETH/USDT:USDT,trend,long,2023-02-22 23:15:00+00:00,2023-02-23 06:30:00+00:00,1642.812696,1660.6120877034643,2.4063709296875557,38.1984366249525,1.132953749780965,stop_loss,4.633502136386049,0.0,29,3953.21671457604,4.633502136386049,42.83193876133855,11.720840194016446,0.12256142896746688
ETH/USDT:USDT,trend,short,2023-03-01 20:00:00+00:00,2023-03-01 21:30:00+00:00,1638.628264,1653.389919989773,3.5528542775603245,-58.294043070536524,-1.034759259241724,stop_loss,5.848030443397219,0.0,6,5821.807437083648,5.848030443397219,-52.446012627139304,10.045042723581917,0.11538157710203847
ETH/USDT:USDT,trend,long,2023-03-07 23:45:00+00:00,2023-03-08 05:30:00+00:00,1561.7583869999999,1549.4453677833542,4.253257829572848,-59.53204266764803,-1.0392447073362918,stop_loss,6.616375864714373,0.5452214140545153,23,6642.5610874088115,7.1615972787688875,-52.37044538887914,10.781379628324272,0.14211550069450055
ETH/USDT:USDT,trend,short,2023-03-09 18:45:00+00:00,2023-03-09 19:45:00+00:00,1504.6784610000002,1485.2248042615524,0.9440469382815363,16.95386057064752,1.4664230525994317,partial_tp,1.4113045116640683,0.0,4,1420.4870942052241,1.4113045116640683,18.365165082311588,9.9353561001813,0.11268994647562845
ETH/USDT:USDT,trend,short,2023-03-09 18:45:00+00:00,2023-03-09 21:00:00+00:00,1504.6784610000002,1436.0440587360806,2.832140814844609,189.50777827036865,5.173683849488191,stop_loss,4.874513683741229,0.0,9,4261.461282615673,4.874513683741229,194.3822919541099,11.438596670176167,0.12974017574417213
ETH/USDT:USDT,trend,short,2023-03-10 07:00:00+00:00,2023-03-10 10:30:00+00:00,1396.250999,1371.5667710345892,0.7639909183948074,17.800197451731385,1.4754131973068256,partial_tp,1.0572938200390969,0.001034721390544607,14,1066.7230830356773,1.0583285414296415,18.858525993161027,9.92130533463149,0.08279925470728934
ETH/USDT:USDT,trend,short,2023-03-10 07:00:00+00:00,2023-03-10 12:15:00+00:00,1396.250999,1394.4299058839754,2.291972755184422,0.43831307829878785,0.10884945725961051,stop_loss,3.7314438427215793,0.004138885562178428,21,3200.1692491070316,3.7355827282837577,4.1738958065825456,11.673078632719587,0.09741885551642139
ETH/USDT:USDT,trend,long,2023-03-10 13:45:00+00:00,2023-03-10 15:00:00+00:00,1424.2571489999998,1401.2845919438703,2.27113036720627,-55.382258768387665,-1.0186462700500765,stop_loss,3.208586825833248,0.0,5,3234.673661804525,3.208586825833248,-52.173671942554414,9.919352495185793,0.0626449103652418
ETH/USDT:USDT,trend,long,2023-03-11 01:15:00+00:00,2023-03-11 01:45:00+00:00,1444.5732420000002,1474.2762880631644,0.6336989215563398,17.89795235747235,1.477985959418236,partial_tp,0.9248358996931284,0.0,2,915.4245055645456,0.9248358996931284,18.822788257165477,10.102809069140864,0.07261912825226757
ETH/USDT:USDT,trend,long,2023-03-11 01:15:00+00:00,2023-03-11 06:30:00+00:00,1444.5732420000002,1449.4567541590884,1.9010967646690193,6.075401381805631,0.24299738109121552,stop_loss,3.2086277840588417,0.0,21,2746.273516693637,3.2086277840588417,9.284029165864473,11.683569624637586,0.08398165650853047
ETH/USDT:USDT,trend,short,2023-03-11 08:00:00+00:00,2023-03-11 09:15:00+00:00,1415.4652330000001,1438.0184189899735,2.308190895920654,-55.350251069652614,-1.0194954299079333,stop_loss,3.2931924935908388,0.0,5,3267.1639643028075,3.2931924935908388,-52.05705857606178,10.0796670432596,0.06449451407473213
ETH/USDT:USDT,trend,long,2023-03-12 22:30:00+00:00,2023-03-13 00:30:00+00:00,1572.811702,1619.6543313573209,0.40238431122315815,18.206440026859354,1.484595739845921,partial_tp,0.6422991229679067,0.0,8,632.8747533929931,0.6422991229679067,18.84873914982726,10.148913659841657,0.050589831716869225
ETH/USDT:USDT,trend,long,2023-03-12 22:30:00+00:00,2023-03-13 02:45:00+00:00,1572.811702,1584.0212810694018,1.2071529336694744,11.309848783823426,0.3552681299112222,stop_loss,2.22182747500489,0.0,17,1898.624260178979,2.22182747500489,13.531676258828316,11.702302143739821,0.058333090219726255
ETH/USDT:USDT,trend,long,2023-03-13 14:15:00+00:00,2023-03-13 15:00:00+00:00,1636.360761,1681.5087956081472,0.4183692002437073,18.19449991513027,1.4834203224045952,partial_tp,0.6940472164555471,0.0,3,684.6029428897542,0.6940472164555471,18.888547131585817,10.137952570374996,0.05450730214590417
ETH/USDT:USDT,trend,long,2023-03-13 14:15:00+00:00,2023-03-13 16:30:00+00:00,1636.360761,1653.495336438732,1.255107600731122,19.098872700405092,0.5629874620722247,stop_loss,2.4068631680483668,0.0,9,2053.8088286692628,2.4068631680483668,21.50573586845346,11.71902240583833,0.06300801771318831
ETH/USDT:USDT,trend,short,2023-03-14 19:15:00+00:00,2023-03-15 14:30:00+00:00,1698.110414,1643.833340230177,0.3500010303169745,18.52134642025987,1.486498044043321,partial_tp,0.5848418786209699,-0.10915655685239778,77,594.3403944919841,0.47568532176857214,18.997031742028444,8.00358390876607,0.03722188339690576
ETH/USDT:USDT,trend,short,2023-03-14 19:15:00+00:00,2023-03-15 19:30:00+00:00,1698.110414,1655.9418451210956,1.0500030909509235,42.655701074346055,1.154879782657854,stop_loss,2.058052816890031,-0.4366262274095911,97,1783.0211834759523,1.62142658948044,44.2771276638265,9.093703454041483,0.042291650024639554
ETH/USDT:USDT,trend,long,2023-03-17 11:45:00+00:00,2023-03-17 13:00:00+00:00,1761.168192,1738.4819316847304,2.320135161530111,-56.69502089358947,-1.023537625292974,stop_loss,4.059830652507073,0.0,5,4086.148247627614,4.059830652507073,-52.6351902410824,9.935593146587815,0.07894698216394748
ETH/USDT:USDT,trend,long,2023-03-18 01:00:00+00:00,2023-03-18 08:15:00+00:00,1825.807578,1791.8054188996625,1.5282273778477973,-55.00632296797043,-1.016067882111073,stop_loss,2.764267612160041,0.27902491273815777,29,2790.2491273815776,3.043292524898199,-51.963030443072235,10.90688460407864,0.059507533799542406
ETH/USDT:USDT,trend,long,2023-03-21 13:00:00+00:00,2023-03-21 17:45:00+00:00,1808.862496,1787.1713481744396,2.4044746844530396,-56.479101994665456,-1.0253517592914643,stop_loss,4.323286171376893,0.0,19,4349.364079288537,4.323286171376893,-52.15581582328856,9.940042021232884,0.08499318842525683
ETH/USDT:USDT,trend,short,2023-03-24 17:30:00+00:00,2023-03-24 18:45:00+00:00,1735.1692930000002,1761.661155444969,1.948266872266022,-55.01959744647924,-1.0203493128730574,stop_loss,3.4063794603182354,0.0,5,3380.5728513251547,3.4063794603182354,-51.613217986161004,10.076337976218925,0.06734121756664238
ETH/USDT:USDT,trend,long,2023-03-28 19:00:00+00:00,2023-03-29 06:15:00+00:00,1774.5321999999999,1802.765488919169,0.6556476583336024,17.33836634045825,1.471798151264306,partial_tp,1.1727234264510304,0.0,45,1163.4678815675757,1.1727234264510304,18.51108976690928,10.079551357025727,0.09324206152791802
ETH/USDT:USDT,trend,long,2023-03-28 19:00:00+00:00,2023-03-29 10:45:00+00:00,1774.5321999999999,1806.580370965953,1.9669429750008072,58.933268695248415,1.670667519966726,stop_loss,4.103656047858069,0.0,63,3490.403644702727,4.103656047858069,63.03692474310648,11.756967003189029,0.10875918995431687
ETH/USDT:USDT,trend,short,2023-04-02 19:45:00+00:00,2023-04-02 22:45:00+00:00,1780.085814,1792.995573009974,4.097158294207538,-60.21306622426817,-1.0434639839394755,stop_loss,7.319740020333245,0.0,12,7293.293357231277,7.319740020333245,-52.893326203934926,10.03626161982878,0.14440167845693044
ETH/USDT:USDT,trend,short,2023-04-03 01:45:00+00:00,2023-04-03 06:45:00+00:00,1770.298751,1784.4868640026177,3.690715110714333,-58.92413354360364,-1.0391993221663405,stop_loss,6.559850492320052,0.0,20,6533.66835079441,6.559850492320052,-52.364283051283586,10.040072651564047,0.13018400688223364
ETH/USDT:USDT,trend,long,2023-04-03 08:30:00+00:00,2023-04-03 11:00:00+00:00,1812.0834619999998,1799.6055822859782,4.196275191627166,-59.93843765626109,-1.0452379884097571,stop_loss,7.577820568204439,0.0,10,7604.000876748467,7.577820568204439,-52.36061708805665,9.965570350440014,0.15127067570498076
ETH/USDT:USDT,trend,long,2023-04-05 00:45:00+00:00,2023-04-05 14:00:00+00:00,1913.543891,1890.9809302144574,2.263861308950231,-55.38587220859531,-1.0257991232172432,stop_loss,4.306458270844103,0.0,53,4331.997977812978,4.306458270844103,-51.079413937751205,9.941044046881645,0.08648417782919479
ETH/USDT:USDT,trend,short,2023-04-10 01:30:00+00:00,2023-04-10 04:15:00+00:00,1848.985138,1861.8334814423597,4.0291278353979125,-59.24329949821771,-1.0454340362545305,stop_loss,7.4756812958540335,0.0,11,7449.797486752851,7.4756812958540335,-51.76761820236368,10.034744312375215,0.15096950453324776
ETH/USDT:USDT,trend,long,2023-04-11 02:00:00+00:00,2023-04-11 04:30:00+00:00,1932.589603,1913.0774829316363,2.599088773238266,-55.7113472860894,-1.030314432777635,stop_loss,4.997615074328417,0.0,10,5022.971940434297,4.997615074328417,-50.713732211760984,9.949518200765247,0.10153295204239601
ETH/USDT:USDT,trend,short,2023-04-12 02:15:00+00:00,2023-04-12 12:30:00+00:00,1862.4710910000001,1879.508612270783,2.970956190831845,-56.17635817856148,-1.0342168889696333,stop_loss,5.558628882699722,0.0,41,5533.3200180517915,5.558628882699722,-50.61772929586176,10.045739022079626,0.11357340500994084
ETH/USDT:USDT,trend,long,2023-04-12 14:30:00+00:00,2023-04-12 18:45:00+00:00,1921.786363,1899.8630293605504,2.2789165170308157,-54.31605710059448,-1.0266999723331955,stop_loss,4.35460996127562,0.0,17,4379.590684845279,4.35460996127562,-49.96144713931886,9.942961054200568,0.0894865577911779
ETH/USDT:USDT,trend,long,2023-04-13 09:00:00+00:00,2023-04-13 17:00:00+00:00,1983.534882,2016.2747090394662,0.544205426483147,16.620887450185396,1.4727815604910284,partial_tp,1.0883590421715073,0.10794504464030086,32,1079.4504464030085,1.196304086811808,17.817191536997203,11.08252899239779,0.09888733564647012
ETH/USDT:USDT,trend,long,2023-04-13 09:00:00+00:00,2023-04-14 00:45:00+00:00,1983.534882,2100.3978341374336,1.632616279449441,186.4871052040613,5.257010087594031,stop_loss,3.873472741472578,0.43178017856120343,63,3238.351339209026,4.305252920033782,190.79235812409507,13.294582548554937,0.11862507624933519
ETH/USDT:USDT,trend,short,2023-04-14 13:00:00+00:00,2023-04-14 15:00:00+00:00,2097.17066,2068.6011443070815,0.6347158367535645,16.811483390427387,1.4681194172865644,partial_tp,1.3220406682475878,0.0,8,1331.1074302769252,1.3220406682475878,18.133524058674976,9.931885572696027,0.1070345493361654
ETH/USDT:USDT,trend,short,2023-04-14 13:00:00+00:00,2023-04-14 17:15:00+00:00,2097.17066,2077.7140876644908,1.9041475102606933,32.407831856783616,0.9998269465478594,stop_loss,4.640351914083805,0.0,17,3993.3222908307753,4.640351914083805,37.048183770867425,11.62027899610983,0.1252301304123362
ETH/USDT:USDT,trend,short,2023-04-19 21:30:00+00:00,2023-04-19 23:15:00+00:00,1960.201763,1929.7373709220733,0.5997970732146526,17.105866151849302,1.472035000651644,partial_tp,1.1665870537548002,0.0,7,1175.723280357602,1.1665870537548002,18.2724532056041,9.922292713298804,0.09398064699421256
ETH/USDT:USDT,trend,short,2023-04-19 21:30:00+00:00,2023-04-20 01:30:00+00:00,1960.201763,1953.383665422145,1.7993912196439577,8.159527647474624,0.3294494847226197,stop_loss,4.1088972687934735,0.0,16,3527.169841072806,4.1088972687934735,12.268424916268097,11.649275350868084,0.11033805050126681
ETH/USDT:USDT,trend,short,2023-04-21 17:30:00+00:00,2023-04-21 19:00:00+00:00,1883.6347400000002,1851.3262901080218,0.5680117455109992,17.290828150833697,1.4746575263086485,partial_tp,1.0607508670636085,0.0,6,1069.9266565725572,1.0607508670636085,18.351579017897304,9.91423907935575,0.0852375835413537
ETH/USDT:USDT,trend,short,2023-04-21 17:30:00+00:00,2023-04-21 23:30:00+00:00,1883.6347400000002,1853.9692714686498,1.7040352365329976,46.831535889520715,1.354023686914476,stop_loss,3.7194677961611093,0.0,24,3209.779969717672,3.7194677961611093,50.55100368568183,11.58792138792077,0.09962705251180212
ETH/USDT:USDT,trend,long,2023-04-26 10:30:00+00:00,2023-04-26 12:15:00+00:00,1914.97432,1940.182055536378,0.7284688633800704,16.95886976305089,1.4661362885058813,partial_tp,1.4041806915197086,0.0,7,1394.9991662924233,1.4041806915197086,18.363050454570597,10.065817424476945,0.11211210645799365
ETH/USDT:USDT,trend,long,2023-04-26 10:30:00+00:00,2023-04-26 14:15:00+00:00,1914.97432,1937.4679728529059,2.1854065901402113,44.25070121045255,1.3082793835688518,stop_loss,4.907075970614015,0.0,15,4184.99749887727,4.907075970614015,49.157777181066564,11.72539761835093,0.13059635105781525
ETH/USDT:USDT,trend,short,2023-04-26 19:30:00+00:00,2023-04-26 20:00:00+00:00,1845.006332,1802.1513012149992,0.43557392344065826,17.87223051833996,1.4813177724426034,partial_tp,0.7943033798530013,0.0,2,803.6366468020977,0.7943033798530013,18.666533898192963,9.883862103772442,0.06303343297179465
ETH/USDT:USDT,trend,short,2023-04-26 19:30:00+00:00,2023-04-26 20:45:00+00:00,1845.006332,1826.925129790654,1.3067217703219747,20.826185847019104,0.6249909448019125,stop_loss,2.800914713527069,0.0,5,2410.9099404062927,2.800914713527069,23.627100560546175,11.617666286842104,0.07409061169528433
ETH/USDT:USDT,trend,short,2023-04-27 07:00:00+00:00,2023-04-27 15:15:00+00:00,1882.784995,1907.1800279866284,2.123938888908565,-55.838386306469566,-1.024009620930792,stop_loss,4.024827049962272,0.0,33,3998.920270334018,4.024827049962272,-51.8135592565073,10.064784436490129,0.07954407457978765
ETH/USDT:USDT,trend,short,2023-05-01 01:45:00+00:00,2023-05-02 01:45:00+00:00,1834.3495300000002,1825.877599,2.2658755653891482,15.04953183687567,0.3814890252640778,time_stop,4.146809607687787,0.0,96,4156.407778410069,4.146809607687787,19.19634144456346,9.976907533538604,0.08240957579135737
ETH/USDT:USDT,trend,long,2023-05-03 22:15:00+00:00,2023-05-04 13:30:00+00:00,1908.6624269999998,1882.4891198583855,1.967900264728908,-55.98797357823302,-1.022059808925417,stop_loss,3.7303040663450133,0.751211459074284,61,3756.05729537142,4.481515525419297,-51.50645805281372,11.931435473420114,0.08892820579721687
ETH/USDT:USDT,trend,long,2023-05-05 13:45:00+00:00,2023-05-05 16:00:00+00:00,1932.359534,1963.0049359387,0.6016766470269896,17.26674776866113,1.471710196477721,partial_tp,1.171874916610392,0.0,9,1162.655605267756,1.171874916610392,18.438622685271522,10.079295290031414,0.09353520017249574
ETH/USDT:USDT,trend,long,2023-05-05 13:45:00+00:00,2023-05-05 18:45:00+00:00,1932.359534,1973.4587629740831,1.805029941080969,69.73015488411836,1.9737432215612951,stop_loss,4.106387287863928,0.3487966815803269,20,3487.9668158032687,4.4551839694442545,74.18533885356261,12.77301134075795,0.11853270870483937
ETH/USDT:USDT,trend,long,2023-05-06 00:30:00+00:00,2023-05-06 01:45:00+00:00,2006.6418119999998,1988.5576026561744,2.8906310666236297,-58.04910111726809,-1.0341242353652234,stop_loss,5.774323772680839,0.0,5,5800.461161353132,5.774323772680839,-52.27477734458725,9.95493911958856,0.11423038909974628
ETH/USDT:USDT,trend,short,2023-05-06 08:15:00+00:00,2023-05-06 12:30:00+00:00,1940.0478110000001,1915.140194610974,0.7396336498641527,16.99679783148028,1.4661896597630257,partial_tp,1.4257133877512742,0.0,17,1434.92464336089,1.4257133877512742,18.422511219231552,9.935806694433506,0.11346803929338715
ETH/USDT:USDT,trend,short,2023-05-06 08:15:00+00:00,2023-05-06 14:30:00+00:00,1940.0478110000001,1881.2055064675394,2.218900949592458,125.60829177422423,3.4637589207505193,stop_loss,4.956953629061472,0.0,25,4304.77393008267,4.956953629061472,130.5652454032857,11.515014980046297,0.13150277701677152
ETH/USDT:USDT,trend,short,2023-05-12 03:00:00+00:00,2023-05-12 05:45:00+00:00,1764.6204550000002,1740.9281847583602,0.7893949559894471,17.318927417589048,1.4676563125613378,partial_tp,1.3836312071004586,0.0,11,1392.9824864128034,1.3836312071004586,18.702558624689505,9.932868651231747,0.10857846330592986
ETH/USDT:USDT,trend,short,2023-05-12 03:00:00+00:00,2023-05-12 07:00:00+00:00,1764.6204550000002,1759.574819433612,2.368184867968341,7.079533594057462,0.31256012253644966,stop_loss,4.869464203546009,0.0,16,4178.9474592384095,4.869464203546009,11.948997797603472,11.652370007143958,0.12737472664464405
ETH/USDT:USDT,trend,long,2023-05-23 03:30:00+00:00,2023-05-23 07:30:00+00:00,1866.509785,1851.079013577657,3.434864587796566,-59.38731737910105,-1.0373431835352287,stop_loss,6.384707058111788,0.0,16,6411.2083632722815,6.384707058111788,-53.00261032098926,9.958664102523464,0.12495860685900478
ETH/USDT:USDT,trend,short,2023-05-24 14:00:00+00:00,2023-05-24 20:30:00+00:00,1790.502688,1805.4692301054324,3.521484575254012,-59.03602699049727,-1.037537326267389,stop_loss,6.331579821327432,0.0,26,6305.227597742847,6.331579821327432,-52.70444716916984,10.041794246402809,0.12464318955443644
ETH/USDT:USDT,trend,short,2023-05-25 01:15:00+00:00,2023-05-25 05:45:00+00:00,1767.4696000000001,1784.1429842061964,3.1293540037445,-57.73404815169808,-1.0331560517333152,stop_loss,5.557126530067507,0.0,18,5531.0380692566905,5.557126530067507,-52.17692162163058,10.047167386093081,0.11003675047028541
ETH/USDT:USDT,trend,long,2023-05-25 12:15:00+00:00,2023-05-25 15:30:00+00:00,1802.5205939999998,1789.6032553662537,4.05594397854111,-59.67672839882448,-1.0433787742729606,stop_loss,7.2847265485054855,0.0,13,7310.922549430645,7.2847265485054855,-52.39200185031899,9.964168679468232,0.1450742248560802
ETH/USDT:USDT,trend,long,2023-05-25 19:15:00+00:00,2023-05-26 01:15:00+00:00,1811.003138,1798.3441491518888,4.118662625086869,-60.316837220222304,-1.0445293118227907,stop_loss,7.432841886275584,0.7458910938395638,24,7458.9109383956375,8.178732980115148,-52.138104240107154,10.96504978764948,0.1638518786943236
ETH/USDT:USDT,trend,long,2023-05-28 22:00:00+00:00,2023-05-29 14:30:00+00:00,1906.961917,1887.7020363533948,2.654082251020462,-56.65910588224705,-1.030303773112368,stop_loss,5.035675123591192,0.5061233777281655,66,5061.233777281655,5.541798501319358,-51.11730738092769,10.949501139810636,0.11169868285879535
ETH/USDT:USDT,trend,short,2023-05-31 14:30:00+00:00,2023-05-31 22:45:00+00:00,1857.432603,1869.8962233773086,4.144440300605758,-59.00345204075644,-1.0471149390296617,stop_loss,7.723845900823841,-0.37512444323648686,33,7698.0185355322565,7.348721457587354,-51.65473058316909,9.54625066654149,0.1489690476386849
ETH/USDT:USDT,trend,short,2023-06-05 16:00:00+00:00,2023-06-06 14:00:00+00:00,1813.205875,1836.2624548996178,2.1787878672474945,-54.40452613851788,-1.0244697765988233,stop_loss,3.9757086595446323,0.19342093346387113,88,3950.5909612718774,4.1691295930085035,-50.235396545509374,10.553179597379193,0.0850226644253049
ETH/USDT:USDT,trend,long,2023-06-06 17:00:00+00:00,2023-06-06 19:45:00+00:00,1865.619518,1892.676746585639,0.6619429330909505,16.666452424887897,1.4691600400261298,partial_tp,1.2438888264022905,0.0,11,1234.9336557766453,1.2438888264022905,17.910341251290188,10.072515398570243,0.10203444659959233
ETH/USDT:USDT,trend,long,2023-06-06 17:00:00+00:00,2023-06-06 21:30:00+00:00,1865.619518,1873.605808218193,1.9858287992728516,11.529207616863271,0.43364154682303035,stop_loss,4.330197497775578,0.0,18,3704.800967329936,4.330197497775578,15.85940511463885,11.68807052243988,0.11839999844958735
ETH/USDT:USDT,trend,short,2023-06-10 06:00:00+00:00,2023-06-10 08:00:00+00:00,1753.403821,1718.9342525744341,0.5241996514255637,17.158836549571582,1.4778966314577946,partial_tp,0.9100992038997159,0.0,8,919.1336717764515,0.9100992038997159,18.068935753471298,9.901706703234208,0.07443894682493467
ETH/USDT:USDT,trend,short,2023-06-10 06:00:00+00:00,2023-06-10 10:15:00+00:00,1753.403821,1739.57057923584,1.5725989542766912,18.694882356190007,0.5931058130170944,stop_loss,3.206090780451293,-0.14683160406628815,17,2757.401015329355,3.0592591763850048,21.754141532575012,11.094719844438714,0.08340776850802527
ETH/USDT:USDT,trend,long,2023-06-10 17:45:00+00:00,2023-06-10 19:00:00+00:00,1760.007844,1738.6230561044217,2.3526639639185523,-54.42677127883242,-1.0250080203285161,stop_loss,4.115551420863801,0.0,5,4140.707030792785,4.115551420863801,-50.31121985796862,9.939248032420762,0.08384756375156081
ETH/USDT:USDT,trend,long,2023-06-15 13:45:00+00:00,2023-06-15 17:00:00+00:00,1647.674154,1636.12601678119,4.414482001351202,-58.448373300890374,-1.0444043000687653,stop_loss,7.248138374973784,0.22119102434547616,13,7273.6278969245695,7.46932939931926,-50.97904390157112,10.269056246989809,0.15302365729614373
ETH/USDT:USDT,trend,long,2023-06-15 19:00:00+00:00,2023-06-15 20:15:00+00:00,1670.390967,1657.3204906159358,3.858971724488405,-56.85937100279539,-1.0395562051706815,stop_loss,6.420772211097997,0.0,5,6445.9915104938445,6.420772211097997,-50.438598791697395,9.960875996571216,0.13233423913300935
ETH/USDT:USDT,trend,long,2023-06-15 21:15:00+00:00,2023-06-16 01:00:00+00:00,1674.00205,1658.1178776103638,3.1348770157089882,-54.596212532304826,-1.0323388555492792,stop_loss,5.222893087325814,-0.42160749285084853,15,5247.790550794729,4.801285594474965,-49.79492693782986,9.14915629349547,0.09953933022040379
ETH/USDT:USDT,trend,long,2023-06-17 05:45:00+00:00,2023-06-17 07:00:00+00:00,1759.5276999999999,1745.635861539108,3.5878301271682425,-56.129522265113664,-1.0391867357290732,stop_loss,6.287965713371174,0.0,5,6312.886491647045,6.287965713371174,-49.84155655174249,9.960523956340978,0.13110285906241587
ETH/USDT:USDT,trend,long,2023-06-21 01:15:00+00:00,2023-06-21 14:15:00+00:00,1812.233507,1842.6145230600666,0.5780227689415397,16.493962662601035,1.4731872287282277,partial_tp,1.0562926891979258,0.010663674498191032,52,1047.5122296847771,1.0669563636961168,17.560919026297153,10.185622023880246,0.08950707455877728
ETH/USDT:USDT,trend,long,2023-06-21 01:15:00+00:00,2023-06-21 16:45:00+00:00,1812.233507,1867.703703915745,1.7340683068246192,92.4394847743887,2.689771320016092,stop_loss,3.7143873591191774,0.035238311406595904,62,3142.5366890543314,3.749625670525773,96.18911044491448,11.93184373498637,0.10485215574534469
ETH/USDT:USDT,trend,long,2023-06-21 23:00:00+00:00,2023-06-22 01:15:00+00:00,1895.1483739999999,1923.8954714404788,0.6167138234007045,16.43422738839797,1.4704678832022275,partial_tp,1.1776285658282633,0.11687641996411681,9,1168.764199641168,1.29450498579238,17.72873237419035,11.075843922921464,0.10736966220010315
ETH/USDT:USDT,trend,long,2023-06-21 23:00:00+00:00,2023-06-22 05:45:00+00:00,1895.1483739999999,1909.0179998540775,1.8501414702021135,21.089759205231484,0.7094573430475932,stop_loss,4.103505083728496,0.46750567985646724,27,3506.2925989235046,4.5710107635849635,25.660769968816446,13.036592453773958,0.126377234795208
ETH/USDT:USDT,trend,long,2023-06-30 12:45:00+00:00,2023-06-30 14:00:00+00:00,1907.1419709999998,1891.7870848230793,3.2740332936768093,-56.49131866839585,-1.0383917993408838,stop_loss,6.218910104540484,0.0,5,6244.046308822411,6.218910104540484,-50.272408563855365,9.959743725400608,0.12845346856995235
ETH/USDT:USDT,trend,long,2023-06-30 17:15:00+00:00,2023-07-01 17:15:00+00:00,1924.317122,1917.8244800000002,1.607378223389644,-14.451950365221203,-0.21682646345545586,time_stop,3.087887371117101,0.92793163103959,96,3093.105436798633,4.015819002156691,-10.436131363064511,12.983130010314383,0.08343473283563253
ETH/USDT:USDT,trend,long,2023-07-03 07:30:00+00:00,2023-07-03 09:45:00+00:00,1969.9508079999998,1954.6855132556623,3.2740610203567257,-57.04922980119096,-1.0399613797091587,stop_loss,6.42474939924969,0.6449739152493036,9,6449.739152493035,7.069723314498993,-49.97950648669197,10.961254629602056,0.1471050782437409
ETH/USDT:USDT,trend,short,2023-07-05 13:00:00+00:00,2023-07-05 17:00:00+00:00,1897.960441,1913.4756093672565,3.197430155421866,-55.095207890581676,-1.0384083449499315,stop_loss,6.093400281453141,-0.6068595947851183,16,6068.595947851183,5.486540686668023,-49.608667203913654,9.040873265933516,0.11484423902228805
ETH/USDT:USDT,trend,long,2023-07-06 08:45:00+00:00,2023-07-06 10:30:00+00:00,1949.334625,1936.8658659910614,3.99564087033096,-57.58461385447451,-1.0488944617115314,stop_loss,7.763930756052064,0.0,7,7788.841097601276,7.763930756052064,-49.82068309842245,9.968017910190923,0.16345709180757287
ETH/USDT:USDT,trend,short,2023-07-06 12:00:00+00:00,2023-07-06 14:00:00+00:00,1907.837477,1883.8445866894074,0.7209045785467109,15.929863997421695,1.4654906685058664,partial_tp,1.3667204800535675,0.0,8,1375.3687722923053,1.3667204800535675,17.296584477475264,9.937120193413119,0.11579835964624628
ETH/USDT:USDT,trend,short,2023-07-06 12:00:00+00:00,2023-07-06 15:45:00+00:00,1907.837477,1891.813468796676,2.1627137356401325,29.85887960963658,0.9787497125206802,stop_loss,4.796463031702399,0.0,15,4126.106316876915,4.796463031702399,34.65534264133898,11.624671453771175,0.1354635809543221
ETH/USDT:USDT,trend,short,2023-07-06 23:15:00+00:00,2023-07-07 00:00:00+00:00,1857.8624740000002,1835.7428222314343,0.7847187243285928,15.908484300305759,1.4635717296328896,partial_tp,1.4492206181160325,0.0,3,1457.8994705752436,1.4492206181160325,17.357704918421792,9.940470158372534,0.1221957820255754
ETH/USDT:USDT,trend,short,2023-07-06 23:15:00+00:00,2023-07-07 01:30:00+00:00,1857.8624740000002,1848.1115936054316,2.3541561729857783,18.189721468232317,0.6451780088510616,stop_loss,5.091170599376893,-0.32579679468944966,9,4373.698411725731,4.765373804687443,22.95509527291976,10.895524464859408,0.13393603233554305
ETH/USDT:USDT,trend,long,2023-07-13 17:45:00+00:00,2023-07-14 01:00:00+00:00,1989.346625,2029.591006061812,0.43701758043789024,16.62239089325393,1.4776373787483095,partial_tp,0.8781731997287099,0.08693794487097829,29,869.3794487097829,0.9651111445996882,17.587502037853618,11.101149745740798,0.08108509661222497
ETH/USDT:USDT,trend,long,2023-07-13 17:45:00+00:00,2023-07-14 03:30:00+00:00,1989.346625,2004.5084633082251,1.3110527413136708,16.4774508425465,0.5566913547598443,stop_loss,3.052767055322917,0.34775177948391317,39,2608.138346129349,3.4005188348068303,19.87796967735333,13.038107582956352,0.09523303776802178
ETH/USDT:USDT,trend,short,2023-07-14 17:15:00+00:00,2023-07-14 18:15:00+00:00,1967.0796990000001,1944.3501948143507,0.7684989153467919,15.964634497616238,1.462479779519251,partial_tp,1.5029648154256732,0.0,4,1511.698615082194,1.5029648154256732,17.467599313041912,9.94222525859729,0.1258361617127195
ETH/USDT:USDT,trend,short,2023-07-14 17:15:00+00:00,2023-07-14 21:45:00+00:00,1967.0796990000001,1924.42144800904,2.305496746040376,93.10668792807027,2.744751007077627,stop_loss,5.241770923361964,0.0,18,4535.095845246582,5.241770923361964,98.34845885143224,11.558236258349591,0.14628959303268682
ETH/USDT:USDT,trend,short,2023-07-17 18:45:00+00:00,2023-07-17 21:15:00+00:00,1882.105199,1898.98363915467,2.9628362785167845,-55.609428406020456,-1.03492103566312,stop_loss,5.601373590989768,0.0,10,5576.369563582252,5.601373590989768,-50.00805481503069,10.044839258091518,0.1159209127282593
ETH/USDT:USDT,trend,long,2023-07-17 21:45:00+00:00,2023-07-18 06:30:00+00:00,1916.624815,1900.5736765343902,3.1033677407196647,-56.1339481642782,-1.0368419836548808,stop_loss,5.923085329275796,0.3982775190046869,35,5947.991621933795,6.321362848280483,-49.81258531599772,10.627726550538245,0.13157828194290594
ETH/USDT:USDT,trend,long,2023-07-23 05:30:00+00:00,2023-07-23 17:45:00+00:00,1876.96292,1888.098681733625,1.53052222445156,13.909044135758789,1.4273736852335839,partial_tp,2.8812552289412503,0.2532314548103013,49,2872.733463531495,3.1344866837515517,17.04353081951034,10.911164309334426,0.2625092098862756
ETH/USDT:USDT,trend,long,2023-07-23 05:30:00+00:00,2023-07-23 19:15:00+00:00,1876.96292,1893.1559144516011,4.59156667335468,63.246545117354884,2.075606026622915,stop_loss,10.091742729193129,1.0129258192412052,55,8618.200390594486,11.104668548434335,74.35121366578922,12.885136159694625,0.3100005477568365
ETH/USDT:USDT,trend,short,2023-07-24 10:00:00+00:00,2023-07-25 09:30:00+00:00,1847.1156990000002,1860.5513935479762,3.738844808575214,-55.40025520632282,-1.0433305768146035,stop_loss,6.93119593044908,-1.7649175344287464,94,6906.078942043929,5.166278396020334,-50.23397681030249,7.480769390816314,0.10730060730129687
ETH/USDT:USDT,trend,long,2023-07-27 04:45:00+00:00,2023-07-27 06:45:00+00:00,1879.983826,1872.766236070909,7.19255498716531,-65.40884302706405,-1.0844400492198667,stop_loss,13.495930587266521,0.0,8,13521.88704348642,13.495930587266521,-51.91291243979753,9.980804116957623,0.2819246107082852
ETH/USDT:USDT,trend,short,2023-08-01 02:15:00+00:00,2023-08-01 16:00:00+00:00,1825.482191,1838.8056869381905,3.7224859132486747,-56.210757397247654,-1.0431784695949364,stop_loss,6.820130003856397,-0.20589855174877994,55,6795.331740883827,6.614231452107616,-49.59652594514004,9.7334930866044,0.13911909578885395
ETH/USDT:USDT,trend,long,2023-08-01 18:30:00+00:00,2023-08-01 23:00:00+00:00,1846.713848,1861.05529971559,1.1895003276439104,14.85396520656577,1.4437765228572677,partial_tp,2.2051963080178387,0.0,18,2196.666727260547,2.2051963080178387,17.059161514583607,10.038829653362708,0.18663347873726913
ETH/USDT:USDT,trend,long,2023-08-01 18:30:00+00:00,2023-08-02 03:00:00+00:00,1846.713848,1864.7069291539049,3.5685009829317313,55.828890056197665,1.8113918074021538,stop_loss,7.720437709303754,0.659000018178164,34,6590.00018178164,8.379437727481918,64.20832778367958,12.71538315074294,0.23639371050643238
ETH/USDT:USDT,trend,long,2023-08-08 16:45:00+00:00,2023-08-08 18:15:00+00:00,1853.976026,1867.0249734472252,1.3120520474369899,14.679824725109526,1.4382467786217115,partial_tp,2.4410734899199085,0.0,6,2432.513040812394,2.4410734899199085,17.120898215029435,10.03519179122121,0.20506319465027736
ETH/USDT:USDT,trend,long,2023-08-08 16:45:00+00:00,2023-08-08 18:45:00+00:00,1853.976026,1857.1282211539904,3.9361561423109697,3.887532908139865,0.3474329668465025,stop_loss,8.51999940900195,0.0,8,7297.539122437182,8.51999940900195,12.407532317141815,11.675167842274616,0.2385751329545509
ETH/USDT:USDT,trend,short,2023-08-15 19:15:00+00:00,2023-08-15 20:30:00+00:00,1822.003235,1831.1208594707698,5.567966679597743,-60.93686586755625,-1.0640922589727904,stop_loss,10.170236617224461,0.0,5,10144.853302599295,10.170236617224461,-50.76662925033179,10.025020878930466,0.21317290937214306
ETH/USDT:USDT,trend,short,2023-08-16 20:30:00+00:00,2023-08-16 22:00:00+00:00,1803.3688270000002,1815.3584509411778,4.141846380084029,-57.153286757661135,-1.0475697380408089,stop_loss,7.494106238326001,0.0,6,7469.276648066333,7.494106238326001,-49.65918051933514,10.033242295645985,0.15808957833841977
ETH/USDT:USDT,trend,short,2023-08-17 14:45:00+00:00,2023-08-17 15:00:00+00:00,1777.9264620000001,1765.1906721315647,1.3320130371007746,14.604499035212726,1.4401367279387356,partial_tp,2.359739107319189,0.0,1,2368.221226390455,2.359739107319189,16.964238142531915,9.964183586496292,0.20032417184026427
ETH/USDT:USDT,trend,short,2023-08-17 14:45:00+00:00,2023-08-17 16:30:00+00:00,1777.9264620000001,1741.9860523030284,3.9960391113023235,135.91001744088805,4.06406705484794,stop_loss,8.216964650953928,-0.5076992665135857,7,7104.6636791713645,7.709265384440342,143.61928282532838,10.85099271770102,0.21815295863918743
ETH/USDT:USDT,trend,short,2023-08-17 21:00:00+00:00,2023-08-17 21:30:00+00:00,1711.3764330000001,1686.0746466113833,0.695598111472916,16.41824455141336,1.4706090361103341,partial_tp,1.1816302773996488,0.0,2,1190.4302148140553,1.1816302773996488,17.599874828813007,9.926077670871441,0.09873457511417319
ETH/USDT:USDT,trend,short,2023-08-17 21:00:00+00:00,2023-08-17 22:15:00+00:00,1711.3764330000001,1546.003692956514,2.086794334418748,341.10494068669715,9.611916016478975,stop_loss,3.9939563033541683,0.0,5,3571.2906444421665,3.9939563033541683,345.09889699005134,11.183509551567235,0.11124223489602693
ETH/USDT:USDT,trend,short,2023-08-18 04:30:00+00:00,2023-08-19 04:30:00+00:00,1669.4890030000001,1662.218516,1.792658772102327,10.255884567921308,0.26246214617215013,time_stop,2.986307355007315,-0.20868962492228013,96,2992.8241061563185,2.777617730085035,13.033502298006344,9.280925412126297,0.055934275685473114
ETH/USDT:USDT,trend,short,2023-08-22 21:30:00+00:00,2023-08-22 23:00:00+00:00,1606.7878190000001,1629.001888029323,2.288087426375889,-54.52961690616493,-1.0224875681683054,stop_loss,3.7018848715251575,0.0,6,3676.4710055078376,3.7018848715251575,-50.82773203463977,10.069125707721472,0.07446980434510005
ETH/USDT:USDT,trend,long,2023-08-23 07:00:00+00:00,2023-08-23 13:00:00+00:00,1646.69386,1634.5756922576834,4.251696491065083,-58.48705040092206,-1.0421856482716267,stop_loss,6.975481120786344,-0.011201988010272668,24,7001.242506420417,6.964279132776071,-51.52277126814599,9.947204551748564,0.14087114462385494
ETH/USDT:USDT,trend,long,2023-08-23 16:30:00+00:00,2023-08-23 19:45:00+00:00,1679.10358,1700.7828883824293,0.8305340284514929,16.601847962754075,1.4654983122905514,partial_tp,1.4035553621471744,0.0,13,1394.5526604847237,1.4035553621471744,18.00540332490125,10.064556197249098,0.11423837485430607
ETH/USDT:USDT,trend,long,2023-08-23 16:30:00+00:00,2023-08-23 20:00:00+00:00,1679.10358,1681.892728125396,2.491602085354479,2.0650382502597977,0.18854346265995195,stop_loss,4.884409035339333,0.0,14,4183.657981454171,4.884409035339333,6.949447285599131,11.67497213441332,0.13251750171251758
ETH/USDT:USDT,trend,short,2023-08-23 22:00:00+00:00,2023-08-24 14:30:00+00:00,1672.518094,1647.8706672516544,0.7344110629089187,16.902983691276773,1.4705142777583045,partial_tp,1.2192651197108275,-0.02090593476535494,66,1228.3157911489388,1.1983591849454727,18.101342876222247,9.756116412250588,0.09735213035823644
ETH/USDT:USDT,trend,short,2023-08-23 22:00:00+00:00,2023-08-24 16:30:00+00:00,1672.518094,1654.2670865009188,2.203233188726756,35.945946080767285,1.0888912414629326,stop_loss,4.278999656296447,-0.013720287387133656,74,3684.947373446816,4.265279368909313,40.2112254496766,11.574871868304777,0.11550071641090083
ETH/USDT:USDT,trend,long,2023-08-28 12:15:00+00:00,2023-08-28 14:00:00+00:00,1657.187007,1646.4692604343331,4.841943621300501,-59.892783313882546,-1.0483280080432742,stop_loss,7.998058695536546,0.0,7,8024.00605784572,7.998058695536546,-51.894724618346004,9.967662833100928,0.1615691961402348
ETH/USDT:USDT,trend,short,2023-09-01 17:15:00+00:00,2023-09-01 18:30:00+00:00,1602.529097,1618.3267957522137,3.213283488417755,-55.93724608486256,-1.0316968035386356,stop_loss,5.174761529376857,0.0,5,5149.380287099115,5.174761529376857,-50.7624845554857,10.049289896769384,0.10517186019721456
ETH/USDT:USDT,trend,long,2023-09-06 18:00:00+00:00,2023-09-07 14:00:00+00:00,1641.672354,1622.3834006365487,2.6020095330160165,-54.96341486724906,-1.0258939840915757,stop_loss,4.246552094930044,0.5268222387172268,80,4271.647115196844,4.77337433364727,-50.19004053360179,11.174552122214115,0.09756868017325841
ETH/USDT:USDT,trend,long,2023-09-07 21:15:00+00:00,2023-09-08 09:45:00+00:00,1646.443785,1634.843991356503,4.379112427606071,-58.57842153157756,-1.0441616565464495,stop_loss,7.184564039997326,0.5970569896769597,50,7209.962440248277,7.781621029674286,-50.79680050190328,10.792873186460488,0.15995634025526764
ETH/USDT:USDT,trend,short,2023-09-08 10:15:00+00:00,2023-09-08 20:30:00+00:00,1624.392536,1635.2587917851129,4.6604017410072585,-58.047728805295804,-1.047266650632885,stop_loss,7.595642361543181,-0.18903093541725427,41,7570.321802853596,7.406611426125926,-50.64111737916988,9.783747136527328,0.15316994454724853
ETH/USDT:USDT,trend,short,2023-09-11 09:30:00+00:00,2023-09-11 10:15:00+00:00,1592.961968,1577.9970943036644,1.1675298328263988,15.62084183299555,1.4540173785459003,partial_tp,1.851094651955376,0.0,3,1859.8306201978512,1.851094651955376,17.471936484950927,9.953028151340224,0.15404839615773427
ETH/USDT:USDT,trend,short,2023-09-11 09:30:00+00:00,2023-09-11 10:45:00+00:00,1592.961968,1589.314470480901,3.502589498479196,6.272667178685778,0.3543982320593653,stop_loss,6.503019327439417,0.0,5,5579.491860593554,6.503019327439417,12.775686506125195,11.655217876323986,0.18039410653881205
ETH/USDT:USDT,trend,short,2023-09-11 15:00:00+00:00,2023-09-11 20:00:00+00:00,1556.9827650000002,1530.1319686989914,0.6615059789635162,16.740889866004668,1.4747945629248984,partial_tp,1.021072427044123,0.0,20,1029.9534081906475,1.021072427044123,17.76196229304879,9.913772981613546,0.08478072630221328
ETH/USDT:USDT,trend,short,2023-09-11 15:00:00+00:00,2023-09-11 22:30:00+00:00,1556.9827650000002,1548.7398314614804,1.9845179368905486,12.761591655851781,0.4527475993217938,stop_loss,3.5966578039373713,0.0,30,3089.860224571942,3.5966578039373713,16.358249459789153,11.6401958099436,0.09954477038129413
ETH/USDT:USDT,trend,long,2023-09-12 03:30:00+00:00,2023-09-12 10:15:00+00:00,1583.3448609999998,1603.5803293233691,0.8746980632306639,16.34311828453026,1.4651571844522555,partial_tp,1.3937986458184328,-0.03699197933208952,27,1384.9486833429246,1.3568066664863434,17.6999249510166,9.796801013676165,0.11231319007378068
ETH/USDT:USDT,trend,long,2023-09-12 03:30:00+00:00,2023-09-12 10:30:00+00:00,1583.3448609999998,1606.973492859193,2.624094189691992,57.27340121992176,1.7108405485873048,stop_loss,4.878322269486277,-0.14796791732835807,28,4154.846050028774,4.730354352157919,62.003755572079676,11.38514952226728,0.1305224491676183
ETH/USDT:USDT,trend,short,2023-09-12 17:30:00+00:00,2023-09-12 19:15:00+00:00,1589.233087,1605.9501627288835,2.9990165076387605,-54.925989725802474,-1.0296660084279987,stop_loss,4.7912036554338915,0.0,7,4766.136262398707,4.7912036554338915,-50.134786070368584,10.052594788850138,0.09840152776421297
ETH/USDT:USDT,trend,long,2023-09-14 01:00:00+00:00,2023-09-14 02:15:00+00:00,1629.568724,1617.685421445851,4.2477925794789675,-57.37463544057093,-1.042591471792455,stop_loss,6.896831031353601,0.0,5,6922.069933558209,6.896831031353601,-50.47780440921733,9.963538504454787,0.1424502769056614
ETH/USDT:USDT,trend,long,2023-09-18 10:45:00+00:00,2023-09-18 12:15:00+00:00,1648.144295,1662.6904578497542,1.199612465871466,15.463898964182007,1.450253952589742,partial_tp,1.98585932097952,0.0,6,1977.134441836939,1.98585932097952,17.44975828516153,10.044128911812768,0.16504528501043766
ETH/USDT:USDT,trend,long,2023-09-18 10:45:00+00:00,2023-09-18 14:00:00+00:00,1648.144295,1651.4799247962123,3.598837397614398,5.0784165141487865,0.33256263842905737,stop_loss,6.92597274105689,0.0,13,5931.403325510817,6.92597274105689,12.004389255205677,11.676786016672404,0.1918731323590478
ETH/USDT:USDT,trend,short,2023-09-18 17:30:00+00:00,2023-09-19 09:15:00+00:00,1639.028144,1652.40472875048,3.744391087284689,-56.32903104218365,-1.0384731220388284,stop_loss,6.162205956561369,0.07966036761714672,63,6137.162374202367,6.241866324178516,-50.087164718005134,10.1706064522853,0.12941460043731642
ETH/USDT:USDT,trend,short,2023-09-21 11:00:00+00:00,2023-09-21 13:30:00+00:00,1594.5115030000002,1575.7696318907867,0.9358167136713217,16.055555192941764,1.4631067612070363,partial_tp,1.4834010365338421,0.0,10,1492.17051464858,1.4834010365338421,17.538956229475605,9.941230053612184,0.12374590926264498
ETH/USDT:USDT,trend,short,2023-09-21 11:00:00+00:00,2023-09-21 14:15:00+00:00,1594.5115030000002,1583.5408522936514,2.807450141013965,25.59235784872016,0.8564370723587443,stop_loss,5.2071970238337535,0.0,13,4476.51154394574,5.2071970238337535,30.799554872553912,11.632265376096772,0.1447954878809439
ETH/USDT:USDT,trend,long,2023-09-22 01:30:00+00:00,2023-09-23 01:30:00+00:00,1592.197516,1595.841104,5.513436852763864,10.492108421228027,0.41714011293757775,time_stop,8.788524807771228,0.80805912648968,96,8778.480461593483,9.596583934260908,20.088692355488934,10.931942010062778,0.19927230878513336
ETH/USDT:USDT,trend,long,2023-09-25 15:30:00+00:00,2023-09-26 15:30:00+00:00,1587.125995,1578.2329228297692,5.726091731843393,-61.18100852952314,-1.056252057570871,stop_loss,9.062567763850897,1.195893741026626,96,9088.02903736322,10.258461504877523,-50.92254702464562,11.287883723415007,0.21278435005998925
ETH/USDT:USDT,trend,long,2023-09-27 10:00:00+00:00,2023-09-27 11:30:00+00:00,1614.774287,1626.0741152137116,1.52397105369069,14.751131532187198,1.4379058743772921,partial_tp,2.4694795771867097,0.0,6,2460.869271632023,2.4694795771867097,17.22061110937391,10.03498887833638,0.20619937167959315
ETH/USDT:USDT,trend,long,2023-09-27 10:00:00+00:00,2023-09-27 12:30:00+00:00,1614.774287,1621.296331318424,4.57191316107207,21.190268695658364,0.8299317176372122,stop_loss,8.627951560840328,0.0,10,7382.607814896068,8.627951560840328,29.81822025649869,11.686861576787946,0.24014212105829055
ETH/USDT:USDT,trend,long,2023-09-28 10:45:00+00:00,2023-09-28 12:30:00+00:00,1632.0994829999997,1621.568787646748,4.787338364773929,-58.2022073415261,-1.0484481090068851,stop_loss,7.78820546915741,0.0,7,7813.4124700935945,7.78820546915741,-50.41400187236869,9.967738806785555,0.1619694726351529
ETH/USDT:USDT,trend,long,2023-09-28 14:45:00+00:00,2023-09-28 16:00:00+00:00,1639.2416249999999,1658.6590233291213,0.8999443303922491,15.990614041930375,1.462509912272444,partial_tp,1.4839634953303578,0.0,5,1475.2262065617272,1.4839634953303578,17.474577537260732,10.059226773018047,0.1241982140480017
ETH/USDT:USDT,trend,long,2023-09-28 14:45:00+00:00,2023-09-28 18:45:00+00:00,1639.2416249999999,1647.9524186407614,2.699832991176747,18.243546539374368,0.6560931504539981,stop_loss,5.175050566991375,0.09909094429475122,16,4425.678619685182,5.2741415112861265,23.517688050660496,11.917136250759437,0.14713725739647024
ETH/USDT:USDT,trend,short,2023-09-29 14:15:00+00:00,2023-09-30 06:00:00+00:00,1662.511097,1673.731863426711,4.474808242701326,-57.60693359042591,-1.046830716811923,stop_loss,7.464523749485861,-0.06836825473242544,63,7439.418360438024,7.396155494753435,-50.210778095672474,9.94184644069131,0.15420041377316335
ETH/USDT:USDT,trend,long,2023-10-02 08:30:00+00:00,2023-10-02 11:45:00+00:00,1736.1206799999998,1723.5703345641127,3.9621089001468617,-56.57967163172688,-1.0429835573839223,stop_loss,6.853836280281298,0.0,13,6878.69919795702,6.853836280281298,-49.72583535144558,9.963855204363194,0.14375703283438085
ETH/USDT:USDT,trend,short,2023-10-02 14:15:00+00:00,2023-10-02 15:45:00+00:00,1710.4067240000002,1689.9752408405745,0.8488077457488418,15.899265887726814,1.4636904657803331,partial_tp,1.4431352751306727,0.0,6,1451.8064757121015,1.4431352751306727,17.342401162857488,9.940273027249203,0.12179993549935861
ETH/USDT:USDT,trend,short,2023-10-02 14:15:00+00:00,2023-10-02 18:45:00+00:00,1710.4067240000002,1648.557830907266,2.5464232372465254,152.76840995950394,4.430791168341551,stop_loss,5.002575935707698,-0.27752732589712537,18,4355.419427136305,4.725048609810573,157.49345856931453,10.848664953761524,0.13293062353519391
ETH/USDT:USDT,trend,short,2023-10-09 09:45:00+00:00,2023-10-09 16:00:00+00:00,1591.102526,1574.004673438979,1.029536337978077,15.97356407525342,1.4596987359847975,partial_tp,1.629296437709227,0.0,25,1638.097867965708,1.629296437709227,17.602860512962646,9.946270424810386,0.13510769734937902
ETH/USDT:USDT,trend,short,2023-10-09 09:45:00+00:00,2023-10-09 16:15:00+00:00,1591.102526,1573.7543439050626,3.0886090139342315,48.068577385026146,1.4810701744700239,stop_loss,5.706551662083081,-0.19337745331335188,26,4914.293603897125,5.513174208769729,53.58175159379587,11.218650437160857,0.15239139528636975
ETH/USDT:USDT,trend,short,2023-10-11 02:45:00+00:00,2023-10-11 09:15:00+00:00,1558.2323900000001,1569.739656553244,4.399695678576615,-57.13987152549063,-1.0426567539195888,stop_loss,6.88106254796438,-0.3696619490100599,26,6855.748312501111,6.51140059895432,-50.628470926536316,9.497724102679076,0.1340975875377923
ETH/USDT:USDT,trend,short,2023-10-12 16:30:00+00:00,2023-10-13 07:30:00+00:00,1534.489515,1550.0664734615195,3.1942317908683675,-54.50194341178154,-1.03076218097861,stop_loss,4.926393399528594,-0.18086591056882903,60,4901.515191567182,4.745527488959765,-49.75641592282177,9.681756158022756,0.09830913609214617
ETH/USDT:USDT,trend,long,2023-10-16 13:30:00+00:00,2023-10-17 13:00:00+00:00,1589.766787,1568.4743331351883,2.3052300248657462,-53.1979493012576,-1.022605354725275,stop_loss,3.6402361279506312,0.47370922107433144,94,3664.7781299267476,4.113945349024963,-49.084003952232635,11.225632775502275,0.08570903357953769
ETH/USDT:USDT,trend,short,2023-10-17 19:00:00+00:00,2023-10-18 01:15:00+00:00,1555.573188,1568.5735185246324,3.809526172427184,-55.123439678215604,-1.0375446684617766,stop_loss,5.950759322503888,-0.35241902807912917,25,5925.996772811993,5.598340294424759,-49.525099383790845,9.447086303032604,0.11728453242874713
ETH/USDT:USDT,trend,long,2023-10-20 03:00:00+00:00,2023-10-20 08:15:00+00:00,1584.245131,1597.927982007087,1.2566051535021652,15.194573523537496,1.4492116636248555,partial_tp,1.9993675665703665,0.0,21,1990.7705960253127,1.9993675665703665,17.193941090107863,10.043184134637203,0.16851906041565035
ETH/USDT:USDT,trend,long,2023-10-20 03:00:00+00:00,2023-10-20 12:15:00+00:00,1584.245131,1611.2274232354814,3.7698154605064955,94.69970621191935,2.857814690720577,stop_loss,7.018556217303206,0.0,37,5972.311788075938,7.018556217303206,101.71826242922255,11.751824865065073,0.19718910435983786
ETH/USDT:USDT,trend,long,2023-10-21 17:45:00+00:00,2023-10-21 19:15:00+00:00,1638.29134,1626.851529594827,4.38354189895474,-57.30333351464501,-1.0445781019373432,stop_loss,7.1564452874711195,0.0,6,7181.518731584706,7.1564452874711195,-50.14688822717389,9.965086153708251,0.14907138407352213
ETH/USDT:USDT,trend,long,2023-10-22 06:00:00+00:00,2023-10-22 07:30:00+00:00,1643.622939,1632.7834672203821,4.610886059799026,-57.53313763656425,-1.0473435934385675,stop_loss,7.553568312338893,0.0,6,7578.558097001005,7.553568312338893,-49.97956932422535,9.967025673825736,0.1582883063318859
ETH/USDT:USDT,trend,long,2023-10-22 23:00:00+00:00,2023-10-23 01:15:00+00:00,1665.419476,1684.354586957959,0.914954939821928,15.65119429059155,1.460999751532449,partial_tp,1.5324461630953774,0.14113285337404385,9,1523.7837764418468,1.6735790164694213,17.32477330706097,10.98304787295582,0.14113307481115547
ETH/USDT:USDT,trend,long,2023-10-22 23:00:00+00:00,2023-10-23 06:45:00+00:00,1665.419476,1683.5581247633138,2.744864819465784,43.86547016259234,1.3995461339082724,stop_loss,5.358137286977998,0.5645314134961754,31,4571.35132932554,5.922668700474174,49.788138863066514,12.956056697020502,0.1664864016099442
ETH/USDT:USDT,trend,short,2023-10-23 09:45:00+00:00,2023-10-23 14:45:00+00:00,1669.788913,1684.616109761405,3.332660052495879,-55.00355214685434,-1.0352768154313514,stop_loss,5.589545809624232,0.0,20,5564.838806455617,5.589545809624232,-49.414006337230106,10.04439841660814,0.117107023178882
ETH/USDT:USDT,trend,long,2023-10-23 22:30:00+00:00,2023-10-23 23:00:00+00:00,1750.484988,1794.7299041783413,0.39737197853759854,16.877305353994764,1.481960523915569,partial_tp,0.7043845280229333,0.0,2,695.5936830819244,0.7043845280229333,17.5816898820177,10.126379022047178,0.05937256721008044
ETH/USDT:USDT,trend,long,2023-10-23 22:30:00+00:00,2023-10-24 05:45:00+00:00,1750.484988,1806.6075337822992,1.1921159356127955,64.22787288793927,1.879795568281033,stop_loss,2.4680301813738543,0.2086781049245773,29,2086.781049245773,2.6767082862984317,66.9045811742377,12.826972370991564,0.0752065745850959
ETH/USDT:USDT,trend,short,2023-10-24 15:30:00+00:00,2023-10-24 23:00:00+00:00,1766.0700199999999,1795.5757533848064,1.6522379468963564,-51.40103870908665,-1.0185903628839474,stop_loss,2.9423431500946986,-0.2917967903920007,30,2917.967903920007,2.650546359702698,-48.75049234938395,9.083535004418474,0.055380383833280686
ETH/USDT:USDT,trend,short,2023-10-30 17:15:00+00:00,2023-10-30 21:30:00+00:00,1794.5414759999999,1814.723290027695,2.424116733116311,-53.2977126459645,-1.0277149351607262,stop_loss,4.3746395567874305,0.0,17,4350.178020242843,4.3746395567874305,-48.92307308917707,10.056231116130787,0.09189697467001386
ETH/USDT:USDT,trend,long,2023-11-02 01:30:00+00:00,2023-11-02 05:15:00+00:00,1866.369743,1844.3981420556543,2.2101500991238012,-52.661213009544866,-1.025841932237127,stop_loss,4.100677004490587,0.0,15,4124.957272493113,4.100677004490587,-48.56053600505428,9.941138134534297,0.08662685315765753
ETH/USDT:USDT,trend,short,2023-11-02 16:30:00+00:00,2023-11-03 16:00:00+00:00,1797.320642,1817.9283991059735,2.3463598770083727,-51.75111986821119,-1.0271757662189103,stop_loss,4.241337647722025,-0.8434322081015458,94,4217.161040507729,3.3979054396204793,-48.35321442859071,8.05732910596031,0.0721822978002022
ETH/USDT:USDT,trend,long,2023-11-05 04:00:00+00:00,2023-11-05 13:45:00+00:00,1883.244804,1867.032814043091,2.9910586296391424,-54.662952143003174,-1.035796590592883,stop_loss,5.608650116495157,0.5632895622727275,39,5632.895622727275,6.171939678767885,-48.49101246423529,10.956957295401866,0.1318362672119456
ETH/USDT:USDT,trend,short,2023-11-05 14:00:00+00:00,2023-11-05 17:00:00+00:00,1874.73741,1892.61927666606,2.6880673684577716,-52.627174513907896,-1.0327831387480884,stop_loss,5.063454287384113,-0.5039420456248038,12,5039.420456248038,4.559512241759309,-48.06766227214859,9.047691656897326,0.09796580781364518
ETH/USDT:USDT,trend,long,2023-11-09 15:00:00+00:00,2023-11-09 16:15:00+00:00,2037.150962,2003.0417795311812,1.3811213424362356,-51.90022624286103,-1.017938738637924,stop_loss,2.7899982114423403,2.001308150681235,5,2813.552671382709,4.791306362123575,-47.10891988073745,17.029382143284728,0.10353148335889169
ETH/USDT:USDT,trend,long,2023-11-09 21:30:00+00:00,2023-11-09 23:30:00+00:00,2065.7995539999997,2126.273114728988,0.282388353245671,16.48513298035675,1.4843383334619995,partial_tp,0.5918962488042822,0.0,8,583.3577341897015,0.5918962488042822,17.07702922916103,10.14636841365343,0.051447724293420344
ETH/USDT:USDT,trend,long,2023-11-09 21:30:00+00:00,2023-11-10 08:00:00+00:00,2065.7995539999997,2100.6347778825548,0.8471650597370131,26.972969210485168,0.8550390871695679,stop_loss,2.0565076619246643,0.4817076490071461,42,1750.0732025691048,2.53821531093181,29.51118452141698,14.503480809863918,0.07354070457334358
ETH/USDT:USDT,trend,short,2023-11-11 01:30:00+00:00,2023-11-11 14:15:00+00:00,2058.3723029999996,2082.2295532882426,1.9901427825777962,-51.051791954217705,-1.0268793413217605,stop_loss,4.1201944499101355,-0.5477369689912718,51,4096.454782673486,3.572457480918864,-47.47933447329884,8.720851737529387,0.07726483164942043
ETH/USDT:USDT,trend,short,2023-11-14 18:15:00+00:00,2023-11-14 18:45:00+00:00,2015.7850830000002,1981.8213158272852,0.49895561253450166,15.949098178941881,1.4742013821100783,partial_tp,0.9973140746993558,0.0,2,1005.7872808261764,0.9973140746993558,16.94641225364124,9.915755485395874,0.08675829227532907
ETH/USDT:USDT,trend,short,2023-11-14 18:15:00+00:00,2023-11-14 19:30:00+00:00,2015.7850830000002,1965.6018745232568,1.496866837603505,71.63488388077538,2.17820817457981,stop_loss,3.482696692604928,0.0,5,3017.361842478529,3.482696692604928,75.11758057338031,11.542191074253667,0.10098885437349155
ETH/USDT:USDT,trend,long,2023-11-15 18:15:00+00:00,2023-11-16 00:45:00+00:00,2031.199177,2065.6619697994997,0.4961763703221621,15.982457292149581,1.4734961267342905,partial_tp,1.016382846766433,0.10078330350452229,26,1007.8330350452229,1.1171661502709553,17.099623442420537,11.08483361255197,0.09626761670430631
ETH/USDT:USDT,trend,long,2023-11-15 18:15:00+00:00,2023-11-16 03:00:00+00:00,2031.199177,2054.259922133191,1.4885291109664864,30.378878319431756,0.9859885364211417,stop_loss,3.544578917883947,0.40313321401808916,35,3023.4991051356687,3.947712131902036,34.32659045133379,13.056766331422137,0.11339311175295684
ETH/USDT:USDT,trend,long,2023-11-17 22:30:00+00:00,2023-11-18 05:00:00+00:00,1955.6965329999998,1935.3421559035592,2.3592564934017926,-53.072574454823375,-1.0293713270963791,stop_loss,4.58997914643666,0.4613989744603623,26,4613.989744603623,5.051378120897022,-48.021196333926355,10.947961310067832,0.10828018035651958
ETH/USDT:USDT,trend,long,2023-11-20 08:00:00+00:00,2023-11-20 09:45:00+00:00,2015.594497,2036.2505421156957,0.8179116568619622,15.237794440148539,1.4569011494143607,partial_tp,1.6570256446455205,0.0,7,1648.5782346031233,1.6570256446455205,16.89482008479406,10.051240577274944,0.14289128586021033
ETH/USDT:USDT,trend,long,2023-11-20 08:00:00+00:00,2023-11-20 11:30:00+00:00,2015.594497,2021.9181284404722,2.4537349705858866,9.73873352766864,0.4460149976674936,stop_loss,5.777782078914223,0.0,14,4945.73470380937,5.777782078914223,15.516515606582862,11.682353431663008,0.16607964866525407
ETH/USDT:USDT,trend,short,2023-11-21 22:30:00+00:00,2023-11-22 04:00:00+00:00,1954.453488,1983.2910292186377,1.6468135552880911,-50.41055725441816,-1.0210605991899506,stop_loss,3.242365524108507,-0.3218620497218491,22,3218.620497218491,2.920503474386658,-47.4900537800315,9.07377392553902,0.06279232786945048
ETH/USDT:USDT,trend,long,2023-11-22 19:00:00+00:00,2023-11-23 11:15:00+00:00,2075.5724849999997,2050.9186391335356,1.924358082504226,-52.21207976896429,-1.0256032264026225,stop_loss,3.970423273554159,0.7988289374666262,65,3994.1446873331306,4.769252211020786,-47.4428275579435,11.94060952810698,0.10310010399731714
ETH/USDT:USDT,trend,short,2023-11-27 16:00:00+00:00,2023-11-27 23:00:00+00:00,2006.79778,2026.1913471894509,2.448507692707222,-52.422700903668584,-1.0323474178806804,stop_loss,4.937402451263978,0.0,28,4913.659802037776,4.937402451263978,-47.48529845240461,10.048319684680562,0.10734089997789613
ETH/USDT:USDT,trend,long,2023-11-27 23:15:00+00:00,2023-11-28 05:00:00+00:00,2028.1182529999999,2012.0686734549834,2.961021993959517,-54.1052294764155,-1.0390917019706924,stop_loss,5.981541174470454,0.6005302753483752,23,6005.302753483752,6.582071449818829,-47.523158026596676,10.960432337904175,0.14391669470823562
ETH/USDT:USDT,trend,long,2023-12-01 07:15:00+00:00,2023-12-01 11:00:00+00:00,2101.400231,2087.6021240804826,3.4517165184758816,-55.58212167920501,-1.0475619328093058,stop_loss,7.229624312482836,0.7253437889271733,15,7253.437889271733,7.954968101410009,-47.627153577795,10.967169255251887,0.17496997266774836
ETH/USDT:USDT,trend,short,2023-12-01 14:00:00+00:00,2023-12-01 16:15:00+00:00,2074.607431,2089.0414955976717,3.272621385351773,-53.371311274539714,-1.0453755329701597,stop_loss,6.813023259140248,-0.6789404644900303,9,6789.404644900303,6.134082794650218,-47.237228479889495,9.03478745998397,0.13574928667693836
ETH/USDT:USDT,trend,long,2023-12-01 16:30:00+00:00,2023-12-01 19:15:00+00:00,2100.680015,2083.0901893455634,2.647849073718153,-52.114199596076446,-1.036847936215961,stop_loss,5.538996030113004,0.0,11,5562.283631895985,5.538996030113004,-46.57520356596344,9.958133019953456,0.12330803008509127
ETH/USDT:USDT,trend,long,2023-12-04 05:15:00+00:00,2023-12-04 10:45:00+00:00,2238.6013789999997,2271.105693237206,0.5046513378105698,15.152459492778558,1.4691945741716668,partial_tp,1.1379148535691472,0.11297131807369364,22,1129.7131807369362,1.2508861716428408,16.403345664421398,11.072599602908596,0.11203782532426779
ETH/USDT:USDT,trend,long,2023-12-04 05:15:00+00:00,2023-12-04 11:00:00+00:00,2238.6013789999997,2244.4372603232723,1.5139540134317095,4.424956918429999,0.2637817587256606,stop_loss,3.958413760554917,0.45188527229477454,23,3389.139542210809,4.410299032849691,8.83525595127969,13.013034659448568,0.13167206946875967
ETH/USDT:USDT,trend,short,2023-12-04 11:15:00+00:00,2023-12-05 11:15:00+00:00,2228.441267,2204.46114,1.551208692908947,34.79703632468549,0.8311085048459571,time_stop,3.4381783742776975,-1.0370332395022284,96,3456.777465007428,2.401145134775469,37.19818145946096,6.946195290503924,0.05364811032647462
ETH/USDT:USDT,trend,long,2023-12-05 18:00:00+00:00,2023-12-05 19:15:00+00:00,2302.130432,2266.5765559279757,1.2884006274544961,-48.750798714586445,-1.0195040112856262,stop_loss,2.9431624749510723,0.0,5,2966.06629307089,2.9431624749510723,-45.80763623963537,9.922780491544225,0.06550361894643429
ETH/USDT:USDT,trend,long,2023-12-07 21:30:00+00:00,2023-12-08 13:30:00+00:00,2371.241159,2342.7791282789863,1.6098405624602952,-50.953316085022216,-1.0253267410462445,stop_loss,3.794410535361223,1.3395740049817897,64,3817.3202011335625,5.133984540343013,-45.8193315446792,13.449184951313395,0.11488626001011554
ETH/USDT:USDT,trend,short,2023-12-11 14:00:00+00:00,2023-12-11 15:45:00+00:00,2230.3606910000003,2204.843276729166,0.6364834959868273,14.829945980247288,1.4621110639888701,partial_tp,1.4114670633974535,0.0,7,1419.587769919276,1.4114670633974535,16.24141304364474,9.942795319219435,0.12706539783844917
ETH/USDT:USDT,trend,short,2023-12-11 14:00:00+00:00,2023-12-11 20:45:00+00:00,2230.3606910000003,2199.4540843967925,1.909450487960482,54.50146151348599,1.7709040181454185,stop_loss,4.9390498771876175,-0.42587633097578287,27,4258.763309757828,4.513173546211835,59.014635059697824,10.597380549116437,0.13543076491940048
ETH/USDT:USDT,trend,short,2023-12-12 17:15:00+00:00,2023-12-12 23:15:00+00:00,2176.776771,2199.538798279008,2.026001976015286,-50.549124240897285,-1.0298458460882651,stop_loss,4.433211995512866,0.0,24,4410.154039390173,4.433211995512866,-46.11591224538442,10.052283788540596,0.09900107655063337
ETH/USDT:USDT,trend,long,2023-12-12 23:30:00+00:00,2023-12-13 01:15:00+00:00,2206.16165,2184.4410517560486,2.11376881853796,-51.15019347204289,-1.0311192413291055,stop_loss,4.64035954278023,0.59751064120788,7,4663.315704424256,5.23787018398811,-45.912323288054786,11.232072876856169,0.11763440278134067
ETH/USDT:USDT,trend,long,2023-12-13 19:15:00+00:00,2023-12-13 21:45:00+00:00,2236.7508239999997,2267.229961251428,0.532794022381981,15.039255115268306,1.4672472500710656,partial_tp,1.1998470196526307,0.0,10,1191.7274685851703,1.1998470196526307,16.239102134920937,10.068132616571305,0.10840945672147269
ETH/USDT:USDT,trend,long,2023-12-13 19:15:00+00:00,2023-12-14 00:15:00+00:00,2236.7508239999997,2254.67907196759,1.598382067145943,24.113297571095053,0.8630550239018465,stop_loss,4.1853742350714676,0.3575182405755511,20,3575.182405755511,4.542892475647019,28.656190046742072,12.706743209335666,0.13682091610077135
ETH/USDT:USDT,trend,long,2023-12-14 11:45:00+00:00,2023-12-14 13:00:00+00:00,2309.262571,2290.3862457897158,2.4447023312215013,-51.76938233908061,-1.0377877811703207,stop_loss,5.622386092603019,0.0,5,5645.459590726258,5.622386092603019,-46.146996246477585,9.959129105872723,0.1264403766771869
ETH/USDT:USDT,trend,short,2023-12-18 01:45:00+00:00,2023-12-18 10:15:00+00:00,2170.3786910000003,2138.4808355048594,0.5094759723803663,15.153560746677089,1.470434812452949,partial_tp,1.0976301985582342,0.0,34,1105.7557940308518,1.0976301985582342,16.251190945235322,9.926515461040479,0.09931540775064711
ETH/USDT:USDT,trend,short,2023-12-18 01:45:00+00:00,2023-12-18 11:15:00+00:00,2170.3786910000003,2149.558918092149,1.528427917141099,27.967287622860663,0.9597547670793478,stop_loss,3.854234518037533,0.0,38,3317.2673820925556,3.854234518037533,31.821522140898196,11.618703209887936,0.11624585196614617
ETH/USDT:USDT,trend,long,2023-12-18 14:45:00+00:00,2023-12-18 21:00:00+00:00,2170.971096,2202.034503087714,0.5251129313406415,15.049635359196314,1.4687553224257042,partial_tp,1.1481608944529937,0.11400049960763654,25,1140.0049960763654,1.2621613940606302,16.311796753256942,11.071542654678698,0.11364819543356874
ETH/USDT:USDT,trend,long,2023-12-18 14:45:00+00:00,2023-12-19 11:45:00+00:00,2170.971096,2235.8165868879264,1.5753387940219246,96.97251812209512,3.066056456975704,stop_loss,4.041094294973852,1.1400049960763654,84,3420.014988229096,5.181099291050217,102.15361741314534,15.14934673936333,0.1555064160998823
ETH/USDT:USDT,trend,short,2023-12-19 15:00:00+00:00,2023-12-19 17:00:00+00:00,2193.691695,2164.421671836652,0.5638139670288808,15.397948683395217,1.4674557103814518,partial_tp,1.2285825930588823,-0.12368340169962597,8,1236.8340169962596,1.1048991913592563,16.502847874754472,8.93328592338189,0.09824914100046576
ETH/USDT:USDT,trend,short,2023-12-19 15:00:00+00:00,2023-12-19 18:30:00+00:00,2193.691695,2169.2385822944298,1.6914419010866424,37.54751449922831,1.2259593945700769,stop_loss,4.308238549765811,-0.49473360679850387,14,3710.502050988779,3.813504942967307,41.36101944219562,10.277598261806862,0.11303401787772799
ETH/USDT:USDT,trend,long,2023-12-22 15:00:00+00:00,2023-12-23 01:45:00+00:00,2331.7293090000003,2300.7886895659703,1.495802677310178,-52.17606655559527,-1.02282445388004,stop_loss,3.464666412471283,2.4303387560666727,43,3487.806943164812,5.895005168537956,-46.28106138705731,16.90175306316946,0.1302812697337153
ETH/USDT:USDT,trend,short,2023-12-26 16:00:00+00:00,2023-12-26 17:30:00+00:00,2225.392182,2199.696811605969,0.640114887591091,15.031706459525413,1.4624525276347236,partial_tp,1.4162826718613295,0.0,6,1424.5066664270228,1.4162826718613295,16.44798913138674,9.942267770593725,0.12592701495384762
ETH/USDT:USDT,trend,short,2023-12-26 16:00:00+00:00,2023-12-26 18:00:00+00:00,2225.392182,2210.134924911509,1.9203446627732732,24.328068482057756,0.868367096938963,stop_loss,4.971123736385358,0.0,8,4273.5199992810685,4.971123736385358,29.299192218443114,11.63238673791546,0.14733376453880634
ETH/USDT:USDT,trend,long,2023-12-26 22:15:00+00:00,2023-12-27 03:30:00+00:00,2230.1188349999998,2213.842690249934,2.8942360037537505,-55.57304162869802,-1.0425545053115306,stop_loss,6.430936722837394,2.0351007679129784,21,6454.490224906369,8.466037490750374,-47.10700413794765,13.11650834651808,0.18736715886816466
ETH/USDT:USDT,trend,long,2023-12-27 10:30:00+00:00,2023-12-27 13:30:00+00:00,2278.493343,2301.7326250390506,0.7037139075389252,14.742221615409397,1.4567032964138935,partial_tp,1.6115843566900083,0.0,12,1603.4074537039585,1.6115843566900083,16.353805972099405,10.050997037385356,0.14355069693529135
ETH/USDT:USDT,trend,long,2023-12-27 10:30:00+00:00,2023-12-27 18:00:00+00:00,2278.493343,2341.2457807067153,2.1111417226167752,124.44065138882871,3.933498578474774,stop_loss,5.678165732683134,2.3604723170448194,30,4810.222361111875,8.038638049727954,132.47928943855666,16.711572659750882,0.23867860007011396
ETH/USDT:USDT,trend,long,2023-12-27 23:15:00+00:00,2023-12-28 00:30:00+00:00,2377.2729679999998,2413.8204206022538,0.4588144576039821,15.372023226749024,1.4708480758832723,partial_tp,1.0991114572107838,0.2973649585506072,5,1090.7272073895285,1.396476415761391,16.768499642510413,12.803168439371944,0.12249185633351663
ETH/USDT:USDT,trend,long,2023-12-27 23:15:00+00:00,2023-12-28 01:45:00+00:00,2377.2729679999998,2412.3724662296695,1.3764433728119463,43.28131043132414,1.4125753167375092,stop_loss,3.8417014617269767,1.1894598342024287,10,3272.181622168586,5.031161295929405,48.312471727253545,15.375556362287384,0.14710268398761944
ETH/USDT:USDT,trend,long,2024-01-02 00:00:00+00:00,2024-01-02 00:15:00+00:00,2360.2878739999996,2383.9454319932265,0.7061442563083287,15.030592145391454,1.4559718007556952,partial_tp,1.6750565498068952,0.0,1,1666.7037254592958,1.6750565498068952,16.70564869519835,10.050115831746268,0.14598865004810943
ETH/USDT:USDT,trend,long,2024-01-02 00:00:00+00:00,2024-01-02 03:00:00+00:00,2360.2878739999996,2374.5215175274466,2.118432768924986,24.3044773221982,0.8759899734327923,stop_loss,5.848539547542407,0.0,12,5000.111176377888,5.848539547542407,30.153016869740604,11.696819013090677,0.16990876982573655
ETH/USDT:USDT,trend,long,2024-01-02 08:30:00+00:00,2024-01-02 10:00:00+00:00,2430.8490359999996,2409.707126909436,2.2573436549883383,-53.18795371040359,-1.0354149011992047,stop_loss,5.463399370479156,0.0,6,5487.261647649118,5.463399370479156,-47.72455433992444,9.956513323580651,0.11853196321341342
ETH/USDT:USDT,trend,short,2024-01-02 15:00:00+00:00,2024-01-03 11:45:00+00:00,2363.4207610000003,2327.986537176151,0.47560759842201983,17.049189187514617,1.4710155024736953,partial_tp,1.115634479152548,-1.312037571857951,83,1124.0608721999527,-0.1964030927054028,16.852786094809215,-1.7472638498750785,-0.017143277822318823
ETH/USDT:USDT,trend,short,2024-01-02 15:00:00+00:00,2024-01-03 12:15:00+00:00,2363.4207610000003,2130.3396844118474,1.4268227952660595,334.0456131524734,9.676122121339208,stop_loss,3.767930356089269,-5.248150287431804,85,3372.1826165998577,-1.4802199313425346,332.5653932211308,-4.38950110250858,-0.04306758644783925
ETH/USDT:USDT,trend,long,2024-01-04 15:00:00+00:00,2024-01-05 01:45:00+00:00,2270.5709669999997,2246.5710422775887,2.0398801919914678,-54.027354579110735,-1.0289025446681526,stop_loss,4.607214254568946,0.46316927400942126,43,4631.692740094212,5.070383528578367,-48.95697105053237,10.94715002289904,0.10656154584426723
ETH/USDT:USDT,trend,long,2024-01-08 06:30:00+00:00,2024-01-08 12:00:00+00:00,2223.946984,2254.408308670493,0.5697840505224625,15.953812293796002,1.4674098188725537,partial_tp,1.275847709168251,0.1267169520690734,22,1267.169520690734,1.4025646612373244,17.356376955033326,11.06848482650361,0.11858103571013133
ETH/USDT:USDT,trend,long,2024-01-08 06:30:00+00:00,2024-01-08 23:00:00+00:00,2223.946984,2326.621164211317,1.7093521515673875,170.09646570230396,4.946111235035075,stop_loss,4.522846487844886,0.8870186644835139,66,3801.5085620722025,5.4098651523284,175.50633085463235,14.230837742423713,0.15246056754567486
ETH/USDT:USDT,trend,long,2024-01-09 21:15:00+00:00,2024-01-09 21:30:00+00:00,2291.517249,2348.8648259875677,0.31162673225776405,17.148004468308315,1.4817870494369878,partial_tp,0.7230335512279392,0.0,1,714.098032218171,0.7230335512279392,17.871038019536254,10.12513014469473,0.05995072873477087
ETH/USDT:USDT,trend,long,2024-01-09 21:15:00+00:00,2024-01-10 11:45:00+00:00,2291.517249,2390.0664210477207,0.9348801967732921,89.15780158904576,2.5463828559785124,stop_loss,2.5454089474415076,0.42845881933090263,58,2142.294096654513,2.9738677667724103,92.13166935581818,13.881697062119128,0.08219329954839417
ETH/USDT:USDT,trend,long,2024-01-10 15:15:00+00:00,2024-01-10 20:45:00+00:00,2429.9087539999996,2493.3761738594326,0.2848217837573242,17.306565242721305,1.4825220820860299,partial_tp,0.7011293975492363,0.0692090945681817,22,692.090945681817,0.770338492117418,18.076903734838723,11.130596302752018,0.06317696005892438
ETH/USDT:USDT,trend,long,2024-01-10 15:15:00+00:00,2024-01-11 03:15:00+00:00,2429.9087539999996,2573.8190515713695,0.8544653512719727,119.9980978126281,3.361570305861706,stop_loss,2.4838014913693467,0.48446366197727186,48,2076.272837045451,2.9682651533466187,122.96636296597472,14.296122842749694,0.08114440208477987
ETH/USDT:USDT,trend,short,2024-01-18 18:15:00+00:00,2024-01-19 10:00:00+00:00,2461.611295,2491.3645538120686,1.7051568368750478,-54.11728633257111,-1.0257596123089943,stop_loss,4.2228003157394465,-0.8394866658796182,63,4197.433329398091,3.3833136498598284,-50.73397268271128,8.06043451878959,0.06840517929680251
ETH/USDT:USDT,trend,short,2024-01-22 05:00:00+00:00,2024-01-22 06:30:00+00:00,2416.434852,2435.9127510952544,2.6238019175403453,-57.471948468573046,-1.0389684342447705,stop_loss,6.365799472786814,0.0,6,6340.24639828892,6.365799472786814,-51.106148995786235,10.040302967570454,0.12941426503301637
ETH/USDT:USDT,trend,short,2024-01-22 10:00:00+00:00,2024-01-22 19:15:00+00:00,2384.144542,2352.028768428934,0.5587318833079624,16.754190891552252,1.4677617983039786,partial_tp,1.3231255167044327,-0.13320975700300597,37,1332.0975700300596,1.1899157597014267,17.94410665125368,8.932647175946546,0.09733072418891298
ETH/USDT:USDT,trend,short,2024-01-22 10:00:00+00:00,2024-01-22 20:15:00+00:00,2384.144542,2347.6190639359515,1.6761956499238873,57.12495689897638,1.669295034994891,stop_loss,4.631729571384034,-0.5328390280120239,41,3996.2927100901784,4.09889054337201,61.22384744234839,10.256732528682857,0.11175804721324382
ETH/USDT:USDT,trend,short,2024-01-23 09:30:00+00:00,2024-01-23 14:00:00+00:00,2232.7399769999997,2188.4579787544894,0.41115800835837435,17.29799273172997,1.4780919641248857,partial_tp,0.908905473023066,0.0,18,918.0089221254425,0.908905473023066,18.206898204753035,9.900834851568767,0.07378774026834543
ETH/USDT:USDT,trend,short,2024-01-23 09:30:00+00:00,2024-01-23 15:00:00+00:00,2232.7399769999997,2213.014014828856,1.233474025075123,21.130596461260033,0.6584342921506519,stop_loss,3.200865496460189,0.0,22,2754.0267663763275,3.200865496460189,24.331461957720222,11.62249232846709,0.0866187001460672
ETH/USDT:USDT,trend,long,2024-01-30 16:00:00+00:00,2024-01-30 17:15:00+00:00,2346.6137729999996,2377.5521499978763,0.5860260155454629,16.74645173319405,1.4661877802635919,partial_tp,1.3842420663150496,0.0,5,1375.1767194152949,1.3842420663150496,18.1306937995091,10.06592132321444,0.11194049301151962
ETH/USDT:USDT,trend,long,2024-01-30 16:00:00+00:00,2024-01-30 22:45:00+00:00,2346.6137729999996,2367.242559484765,1.7580780466363886,31.43576462133822,0.9776102562750967,stop_loss,4.83125202627734,0.0,27,4125.530158245885,4.83125202627734,36.26701664761556,11.710621037688687,0.13023077076975667
ETH/USDT:USDT,trend,short,2024-01-30 23:30:00+00:00,2024-01-31 09:45:00+00:00,2338.288303,2310.4346049854157,0.652937292588303,16.974407022218465,1.4635899543200686,partial_tp,1.5176622747666102,-0.3053511267703435,41,1526.7556338517174,1.2123111479962667,18.186718170214732,7.940439983429657,0.09756166016931336
ETH/USDT:USDT,trend,short,2024-01-30 23:30:00+00:00,2024-01-31 12:15:00+00:00,2338.288303,2303.678712911073,1.958811877764909,63.7053327774402,1.8185825218168972,stop_loss,5.309747880405629,-1.221404507081374,51,4580.266901555152,4.088343373324255,67.79367615076445,8.925993749264105,0.10967084577887411
ETH/USDT:USDT,trend,long,2024-01-31 15:45:00+00:00,2024-01-31 20:00:00+00:00,2329.1885469999997,2306.8734429111178,2.317356093791098,-57.6235016230081,-1.032015678508126,stop_loss,5.371703251756907,0.5397559272978883,17,5397.559272978883,5.911459179054796,-51.71204244395331,10.952096827632044,0.11797481335720636
ETH/USDT:USDT,trend,short,2024-02-01 01:30:00+00:00,2024-02-01 14:15:00+00:00,2254.283512,2279.4750057887422,2.032804857641569,-55.45682408510555,-1.027894622849208,stop_loss,4.608123169167397,-0.36069002906452524,51,4582.518473694896,4.247433140102872,-51.20939094500268,9.268774723952518,0.08525611426060753
ETH/USDT:USDT,trend,long,2024-02-06 20:15:00+00:00,2024-02-07 03:45:00+00:00,2383.1847409999996,2362.6982365423914,2.504990507600664,-57.719926310940444,-1.0358499715776979,stop_loss,5.944195904463633,0.45723120624974234,30,5969.855154063746,6.401427110713376,-51.318499200227066,10.722918639585172,0.12921106801696602
ETH/USDT:USDT,trend,long,2024-02-07 17:15:00+00:00,2024-02-08 15:15:00+00:00,2421.7263,2452.2563024684882,0.5907450953945974,16.345120505176418,1.4646948757105946,partial_tp,1.4396406587234274,0.25068805674463945,88,1430.6229341131052,1.6903287154680668,18.035449220644484,11.81533355269439,0.1372749731666555
ETH/USDT:USDT,trend,long,2024-02-07 17:15:00+00:00,2024-02-08 16:15:00+00:00,2421.7263,2438.042968986005,1.7722352861837922,22.471896565334013,0.7828018185434078,stop_loss,5.021638757660858,1.4234412069838576,92,4291.868802339316,6.445079964644716,28.91697652997873,15.016954761365902,0.17447260821860475
ETH/USDT:USDT,trend,long,2024-02-09 09:00:00+00:00,2024-02-09 11:45:00+00:00,2472.6115609999997,2494.2631915308402,0.827805718861121,15.867539913591859,1.449877297127072,partial_tp,2.0558036625059724,0.0,11,2046.8419907179232,2.0558036625059724,17.92334357609783,10.043782919388446,0.1663006148915786
ETH/USDT:USDT,trend,long,2024-02-09 09:00:00+00:00,2024-02-09 14:15:00+00:00,2472.6115609999997,2500.61617618862,2.483417156583363,62.34842128451071,1.875297831215322,stop_loss,7.198720538424199,0.0,21,6140.5259721537695,7.198720538424199,69.5471418229349,11.723296295902273,0.19410927119912522
ETH/USDT:USDT,trend,long,2024-02-12 17:30:00+00:00,2024-02-12 20:45:00+00:00,2605.261344,2649.620969303706,0.41390139317936847,17.273009158883582,1.4735866716375685,partial_tp,1.0875015552350131,0.0,13,1078.3212998779538,1.0875015552350131,18.360510714118597,10.08513469369564,0.08728122121064716
ETH/USDT:USDT,trend,long,2024-02-12 17:30:00+00:00,2024-02-13 03:00:00+00:00,2605.261344,2651.1469225362694,1.2417041795381054,52.8502055521489,1.5242774592547503,stop_loss,3.8026127068973437,0.3234963899633862,38,3234.9638996338617,4.12610909686073,56.97631464900963,12.754729959514322,0.11038508070440999
ETH/USDT:USDT,trend,short,2024-02-13 13:45:00+00:00,2024-02-13 14:15:00+00:00,2643.5666920000003,2600.0790513479756,0.4251680034921478,17.374838156745653,1.4735768564759357,partial_tp,1.114715195859679,0.0,2,1123.9599725359817,1.114715195859679,18.489553352605334,9.917748168064707,0.08884035665195796
ETH/USDT:USDT,trend,short,2024-02-13 13:45:00+00:00,2024-02-13 15:00:00+00:00,2643.5666920000003,2633.1929153497645,1.2755040104764435,9.30454971414738,0.35151498119561236,stop_loss,3.9272440070153554,0.0,5,3371.8799176079456,3.9272440070153554,13.231793721162735,11.647045870486966,0.10433091176963077
ETH/USDT:USDT,trend,long,2024-02-13 21:15:00+00:00,2024-02-14 08:45:00+00:00,2644.002963,2686.609353252297,0.43469205668508987,17.132206573953642,1.4721431889754373,partial_tp,1.158587415571291,0.22986541717358833,46,1149.3270858679416,1.3884528327448793,18.52065940669852,12.080571752090538,0.1103633156927315
ETH/USDT:USDT,trend,long,2024-02-13 21:15:00+00:00,2024-02-14 15:15:00+00:00,2644.002963,2736.770661769859,1.3040761700552697,115.97355077474843,3.2053251893032835,stop_loss,4.083132873196115,0.9194616686943533,72,3447.981257603825,5.002594541890469,120.9761453166389,14.508763731990303,0.13254631526755395
ETH/USDT:USDT,trend,long,2024-02-15 00:30:00+00:00,2024-02-15 01:45:00+00:00,2820.2358169999998,2792.4050231709493,1.8889656833887574,-57.87245745467845,-1.031044287701039,stop_loss,5.301042970134583,0.0,5,5327.328677376855,5.301042970134583,-52.571414484543865,9.950658746936533,0.10396543685964385
ETH/USDT:USDT,trend,long,2024-02-16 01:15:00+00:00,2024-02-16 07:00:00+00:00,2855.676446,2826.398181203329,1.783291877036343,-57.27809054932554,-1.0298336684821154,stop_loss,5.066398763703003,0.0,23,5092.504609595813,5.066398763703003,-52.211691785622534,9.948736726043174,0.09993064477282974
ETH/USDT:USDT,trend,long,2024-02-19 06:00:00+00:00,2024-02-19 10:15:00+00:00,2929.198496,2900.674091821773,1.8229864610748934,-57.847480945832366,-1.031477009822384,stop_loss,5.313889398695372,0.533988920000894,17,5339.88920000894,5.847878318696266,-51.9996026271361,10.951310223227996,0.11599996417715293
ETH/USDT:USDT,trend,long,2024-02-26 15:00:00+00:00,2024-02-26 16:00:00+00:00,3117.745043,3160.110696010986,0.4339551546197599,17.022639573998035,1.4671589435767003,partial_tp,1.3621539289515296,0.0,4,1352.961532200055,1.3621539289515296,18.384793502949563,10.06794277984036,0.10870376754945597
ETH/USDT:USDT,trend,long,2024-02-26 15:00:00+00:00,2024-02-27 02:15:00+00:00,3117.745043,3243.0556215704414,1.3018654638592797,156.3425641466727,4.339612941330533,stop_loss,4.816934119948733,1.9780162304611584,45,4058.884596600165,6.794950350409891,163.13751449708258,16.740930146428727,0.18075213765050063
ETH/USDT:USDT,trend,short,2024-02-27 16:00:00+00:00,2024-02-27 22:15:00+00:00,3223.23274,3265.0858527679316,1.247504453546991,-56.25904774305402,-1.0239574018298985,stop_loss,4.04710317025487,0.0,25,4020.9971979684706,4.04710317025487,-52.21194457279915,10.064924124542014,0.07936998480057862
ETH/USDT:USDT,trend,long,2024-02-28 09:00:00+00:00,2024-02-28 11:45:00+00:00,3328.138142,3292.4288161118666,1.460459483071547,-56.986558526058744,-1.028455876610792,stop_loss,4.8345348986423105,0.0,11,4860.610910456018,4.8345348986423105,-52.15202362741643,9.94635239830118,0.09533869409766867
ETH/USDT:USDT,trend,long,2024-02-28 16:30:00+00:00,2024-02-28 17:00:00+00:00,3387.696004,3459.1256872023323,0.26093054795406834,17.744913910355493,1.4785135586360023,partial_tp,0.8932724678146127,0.0,2,883.9533746255277,0.8932724678146127,18.638186378170104,10.105425166718017,0.0708607279926672
ETH/USDT:USDT,trend,long,2024-02-28 16:30:00+00:00,2024-02-28 17:45:00+00:00,3387.696004,3419.0561968272714,0.782791643862205,21.442385835458673,0.6491204807001912,stop_loss,3.106111059636895,0.0,5,2651.8601238765827,3.106111059636895,24.548496895095568,11.712952096041445,0.08213294332259084
ETH/USDT:USDT,trend,long,2024-02-28 23:30:00+00:00,2024-02-29 00:30:00+00:00,3379.573568,3467.154687677342,0.21419750891515388,17.573410761713696,1.4823893023897186,partial_tp,0.7332760682925417,0.4529708328803877,4,723.8962394610984,1.1862469011729293,18.759657662886625,16.386974216857737,0.09373730309432092
ETH/USDT:USDT,trend,long,2024-02-28 23:30:00+00:00,2024-02-29 12:00:00+00:00,3379.573568,3460.4671331942654,0.6425925267454616,46.016482587331836,1.3691964217622108,stop_loss,2.5596276383416603,3.4054902299583967,50,2171.688718383295,5.965117868300057,51.98160045563189,27.467646803178887,0.1571213269517825
ETH/USDT:USDT,trend,short,2024-02-29 17:45:00+00:00,2024-03-01 13:15:00+00:00,3387.9333149999998,3448.48804563309,0.8558061669227972,-52.07703340268694,-1.0173761349213346,stop_loss,2.9253257800562693,-2.671404289516956,78,2899.4142241001955,0.25392149053931323,-51.82311191214763,0.8757682445947,0.004984912234840067
ETH/USDT:USDT,trend,long,2024-03-04 19:00:00+00:00,2024-03-05 03:30:00+00:00,3595.4082989999997,3677.3186678378806,0.22892682953753027,17.599860277462316,1.4800600853913872,partial_tp,0.8324611633051475,0.319159603538334,34,823.0854227829946,1.1516207668434815,18.751481044305798,13.9915096898406,0.09089777636686722
ETH/USDT:USDT,trend,long,2024-03-04 19:00:00+00:00,2024-03-05 04:45:00+00:00,3595.4082989999997,3677.9454115717726,0.6867804886125908,52.499098667570436,1.4913848834293337,stop_loss,2.9091414189908384,1.276638414153336,39,2469.2562683489837,4.185779833144174,56.68487850071461,16.951581278936708,0.11012829053582396
ETH/USDT:USDT,trend,short,2024-03-05 17:15:00+00:00,2024-03-05 19:30:00+00:00,3648.3851560000003,3509.2195353874235,0.13646988117007808,18.503516977110497,1.4887412857696782,partial_tp,0.48839873084801755,0.0,9,497.8946887019968,0.48839873084801755,18.991915707958515,9.809277783646678,0.03828467679151859
ETH/USDT:USDT,trend,short,2024-03-05 17:15:00+00:00,2024-03-05 20:00:00+00:00,3648.3851560000003,3381.1075497725005,0.40940964351023423,107.73811108815437,2.859234956169986,stop_loss,1.6879183957150543,0.0,11,1493.6840661059905,1.6879183957150543,109.42602948386943,11.300370901829524,0.04410427119538567
ETH/USDT:USDT,trend,long,2024-03-06 05:00:00+00:00,2024-03-06 08:00:00+00:00,3719.5855409999995,3838.0296661056022,0.1619808857964141,18.57358969910912,1.4855544217242036,partial_tp,0.6120946028777074,0.0,12,602.501760726714,0.6120946028777074,19.18568430198683,10.159216831821752,0.04739470479686428
ETH/USDT:USDT,trend,long,2024-03-06 05:00:00+00:00,2024-03-06 12:45:00+00:00,3719.5855409999995,3802.9518050598913,0.48594265738924225,38.38221211938667,1.0455995355310501,stop_loss,2.1290117744904378,0.0,31,1807.505282180142,2.1290117744904378,40.51122389387711,11.778730582311256,0.054950048618101405
ETH/USDT:USDT,trend,long,2024-03-11 07:00:00+00:00,2024-03-11 08:00:00+00:00,3956.446578,4031.7340149877,0.2546368760703028,18.153915086045778,1.4762759695314502,partial_tp,1.0170426758419033,0.0,4,1007.4571969609595,1.0170426758419033,19.17095776188768,10.095145271777886,0.07831823954660502
ETH/USDT:USDT,trend,long,2024-03-11 07:00:00+00:00,2024-03-11 16:00:00+00:00,3956.446578,4005.8990804000437,0.7639106282109083,32.2002118004378,0.9696908786828273,stop_loss,3.5449888354508676,2.0320915391301035,36,3022.3715908828785,5.577080374580971,37.77729217501877,18.452662774506244,0.14315594521325659
ETH/USDT:USDT,trend,short,2024-03-14 19:00:00+00:00,2024-03-14 21:15:00+00:00,3808.027249,3874.850890048168,0.7949231482497827,-56.17330795847868,-1.0176984385974286,stop_loss,3.053648838955801,0.0,9,3027.0890093960393,3.053648838955801,-53.11965911952288,10.087740497478999,0.0585036445440594
ETH/USDT:USDT,trend,long,2024-03-15 00:30:00+00:00,2024-03-15 02:15:00+00:00,3908.452184,3852.532233431166,0.9479796022251163,-56.68959995714761,-1.0211107624323859,stop_loss,3.6786274604558615,0.0,7,3705.1329467042074,3.6786274604558615,-53.01097249669174,9.9284627930236,0.07085865272675793
ETH/USDT:USDT,trend,short,2024-03-15 02:30:00+00:00,2024-03-15 03:15:00+00:00,3774.087434,3689.240090283476,0.22525866587303828,18.27200984790849,1.4806912497741544,partial_tp,0.8405896005468108,0.0,3,850.1459002710384,0.8405896005468108,19.1125994484553,9.887592238918273,0.06512215512795716
ETH/USDT:USDT,trend,short,2024-03-15 02:30:00+00:00,2024-03-15 03:45:00+00:00,3774.087434,3732.3184615769824,0.6757759976191149,25.265071592245768,0.7289203087541746,stop_loss,2.9613974164442896,0.0,5,2550.4377008131155,2.9613974164442896,28.226469008690056,11.611330147370996,0.07647512405727452
ETH/USDT:USDT,trend,short,2024-03-15 09:15:00+00:00,2024-03-15 13:45:00+00:00,3649.854715,3737.8348991505304,0.5969346072632686,-54.723400472049896,-1.0129061118784433,stop_loss,2.204983799202938,0.0,18,2178.724590866514,2.204983799202938,-52.51841667284696,10.120525597620304,0.04252682598408072
ETH/USDT:USDT,trend,short,2024-03-16 18:15:00+00:00,2024-03-16 22:00:00+00:00,3602.788839,3531.315201722669,0.26665016683838405,18.10730228819589,1.4780979482763612,partial_tp,0.9511550163505448,0.0,15,960.6842450028179,0.9511550163505448,19.058457304546433,9.900807901224141,0.07376779010466543
ETH/USDT:USDT,trend,short,2024-03-16 18:15:00+00:00,2024-03-17 00:00:00+00:00,3602.788839,3561.8179169634254,0.7999505005151522,29.428702087009963,0.8472919262003012,stop_loss,3.3460075027150005,0.0,23,2882.052735008454,3.3460075027150005,32.774709589724964,11.609806656453097,0.0865009996288374
ETH/USDT:USDT,trend,short,2024-03-17 06:45:00+00:00,2024-03-17 08:15:00+00:00,3444.206428,3495.0119495104977,1.0413200439196157,-56.09371121811668,-1.0210660233964999,stop_loss,3.612973592818518,-0.42407026537236514,6,3586.521188873183,3.1889033274461527,-52.904807890670526,8.891355047167716,0.06154602897869139
ETH/USDT:USDT,trend,short,2024-03-19 01:00:00+00:00,2024-03-19 06:45:00+00:00,3430.640499,3352.694650436143,0.24476862423052076,18.24852431134478,1.4808963366265517,partial_tp,0.8301738061110095,0.0,23,839.7131551697372,0.8301738061110095,19.07869811745579,9.886397527536657,0.06443842974318524
ETH/USDT:USDT,trend,short,2024-03-19 01:00:00+00:00,2024-03-19 12:30:00+00:00,3430.640499,3304.881417169283,0.7343058726915623,90.04004570647143,2.3893018937121986,stop_loss,2.8928232269277836,-0.5872366008048523,46,2519.1394655092117,2.305586626122931,92.34563233259436,9.152278616130078,0.05965352505327607
ETH/USDT:USDT,trend,short,2024-03-19 23:15:00+00:00,2024-03-20 00:45:00+00:00,3160.941433,3230.8664951302717,0.7551802845329783,-54.835287478900426,-1.0140519744869132,stop_loss,2.4134836649227824,-0.3842245015471376,6,2387.08065076502,2.0292591633756447,-52.806028315524784,8.501007968563194,0.03896854823224332
ETH/USDT:USDT,trend,short,2024-03-20 04:45:00+00:00,2024-03-20 07:30:00+00:00,3129.5608500000003,3203.295090698683,0.7117986170076427,-54.73778960557997,-1.0132012309979335,stop_loss,2.2538590501489786,0.0,11,2227.6170848712627,2.2538590501489786,-52.48393055543099,10.117802855149284,0.04351070394194156
ETH/USDT:USDT,trend,short,2024-03-20 16:30:00+00:00,2024-03-20 18:00:00+00:00,3226.941627,3318.362426408387,0.5698211853678138,-53.95833474331303,-1.0110058466104401,stop_loss,1.864826457152962,0.0,6,1838.7797030098818,1.864826457152962,-52.093508286160066,10.141652390987591,0.03619165829144911
ETH/USDT:USDT,trend,short,2024-03-22 21:30:00+00:00,2024-03-22 23:45:00+00:00,3277.176552,3333.56732345326,0.9253601429459981,-55.24043178160836,-1.0180493265065826,stop_loss,3.0586594487844057,0.0,9,3032.568562617993,3.0586594487844057,-52.181772332823954,10.08603560192515,0.059673446351864154
ETH/USDT:USDT,trend,long,2024-03-25 17:15:00+00:00,2024-03-25 21:15:00+00:00,3648.1741239999997,3597.9022157020363,1.0363514620996286,-55.85410657170064,-1.0219484851631415,stop_loss,3.7547409045678655,0.0,16,3780.7905874014314,3.7547409045678655,-52.09936566713277,9.931099905611356,0.07365064296788369
ETH/USDT:USDT,trend,short,2024-04-01 06:00:00+00:00,2024-04-01 11:00:00+00:00,3526.161834,3561.9489226589208,1.460336081978623,-55.59331324488519,-1.0307690198072914,stop_loss,5.175511945504911,-1.8433755382096877,20,5149.381357086116,3.3321364072952235,-52.261176837589964,6.470945102385623,0.06572111816551043
ETH/USDT:USDT,trend,short,2024-04-01 14:45:00+00:00,2024-04-01 15:00:00+00:00,3509.906712,3460.7364043687703,0.37660557637037123,17.205220511511598,1.468991842170029,partial_tp,1.3125915342561107,0.0,1,1321.8504402789945,1.3125915342561107,18.51781204576771,9.929954965094769,0.10412603017883855
ETH/USDT:USDT,trend,short,2024-04-01 14:45:00+00:00,2024-04-01 19:15:00+00:00,3509.906712,3471.563128891927,1.1298167291111136,39.48421576615176,1.145537083228513,stop_loss,4.604815930151699,-0.7678100467404567,18,3965.5513208369835,3.8370058834112424,43.32122164956301,9.675844726178932,0.10146141684482937
ETH/USDT:USDT,trend,long,2024-04-01 21:15:00+00:00,2024-04-02 02:15:00+00:00,3502.890552,3466.71034208132,1.4429937123076,-57.23636055635039,-1.0296052536460572,stop_loss,5.028545133726386,0.0,20,5054.649041437698,5.028545133726386,-52.20781542262401,9.948356636638243,0.09916937619338491
ETH/USDT:USDT,trend,short,2024-04-02 02:30:00+00:00,2024-04-02 13:15:00+00:00,3352.713884,3277.2563563012877,0.24735174955922737,17.84458412445822,1.4807127791646888,partial_tp,0.8199673692320674,0.0,43,829.2996449789124,0.8199673692320674,18.664551493690286,9.887467988159065,0.06505037972813986
ETH/USDT:USDT,trend,short,2024-04-02 02:30:00+00:00,2024-04-02 14:15:00+00:00,3352.713884,3303.359477781851,0.7420552486776821,33.73945927021118,0.9684878662748073,stop_loss,2.88423690933642,0.0,47,2487.8989349367375,2.88423690933642,36.6236961795476,11.593063001209735,0.07627161487087182
ETH/USDT:USDT,trend,long,2024-04-08 08:15:00+00:00,2024-04-08 09:15:00+00:00,3565.739401,3623.073840691644,0.32529681720004183,17.481461714155667,1.4720844681936256,partial_tp,1.1692490334839034,0.0,4,1159.9236781100835,1.1692490334839034,18.65071074763957,10.080396284253927,0.09228781492200781
ETH/USDT:USDT,trend,long,2024-04-08 08:15:00+00:00,2024-04-08 13:30:00+00:00,3565.739401,3619.961502626775,0.9758904516001254,48.8286409542548,1.3921739545529253,stop_loss,4.0861902890069235,0.0,21,3479.7710343302506,4.0861902890069235,52.91483124326172,11.742698725559656,0.10750648844650595
ETH/USDT:USDT,trend,long,2024-04-08 18:45:00+00:00,2024-04-09 06:30:00+00:00,3695.428296,3652.1131724735196,1.2082173278193813,-57.88222976774506,-1.0259588944963045,stop_loss,4.438713459540585,1.1094335068738816,47,4464.88050094125,5.548146966414467,-52.334082801330595,12.426193635518018,0.10876603588858327
ETH/USDT:USDT,trend,short,2024-04-09 08:15:00+00:00,2024-04-09 14:30:00+00:00,3609.0669550000002,3544.241665066759,0.2886735236163528,17.680859462045422,1.4758009876371252,partial_tp,1.032485402434951,0.0,25,1041.842074867191,1.032485402434951,18.713344864480373,9.910191067744766,0.08142547404908984
ETH/USDT:USDT,trend,short,2024-04-09 08:15:00+00:00,2024-04-09 19:15:00+00:00,3609.0669550000002,3518.2418876632537,0.8660205708490584,75.04925758866942,2.067707282386503,stop_loss,3.6071190737039824,0.0,44,3125.526224601573,3.6071190737039824,78.6563766623734,11.540837652590167,0.09482341665886657
ETH/USDT:USDT,trend,short,2024-04-12 17:30:00+00:00,2024-04-12 18:30:00+00:00,3340.307607,3249.0736655553414,0.20815962960830867,18.305401876304764,1.4841484603096589,partial_tp,0.6858215825215228,0.0,4,695.3171942509359,0.6858215825215228,18.991223458826287,9.863434820713117,0.0535963914043355
ETH/USDT:USDT,trend,short,2024-04-12 17:30:00+00:00,2024-04-12 18:45:00+00:00,3340.307607,3171.5973503471782,0.624478888824926,102.97506142484802,2.7444946878856142,stop_loss,2.3809321830743144,0.0,5,2085.9515827528076,2.3809321830743144,105.35599360792233,11.414129660345347,0.062022629229629235
ETH/USDT:USDT,trend,short,2024-04-13 01:30:00+00:00,2024-04-13 03:45:00+00:00,3184.954227,3231.3348360613963,1.1404724382410862,-56.55460671946174,-1.0213406236727085,stop_loss,3.658800416104623,0.0,9,3632.3525129529444,3.658800416104623,-52.89580630335711,10.072812049649272,0.07064608255420608
ETH/USDT:USDT,trend,short,2024-04-13 20:00:00+00:00,2024-04-13 23:00:00+00:00,2936.458798,3049.167088433328,0.46073917871336423,-53.30803134593918,-1.0081800212888492,stop_loss,1.3789061775003724,0.0,12,1352.9416149161527,1.3789061775003724,-51.9291251684388,10.191911922125545,0.026770827640142304
ETH/USDT:USDT,trend,long,2024-04-14 05:15:00+00:00,2024-04-14 17:15:00+00:00,3051.235096,2978.409488952055,0.7123586334114633,-54.46029933492148,-1.0124255306328676,stop_loss,2.1476346882466384,0.434714732640731,48,2173.573663203655,2.582349420887369,-51.87794991403411,11.880662084767879,0.05039590976616659
ETH/USDT:USDT,trend,short,2024-04-16 04:15:00+00:00,2024-04-16 06:45:00+00:00,3031.810184,3085.408416975991,0.9676505423594761,-54.82402415721007,-1.0175677650456716,stop_loss,2.9596649484829465,0.0,10,2933.732768878583,2.9596649484829465,-51.86435920872712,10.088393121144009,0.05806800070143426
ETH/USDT:USDT,trend,long,2024-04-21 02:30:00+00:00,2024-04-21 13:45:00+00:00,3167.770046,3138.382067571821,1.7821312496642245,-57.95703354960016,-1.0331080348016228,stop_loss,5.619195373366221,-0.03539654508185753,45,5645.381990726878,5.583798828284364,-52.3732347213158,9.89091409129857,0.11014533406065571
ETH/USDT:USDT,trend,short,2024-04-24 15:45:00+00:00,2024-04-24 18:45:00+00:00,3173.64762,3117.747921523603,0.332576352046626,17.595438376862027,1.4753220347764866,partial_tp,1.0461846892411637,-0.05070526631669637,12,1055.4801481410568,0.9954794229244673,18.590917799786496,9.431531466297452,0.07899839822990956
ETH/USDT:USDT,trend,short,2024-04-24 15:45:00+00:00,2024-04-24 22:00:00+00:00,3173.64762,3150.9806785125734,0.997729056139878,19.135414415669192,0.5982328912115706,stop_loss,3.6828727854257854,-0.20282106526678548,25,3166.44044442317,3.480051720159,22.615466135828193,10.990422151435602,0.09205564853772041
ETH/USDT:USDT,trend,long,2024-04-28 02:45:00+00:00,2024-04-28 11:15:00+00:00,3310.0227090000003,3280.7552525315627,1.7886650907569872,-58.735428242448734,-1.034809751834014,stop_loss,5.894347230361003,0.4914033317436975,34,5920.522069201174,6.3857505621047,-52.34967768034403,10.785789643997218,0.12622879924486394
ETH/USDT:USDT,trend,short,2024-04-28 11:30:00+00:00,2024-04-28 13:15:00+00:00,3282.235034,3308.564595045012,1.9850197800115397,-58.8061332882442,-1.0391625040617092,stop_loss,6.5414338148735345,0.0,7,6515.3014651368485,6.5414338148735345,-52.26469947337066,10.040109195064142,0.13006126145777164
ETH/USDT:USDT,trend,short,2024-04-29 02:45:00+00:00,2024-04-29 03:45:00+00:00,3219.6638110000004,3170.257476332993,0.3723479165119535,17.206708836745552,1.4716785269098391,partial_tp,1.1896369390069101,0.0,4,1198.835111894786,1.1896369390069101,18.39634577575246,9.92327407833978,0.09516907103707711
ETH/USDT:USDT,trend,short,2024-04-29 02:45:00+00:00,2024-04-29 10:15:00+00:00,3219.6638110000004,3195.244560704451,1.1170437495358605,23.454737238387267,0.727382157478583,stop_loss,4.182284206176254,-0.3596505335684359,30,3596.5053356843587,3.822633672607818,27.277370910995085,10.628744616836308,0.10193487990849485
ETH/USDT:USDT,trend,short,2024-04-30 08:45:00+00:00,2024-04-30 11:15:00+00:00,3065.0802,3013.100162974849,0.35600029577677167,17.422991551939482,1.4743685005031255,partial_tp,1.0819170035018058,0.0,10,1091.1694577795265,1.0819170035018058,18.50490855544129,9.915206073522723,0.08620114740598092
ETH/USDT:USDT,trend,short,2024-04-30 08:45:00+00:00,2024-04-30 13:15:00+00:00,3065.0802,3021.6601509487514,1.068000887330315,42.57674413788819,1.231571893272915,stop_loss,3.7959067767710133,0.0,18,3273.5083733385795,3.7959067767710133,46.372650914659204,11.595836466120447,0.10081226765230143
ETH/USDT:USDT,trend,long,2024-04-30 22:30:00+00:00,2024-05-01 02:00:00+00:00,3017.7050400000003,2970.457392087876,1.0894820676583084,-54.79877920085566,-1.019229440870911,stop_loss,3.2619977939924523,0.06131626757038314,14,3287.7355265620986,3.3233140615628356,-51.47546513929283,10.10821592769033,0.065802601756765
ETH/USDT:USDT,trend,long,2024-05-01 18:15:00+00:00,2024-05-01 19:30:00+00:00,2965.539395,2913.4613097982974,0.9809880723923028,-53.971595200396656,-1.0170749231011875,stop_loss,2.883614784496536,0.0,5,2909.1587747044855,2.883614784496536,-51.08798041590012,9.912194582055616,0.05740787287575903
ETH/USDT:USDT,trend,short,2024-05-06 15:00:00+00:00,2024-05-07 08:15:00+00:00,3064.890257,3103.5079534655592,1.325670537898472,-54.454318402471735,-1.024697509701204,stop_loss,4.0886318868199245,-0.8286559302460033,69,4063.0347155969757,3.2599759565739213,-51.19434244589782,8.02350012924991,0.0652511407469942
ETH/USDT:USDT,trend,short,2024-05-07 23:15:00+00:00,2024-05-08 20:15:00+00:00,3010.326631,2967.4365862010072,0.4256066897105909,17.30250576915678,1.4695078640451738,partial_tp,1.2720880073733265,-0.32030378809188637,84,1281.2151523675454,0.9517842192814401,18.25428998843822,7.428761808839421,0.07662058595508468
ETH/USDT:USDT,trend,short,2024-05-07 23:15:00+00:00,2024-05-08 21:15:00+00:00,3010.326631,2978.3255091837386,1.2768200691317726,37.67706652609899,1.0964292620269769,stop_loss,4.4638231960015435,-1.2812151523675455,88,3843.645457102636,3.182608043633998,40.85967456973299,8.280181091502305,0.08540216302132794
ETH/USDT:USDT,trend,short,2024-05-10 15:00:00+00:00,2024-05-10 16:00:00+00:00,2932.799896,2888.2640366955943,0.41267166328249133,17.177593067274504,1.4713817284042106,partial_tp,1.2010940675896058,0.0,4,1210.2834111570376,1.2010940675896058,18.37868713486411,9.924072795820223,0.09615854778840845
ETH/USDT:USDT,trend,short,2024-05-10 15:00:00+00:00,2024-05-10 16:15:00+00:00,2932.799896,2930.9610424700713,1.238014989847474,-1.7718086642535114,0.06075229101689197,stop_loss,4.234853674932539,-0.18651677649341103,5,3630.8502334711125,4.048336898439128,2.276528234185617,11.149831687133226,0.1080354452429526
ETH/USDT:USDT,trend,long,2024-05-11 01:15:00+00:00,2024-05-11 03:30:00+00:00,2925.427365,2902.3071992644086,2.2490728407727723,-58.55243659594378,-1.0391453609444483,stop_loss,6.553499765859914,0.0,9,6579.499234274956,6.553499765859914,-51.99893683008387,9.960484122743564,0.13096496380102768
ETH/USDT:USDT,trend,long,2024-05-15 13:30:00+00:00,2024-05-15 19:30:00+00:00,2970.270814,3015.6704558883284,0.40288104187010754,16.97520537619405,1.470684154117349,partial_tp,1.2058111276929422,0.10963852061255504,24,1196.6658001806925,1.3154496483054972,18.290655024499546,10.992623405021424,0.1057704576851297
ETH/USDT:USDT,trend,long,2024-05-15 13:30:00+00:00,2024-05-16 02:30:00+00:00,2970.270814,3007.425899136153,1.2086431256103225,40.257900229079375,1.203608501781361,stop_loss,4.210783919748063,0.43855408245022015,52,3589.997400542077,4.649338002198283,44.90723823127766,12.950811611997961,0.12461204401573393
ETH/USDT:USDT,trend,short,2024-05-16 15:00:00+00:00,2024-05-17 07:00:00+00:00,2946.425807,2977.008500432165,1.685205136388805,-55.99668116976352,-1.0300720427054042,stop_loss,4.991100959973174,-0.5325318466980937,64,4965.33190394493,4.458569113275081,-51.53811205648844,8.979397952698331,0.08911167310553995
ETH/USDT:USDT,trend,long,2024-05-17 08:15:00+00:00,2024-05-17 10:00:00+00:00,3047.6340159999995,3017.739143149706,1.716273050181449,-56.51268285773148,-1.0312389075823296,stop_loss,5.204918246171278,0.0,7,5230.572128477058,5.204918246171278,-51.3077646115602,9.950953965119588,0.10461407248733742
ETH/USDT:USDT,trend,long,2024-05-17 13:00:00+00:00,2024-05-18 03:15:00+00:00,3083.6048039999996,3124.067977502887,0.4480991744629448,16.57700473796716,1.4660331030681215,partial_tp,1.3908265243637676,0.16368338046383918,57,1381.7607670423704,1.5545099048276068,18.13151464279477,11.250210180413518,0.1256907116929791
ETH/USDT:USDT,trend,long,2024-05-17 13:00:00+00:00,2024-05-18 04:45:00+00:00,3083.6048039999996,3096.6260325844005,1.3442975233888343,12.00475692831761,0.4717759506922096,stop_loss,4.844914887317042,0.6547335218553567,63,4145.282301127111,5.499648409172399,17.50440533749001,13.26724698020454,0.14822564986844916
ETH/USDT:USDT,trend,long,2024-05-20 19:30:00+00:00,2024-05-20 20:30:00+00:00,3401.650189,3502.5721244633537,0.18245216936564906,17.783580892431868,1.4845387494886282,partial_tp,0.6298451694370546,0.0,4,620.6384564061201,0.6298451694370546,18.413426061868922,10.148342612931966,0.050779771079311836
ETH/USDT:USDT,trend,long,2024-05-20 19:30:00+00:00,2024-05-20 20:45:00+00:00,3401.650189,3490.0554115391756,0.5473565080969471,46.19274472220198,1.3004207451434302,stop_loss,2.1964291843747086,0.0,5,1861.9153692183602,2.1964291843747086,48.38917390657669,11.796611278292303,0.05902729569456715
ETH/USDT:USDT,trend,long,2024-05-20 22:00:00+00:00,2024-05-21 11:30:00+00:00,3632.979567,3782.061683798806,0.12465396939984569,18.076233930537246,1.4886668111445807,partial_tp,0.46215716258783396,0.045286532377508265,54,452.86532377508263,0.5074436949653423,18.583677625502588,11.205178853953635,0.04064935920879381
ETH/USDT:USDT,trend,long,2024-05-20 22:00:00+00:00,2024-05-21 12:15:00+00:00,3632.979567,3749.899546542502,0.37396190819953706,41.93558208431388,1.16751020740819,stop_loss,1.6068904425409718,0.18114612951003306,57,1358.5959713252478,1.7880365720510047,43.723618656364884,13.16091472218085,0.04774424014387498
ETH/USDT:USDT,trend,short,2024-05-22 12:45:00+00:00,2024-05-22 14:15:00+00:00,3668.968979,3715.1612435490824,1.1143739500779892,-55.589797490604354,-1.0247174422573797,stop_loss,4.114341181996142,0.0,6,4088.6034538418376,4.114341181996142,-51.475456308608216,10.062949925188073,0.08190383291239024
ETH/USDT:USDT,trend,long,2024-05-22 15:45:00+00:00,2024-05-22 18:00:00+00:00,3764.4389929999998,3709.6622239630565,0.9309087603011061,-54.821462230225194,-1.0207446752797404,stop_loss,3.478853149124034,0.35043492362027745,9,3504.349236202774,3.8292880727443115,-50.99217415748088,10.927244445800822,0.07665343702142459
ETH/USDT:USDT,trend,long,2024-05-23 11:30:00+00:00,2024-05-23 12:00:00+00:00,3869.850607,3935.5698352989,0.27848408371464123,17.214916395312017,1.4735197134082711,partial_tp,1.0868426799405695,0.0,2,1077.691800402943,1.0868426799405695,18.301759075252587,10.084911841532104,0.08750438182914408
ETH/USDT:USDT,trend,long,2024-05-23 11:30:00+00:00,2024-05-23 12:45:00+00:00,3869.850607,3880.6707418220826,0.8354522511439237,5.263264840382107,0.24260300029026702,stop_loss,3.776441154407696,0.0,5,3233.0754012088296,3.776441154407696,9.039705994789804,11.680646708690137,0.10135019380132505
ETH/USDT:USDT,trend,short,2024-06-07 18:00:00+00:00,2024-06-07 19:15:00+00:00,3613.025767,3670.424562599849,0.884474423452916,-53.98877941057871,-1.0195530420184176,stop_loss,3.2210127655103893,0.0,5,3195.6288821878547,3.2210127655103893,-50.76776664506832,10.079433139010671,0.06468658324908383
ETH/USDT:USDT,trend,short,2024-06-11 02:00:00+00:00,2024-06-11 02:15:00+00:00,3610.3765620000004,3567.921667912513,0.4266879944375869,16.583546774652056,1.4631226861511644,partial_tp,1.5314468375981254,0.0,1,1540.5043344042504,1.5314468375981254,18.11499361225018,9.941204340657517,0.1236928181530804
ETH/USDT:USDT,trend,short,2024-06-11 02:00:00+00:00,2024-06-11 03:15:00+00:00,3610.3765620000004,3602.7181429896664,1.2800639833127607,4.416402807003559,0.2639320350435991,stop_loss,5.386863537242753,0.0,5,4621.513003212751,5.386863537242753,9.803266344246312,11.656060544453627,0.14502981006132684
ETH/USDT:USDT,trend,short,2024-06-11 15:45:00+00:00,2024-06-11 18:30:00+00:00,3447.435459,3497.101451876706,1.0208160688079002,-53.89247128509417,-1.0215729471288113,stop_loss,3.544547434526259,-0.35191975127253394,11,3519.197512725339,3.192627683253725,-50.69984360184044,9.072033245389767,0.06432962785999881
ETH/USDT:USDT,trend,long,2024-06-12 12:45:00+00:00,2024-06-12 16:15:00+00:00,3640.0917,3604.808488571213,1.4432061033673862,-56.67422842146995,-1.0316292804934708,stop_loss,5.2279420852167515,0.5253402558256965,14,5253.402558256965,5.753282341042448,-50.9209460804275,10.951535271173546,0.11655821383583342
ETH/USDT:USDT,trend,short,2024-06-13 02:45:00+00:00,2024-06-13 15:30:00+00:00,3511.436253,3467.2854369389775,0.4072439675961931,16.559132350420306,1.4654838084395225,partial_tp,1.4210211548801794,0.0,51,1430.0112316328295,1.4210211548801794,17.980153505300486,9.937132824177997,0.11582122996408374
ETH/USDT:USDT,trend,short,2024-06-13 02:45:00+00:00,2024-06-13 18:45:00+00:00,3511.436253,3477.556513011726,1.2217319027885791,36.83661924023186,1.1245592905538344,stop_loss,4.984343331113975,-0.4290033694898489,64,4290.033694898489,4.555339961624126,41.39195920185599,10.618424668881103,0.12376195701424682
ETH/USDT:USDT,trend,long,2024-06-14 21:30:00+00:00,2024-06-15 13:45:00+00:00,3500.2897719999996,3567.4989359533624,0.2709991898917409,17.066231339052166,1.4764812168260664,partial_tp,0.9576825070906776,0.18971513851966926,65,948.5756925983462,1.1473976456103467,18.213628984662513,12.096005142904154,0.09301337330417347
ETH/USDT:USDT,trend,long,2024-06-14 21:30:00+00:00,2024-06-15 16:45:00+00:00,3500.2897719999996,3555.8787968562406,0.8129975696752226,40.80769705173266,1.22120476188144,stop_loss,3.3426117951485814,1.043433261858181,77,2845.727077795039,4.386045057006762,45.19374210873942,15.412739651777187,0.11851771638107908
ETH/USDT:USDT,trend,long,2024-06-17 18:00:00+00:00,2024-06-17 20:00:00+00:00,3566.7897159999998,3520.219212688985,1.0904903753184545,-54.64884314766351,-1.0232099986538687,stop_loss,3.8641575132656447,0.0,8,3889.5498560828437,3.8641575132656447,-50.78468563439787,9.934716499963388,0.07785505718024625
ETH/USDT:USDT,trend,short,2024-06-18 01:00:00+00:00,2024-06-18 01:30:00+00:00,3457.6423959999997,3400.144505141555,0.316311518330524,17.10264666469382,1.47386076315462,partial_tp,1.0845984935436321,0.0,2,1093.6921161227508,1.0845984935436321,18.18724515823745,9.916853907557124,0.08789385910304
ETH/USDT:USDT,trend,short,2024-06-18 01:00:00+00:00,2024-06-18 02:15:00+00:00,3457.6423959999997,3414.0453288866106,0.948934554991572,37.563526455492074,1.1175367591349734,stop_loss,3.8072370246895373,0.0,5,3281.0763483682526,3.8072370246895373,41.37076348018161,11.603622166801925,0.10284381935248603
ETH/USDT:USDT,trend,long,2024-06-19 03:30:00+00:00,2024-06-19 09:30:00+00:00,3560.0677,3520.8147914084147,1.2994121374808092,-55.606198182036415,-1.0276613206154583,stop_loss,4.600492326705723,0.0,24,4625.995179633388,4.600492326705723,-51.00570585533069,9.944870558793609,0.09269057139123155
ETH/USDT:USDT,trend,short,2024-06-23 20:45:00+00:00,2024-06-24 02:45:00+00:00,3433.0997610000004,3399.07737620605,0.5281702467873566,16.165335030588743,1.4563628013894978,partial_tp,1.8042763423265276,0.0,24,1813.2611480129851,1.8042763423265276,17.96961137291527,9.950449466717448,0.14622914730098366
ETH/USDT:USDT,trend,short,2024-06-23 20:45:00+00:00,2024-06-24 03:15:00+00:00,3433.0997610000004,3420.286095665772,1.5845107403620697,13.967128022617512,0.5485019834806723,stop_loss,6.336262322872703,0.0,26,5439.783444038955,6.336262322872703,20.303390345490214,11.648004719408695,0.1711759658268845
ETH/USDT:USDT,trend,short,2024-06-24 05:30:00+00:00,2024-06-24 08:30:00+00:00,3357.382483,3390.1671652651066,1.5583457071268907,-55.82418012339138,-1.0320053871169204,stop_loss,5.2575075139997445,-0.5231962579566071,12,5231.96257956607,4.734311256043138,-51.089868867348244,9.04882476517214,0.09563216404431507
ETH/USDT:USDT,trend,short,2024-06-24 09:45:00+00:00,2024-06-24 23:45:00+00:00,3305.997903,3361.5713166912665,0.9021549851488627,-52.92241769205989,-1.0184763937007832,stop_loss,3.0075904051847946,-0.2210049164410604,56,2982.5224890831364,2.786585488743734,-50.135832203316156,9.343049378314543,0.0566076479553666
ETH/USDT:USDT,trend,long,2024-06-28 01:45:00+00:00,2024-06-28 03:00:00+00:00,3484.9351669999996,3461.360367931327,2.172591546737977,-58.76414065281252,-1.0460914123755316,stop_loss,7.5457314801677775,0.0,5,7571.340684754099,7.5457314801677775,-51.21840917264474,9.966176129628021,0.15411499554560704
ETH/USDT:USDT,trend,long,2024-07-01 01:15:00+00:00,2024-07-01 10:30:00+00:00,3496.5886619999997,3470.116261133462,1.9137183841723608,-57.99602445616136,-1.0409478623874036,stop_loss,6.6661556442523,0.6691486004358037,37,6691.486004358037,7.335304244688104,-50.660720211473254,10.962145388798184,0.15072168815594653
ETH/USDT:USDT,trend,short,2024-07-01 10:45:00+00:00,2024-07-01 17:30:00+00:00,3467.349483,3485.0617593025836,2.9026032032995626,-61.50175550488787,-1.0627107753493275,stop_loss,10.090045571281685,0.0,27,10064.339716314882,10.090045571281685,-51.41170993360618,10.02554152154178,0.20856727321877416
ETH/USDT:USDT,trend,short,2024-07-03 02:00:00+00:00,2024-07-03 03:00:00+00:00,3386.893627,3356.7236152580213,0.5782003611533271,15.494730722735488,1.4515641069638774,partial_tp,1.9495809624766958,0.0,4,1958.3031183193018,1.9495809624766958,17.444311685212185,9.955460644672355,0.16222719473364186
ETH/USDT:USDT,trend,short,2024-07-03 02:00:00+00:00,2024-07-03 05:00:00+00:00,3386.893627,3362.906345065842,1.7346010834599812,34.77510850074922,1.1540955892569156,stop_loss,6.833256731501431,0.0,12,5874.909354957906,6.833256731501431,41.60836523225065,11.631254745632399,0.189534758457016
ETH/USDT:USDT,trend,short,2024-07-03 10:15:00+00:00,2024-07-03 19:15:00+00:00,3303.6785990000003,3266.0282659243553,0.46908418565563864,16.275273371615828,1.4619653706777356,partial_tp,1.54087279736465,-0.15497033852798764,36,1549.7033852798763,1.3859024588366624,17.66117583045249,8.943017560656411,0.1147229052814665
ETH/USDT:USDT,trend,short,2024-07-03 10:15:00+00:00,2024-07-03 21:45:00+00:00,3303.6785990000003,3293.9605074015767,1.4072525569669159,8.878566660978054,0.37735425493911523,stop_loss,5.417123943854207,-0.6198813541119506,46,4649.1101558396285,4.797242589742257,13.67580925072031,10.318625347512068,0.1323694905381218
ETH/USDT:USDT,trend,short,2024-07-04 02:00:00+00:00,2024-07-04 09:00:00+00:00,3204.6183260000003,3137.3492578218843,0.2663512180565711,17.157958250812236,1.4793082547461143,partial_tp,0.8445953954131241,-0.08535539945365099,28,853.5539945365099,0.7592399959594731,17.917198246771708,8.895043556931036,0.0626855816343173
ETH/USDT:USDT,trend,short,2024-07-04 02:00:00+00:00,2024-07-04 11:00:00+00:00,3204.6183260000003,3179.4925503388654,0.7990536541697133,17.44086389424302,0.5525387573973798,stop_loss,2.977400559449846,-0.34142159781460396,36,2560.6619836095297,2.635978961635242,20.07684285587826,10.294130886887087,0.0725452976069458
ETH/USDT:USDT,trend,short,2024-07-04 13:30:00+00:00,2024-07-04 15:45:00+00:00,3094.061503,3136.4046470667226,1.1743371213669564,-53.38345975466332,-1.022719379067544,stop_loss,3.6583338417218094,0.0,9,3633.4712787653384,3.6583338417218094,-49.72512591294151,10.06842647443444,0.07524262324801391
ETH/USDT:USDT,trend,short,2024-07-05 03:00:00+00:00,2024-07-05 12:30:00+00:00,2917.494489,2998.977853129649,0.6000399176379259,-50.501147333553895,-1.0111613247276658,stop_loss,1.7750597884392705,-0.1671835561008673,38,1750.6131528886626,1.6078762323384033,-48.89327110121549,9.1846461320439,0.03325247471628074
ETH/USDT:USDT,trend,long,2024-07-08 06:30:00+00:00,2024-07-08 08:15:00+00:00,2922.756564,2978.656488955568,0.3176034428149656,16.785079126998827,1.4763918263269784,partial_tp,0.9371545515459326,0.03177494044190332,7,928.2775472364393,0.968929491987836,17.754008618986663,10.437928773268522,0.08057445577266154
ETH/USDT:USDT,trend,long,2024-07-08 06:30:00+00:00,2024-07-08 10:45:00+00:00,2922.756564,3031.2364949717744,0.9528103284448968,99.93304708247169,2.865100150573449,stop_loss,3.3006518146569856,0.12709976176761328,17,2784.8326417093176,3.427751576424599,103.36079865889629,12.30864478204572,0.09501524451404975
ETH/USDT:USDT,trend,short,2024-07-08 14:30:00+00:00,2024-07-08 22:00:00+00:00,2965.4900860000002,3030.8511608269037,0.7553620733425616,-51.426382821997784,-1.014103229589594,stop_loss,2.2647043783363454,-0.2095985534866203,30,2240.0187398377716,2.055105824849725,-49.37127699714806,9.17450282134051,0.042212589604455245
ETH/USDT:USDT,trend,long,2024-07-15 01:00:00+00:00,2024-07-15 02:30:00+00:00,3281.9843,3324.2674818941396,0.41959347941863906,16.355777326312914,1.4654264567258481,partial_tp,1.385970085540273,0.0,6,1377.0992118343465,1.385970085540273,17.741747411853186,10.064417099579266,0.11447785747554805
ETH/USDT:USDT,trend,long,2024-07-15 01:00:00+00:00,2024-07-15 10:45:00+00:00,3281.9843,3330.799973720767,1.2587804382559171,56.4306154475812,1.6918258411206153,stop_loss,4.850571349000205,0.1670283634033879,39,4131.29763550304,5.017599712403593,61.44821515998479,12.14533581237033,0.13814729739085665
ETH/USDT:USDT,trend,long,2024-07-15 14:45:00+00:00,2024-07-15 18:30:00+00:00,3371.191054,3409.4640076589985,0.46561363214583457,16.168208609541555,1.460944744470261,partial_tp,1.5785827157935421,0.07361764078046171,15,1569.6725113104842,1.6522003565740038,17.820408966115558,10.525764735439106,0.13544994575255415
ETH/USDT:USDT,trend,long,2024-07-15 14:45:00+00:00,2024-07-15 19:30:00+00:00,3371.191054,3382.417498708224,1.3968408964375036,9.88539195878795,0.4285327843180309,stop_loss,5.501694568131716,0.29447056312184683,19,4709.017533931453,5.796165131253563,15.681557090041514,12.308650561371929,0.15839286671605635
ETH/USDT:USDT,trend,long,2024-07-15 22:15:00+00:00,2024-07-16 05:30:00+00:00,3450.83494,3410.762568721359,1.2528346483997073,-54.61654422761468,-1.0262116864598365,stop_loss,4.298223551149616,0.1142654950461068,29,4323.325578740325,4.412489046195723,-50.20405518141896,10.206238151236754,0.09019486193334403
ETH/USDT:USDT,trend,short,2024-07-16 05:45:00+00:00,2024-07-16 08:15:00+00:00,3413.4756500000003,3364.955628452925,0.3683330686029906,16.746370659759457,1.469436701329046,partial_tp,1.2483601965535294,-0.12320243119546896,10,1257.295960766088,1.1251577653580604,17.871528425117518,8.94902871295702,0.0925129667633135
ETH/USDT:USDT,trend,short,2024-07-16 05:45:00+00:00,2024-07-16 10:15:00+00:00,3413.4756500000003,3398.78348479056,1.1049992058089717,12.335222165590206,0.444954600026192,stop_loss,4.392418447237286,-0.49280972478187585,18,3771.887882298264,3.89960872245541,16.234830888045614,10.338612504248996,0.10687815914586823
ETH/USDT:USDT,trend,long,2024-07-16 15:15:00+00:00,2024-07-17 01:15:00+00:00,3446.843743,3504.5386694306353,0.31146944888221884,16.756453777162648,1.4731471172625052,partial_tp,1.0825716244846595,0.13118153700286367,40,1073.5865210153343,1.2137531614875232,17.970206938650172,11.305592401995021,0.09950007682259361
ETH/USDT:USDT,trend,long,2024-07-16 15:15:00+00:00,2024-07-17 03:00:00+00:00,3446.843743,3466.9456921787782,0.9344083466466565,14.491758410404001,0.5132709289382235,stop_loss,3.766944538101929,0.5247261480114547,47,3220.7595630460028,4.291670686113384,18.783429096517384,13.325026603521366,0.11727303829558876
ETH/USDT:USDT,trend,short,2024-07-24 21:15:00+00:00,2024-07-25 01:00:00+00:00,3335.1691490000003,3274.7269919121304,0.29884538264976235,17.169478902939055,1.4760162401960608,partial_tp,0.9876684707530365,-0.09428781059057195,15,996.6999005345873,0.8933806601624645,18.06285956310152,8.963386669179894,0.07300307896821488
ETH/USDT:USDT,trend,short,2024-07-24 21:15:00+00:00,2024-07-25 05:30:00+00:00,3335.1691490000003,3193.7876540683906,0.896536147949287,123.70569925821692,3.452579997746858,stop_loss,3.4250728414424074,-0.3771512423622878,33,2990.0997016037622,3.0479215990801194,126.75362085729705,10.193377824309149,0.08302084845001753
ETH/USDT:USDT,trend,long,2024-07-29 06:00:00+00:00,2024-07-29 14:00:00+00:00,3367.2998869999997,3339.202739234444,1.8326081573054411,-58.253352026188594,-1.0369831425583889,stop_loss,6.1451957099138035,0.617094124100989,32,6170.941241009889,6.762289834014792,-51.4910621921738,10.958279409751968,0.13618636447614643
ETH/USDT:USDT,trend,short,2024-07-29 14:15:00+00:00,2024-07-29 16:15:00+00:00,3322.0031,3281.0696529069546,0.4416124665982956,16.618720914360946,1.4647870342767846,partial_tp,1.4579996227696193,0.0,8,1467.0379830381844,1.4579996227696193,18.076720537130566,9.93839041406517,0.11814415889356822
ETH/USDT:USDT,trend,short,2024-07-29 14:15:00+00:00,2024-07-29 17:00:00+00:00,3322.0031,3304.457955889725,1.3248373997948868,18.121452393000745,0.6278459653991625,stop_loss,5.123010709082604,0.0,11,4401.113949114553,5.123010709082604,23.244463102083348,11.640259189638313,0.1383753881631248
ETH/USDT:USDT,trend,short,2024-08-01 04:30:00+00:00,2024-08-01 12:00:00+00:00,3159.491868,3199.562003875441,1.266591848186735,-54.540643637445854,-1.0245350832607953,stop_loss,4.027162898148864,-0.2390267162712711,30,4001.78664442108,3.788136181877593,-50.752507455568264,9.466112310506762,0.07647067333374445
ETH/USDT:USDT,trend,short,2024-08-01 16:30:00+00:00,2024-08-01 19:45:00+00:00,3093.181767,3129.9258944458547,1.3758920180836212,-54.83711374372798,-1.026216585745843,stop_loss,4.2811620795291905,0.0,13,4255.884103697092,4.2811620795291905,-50.555951664198794,10.059395357618268,0.08690172744567688
ETH/USDT:USDT,trend,long,2024-08-01 20:45:00+00:00,2024-08-02 06:15:00+00:00,3171.55118,3132.0086167147706,1.2690886525967902,-54.49045515664339,-1.0243476510227445,stop_loss,3.999888104488022,0.3075486922803688,38,4024.9796136679597,4.307436796768391,-50.183018359875,10.701760531013045,0.08792441963249072
ETH/USDT:USDT,trend,short,2024-08-02 14:45:00+00:00,2024-08-03 00:45:00+00:00,3035.5290680000003,2961.1766311300653,0.24281015922376686,17.415992397095398,1.4822950481433552,partial_tp,0.7280305328119208,-0.0904958948433302,40,737.0572963294527,0.6375346379685906,18.05352703506399,8.649729690534437,0.05234514203486549
ETH/USDT:USDT,trend,short,2024-08-02 14:45:00+00:00,2024-08-03 03:15:00+00:00,3035.5290680000003,2976.892616332826,0.7284304776713006,40.51621782833854,1.1689801384585818,stop_loss,2.5583442479046496,-0.3619835793733208,50,2211.171888988358,2.196360668531329,42.71257849686987,9.933016422057511,0.060111144977887304
ETH/USDT:USDT,trend,short,2024-08-04 17:00:00+00:00,2024-08-04 17:30:00+00:00,2746.455816,2670.5449091405258,0.2395691297659698,17.537036821238093,1.4843389892691923,partial_tp,0.6488730748317717,0.0,2,657.9660297798065,0.6488730748317717,18.185909896069866,9.861802060646234,0.052961199608050936
ETH/USDT:USDT,trend,short,2024-08-04 17:00:00+00:00,2024-08-04 18:15:00+00:00,2746.455816,2692.0542137281423,0.7187073892979094,36.81550185497209,1.06375253137627,stop_loss,2.2833316874581078,0.0,5,1973.8980893394196,2.2833316874581078,39.0988335424302,11.567627020816674,0.06212205435411164
ETH/USDT:USDT,trend,short,2024-08-05 00:00:00+00:00,2024-08-05 00:45:00+00:00,2649.464922,2576.08091095699,0.24919827092006477,17.63607017200384,1.4843724134061114,partial_tp,0.6510984930932158,0.0,3,660.2420774257644,0.6510984930932158,18.287168665097056,9.861511638758337,0.05284976910627349
ETH/USDT:USDT,trend,short,2024-08-05 00:00:00+00:00,2024-08-05 01:15:00+00:00,2649.464922,2264.137416142989,0.7475948127601943,285.902031743831,7.794198105163534,stop_loss,2.1668128486939127,0.0,5,1980.726232277293,2.1668128486939127,288.0688445925249,10.939486807334657,0.05862684881255754
ETH/USDT:USDT,trend,short,2024-08-05 06:30:00+00:00,2024-08-05 07:45:00+00:00,2194.171551,2324.952755089526,0.39049315713220223,-51.95150883734877,-1.0053602059625948,stop_loss,0.8823435588788859,0.0,5,856.8089762396509,0.8823435588788859,-51.06916527846988,10.298019551000747,0.017370033311631675
ETH/USDT:USDT,trend,long,2024-08-05 14:15:00+00:00,2024-08-06 00:30:00+00:00,2358.7474119999997,2526.7307094605308,0.11231035212396423,18.613222607808357,1.4932596917018086,partial_tp,0.27434488405757773,-0.02130420312907029,41,264.9117524132093,0.25304068092850746,18.866263288736864,9.551885811914252,0.02002810219535619
ETH/USDT:USDT,trend,long,2024-08-05 14:15:00+00:00,2024-08-06 08:30:00+00:00,2358.7474119999997,2468.572663579246,0.3369310563718927,36.22783635084873,0.9762733783269829,stop_loss,0.9456929024616847,-0.16999122240603226,73,794.7352572396279,0.7757016800556524,37.00353803090439,9.760504180346985,0.020465526813392105
ETH/USDT:USDT,trend,long,2024-08-08 01:15:00+00:00,2024-08-08 02:00:00+00:00,2378.9834809999998,2448.7151418933036,0.2704015431306034,18.202840131909376,1.4843577791724443,partial_tp,0.6527085786999192,0.0,3,643.2808043446144,0.6527085786999192,18.855548710609295,10.146557681989439,0.05138291498144936
ETH/USDT:USDT,trend,long,2024-08-08 01:15:00+00:00,2024-08-08 07:30:00+00:00,2378.9834809999998,2411.891374930799,0.8112046293918102,24.430205567042726,0.7005008589585191,stop_loss,2.26483033315625,0.0,25,1929.8424130338433,2.26483033315625,26.695035900198977,11.73583043807076,0.059431109203319586
ETH/USDT:USDT,trend,long,2024-08-08 23:00:00+00:00,2024-08-09 10:15:00+00:00,2698.269238,2643.512411216383,0.9455365818949076,-54.43652853299949,-1.014700514149212,stop_loss,2.525424980914501,0.1365207196924156,45,2551.312272330697,2.6619457006069163,-51.774582832392575,10.433633426515652,0.05216995528070587
ETH/USDT:USDT,trend,short,2024-08-12 00:45:00+00:00,2024-08-12 07:30:00+00:00,2535.649077,2578.2470388682905,1.2134525750679053,-54.79334172693654,-1.0184876825002986,stop_loss,3.102735205215068,0.0,27,3076.8899019542073,3.102735205215068,-51.69060652172147,10.083998141254408,0.061134852175581345
ETH/USDT:USDT,trend,long,2024-08-16 02:45:00+00:00,2024-08-16 12:30:00+00:00,2593.7678969999997,2561.524711874026,1.603785661080868,-55.93271495038414,-1.0244225671780913,stop_loss,4.133992182394171,0.08756479537705904,39,4159.847761380477,4.22155697777123,-51.71115797261291,10.148344891281006,0.08363104610705874
ETH/USDT:USDT,trend,long,2024-08-19 17:45:00+00:00,2024-08-20 00:15:00+00:00,2606.18162,2649.6478089761385,0.42530375392298425,17.357930768788673,1.4730532375954888,partial_tp,1.1176619930612235,0.010740578427729608,26,1108.4188263910844,1.1284025714889532,18.486333340277625,10.180290560048805,0.08991491339287483
ETH/USDT:USDT,trend,long,2024-08-19 17:45:00+00:00,2024-08-20 08:00:00+00:00,2606.18162,2664.796704512188,1.2759112617689528,70.82782440934098,1.9864437634505137,stop_loss,3.916859715588116,0.04296231371091843,57,3325.256479173253,3.9598220292990343,74.78764643864001,11.908320618575416,0.10517731402242618
ETH/USDT:USDT,trend,short,2024-08-20 14:15:00+00:00,2024-08-20 15:00:00+00:00,2610.2167,2573.484093471154,0.5063364404333295,17.286708933635023,1.4691310912330873,partial_tp,1.3123483040188049,0.0,3,1321.6478326376318,1.3123483040188049,18.599057237653827,9.929636864002811,0.1036617970107525
ETH/USDT:USDT,trend,short,2024-08-20 14:15:00+00:00,2024-08-20 17:45:00+00:00,2610.2167,2588.2465087145024,1.5190093212999884,28.763844401859547,0.878704076513487,stop_loss,4.609080951555004,0.0,14,3964.9434979128955,4.609080951555004,33.37292535341455,11.62458167179728,0.12135640427750713
ETH/USDT:USDT,trend,long,2024-08-23 18:00:00+00:00,2024-08-23 21:15:00+00:00,2716.364665,2767.9474762652294,0.3639562239884084,17.77586044174527,1.4762284246620314,partial_tp,0.9980247690543378,0.0,13,988.6378264489379,0.9980247690543378,18.77388521079961,10.09494824448622,0.07847669867222025
ETH/USDT:USDT,trend,long,2024-08-23 18:00:00+00:00,2024-08-23 22:45:00+00:00,2716.364665,2754.0395522478084,1.091868671965225,37.65522869857994,1.0782029534059454,stop_loss,3.4808004071241347,0.0,19,2965.913479346814,3.4808004071241347,41.136029105704075,11.736014659101638,0.09123411667990708
ETH/USDT:USDT,trend,short,2024-08-27 10:30:00+00:00,2024-08-27 12:30:00+00:00,2639.1080300000003,2606.8788338734507,0.5810220245580378,17.201855829099603,1.4644741826693384,partial_tp,1.524016954226312,0.0,8,1533.3798906179748,1.524016954226312,18.725872783325915,9.938939225374284,0.11918715401090033
ETH/USDT:USDT,trend,short,2024-08-27 10:30:00+00:00,2024-08-27 14:15:00+00:00,2639.1080300000003,2597.533658830795,1.7430660736741133,67.13627974017369,1.8891129955257684,stop_loss,5.330596179203224,0.0,15,4600.1396718539245,5.330596179203224,72.46687591937692,11.587900714881805,0.13896139978817793
ETH/USDT:USDT,trend,short,2024-08-27 21:15:00+00:00,2024-08-27 21:45:00+00:00,2556.272888,2514.8112641108096,0.4580808117356581,17.831291154649506,1.47320139444668,partial_tp,1.1614831723893757,0.0,2,1170.9795595528951,1.1614831723893757,18.99277432703888,9.918902195294123,0.09009208448048545
ETH/USDT:USDT,trend,short,2024-08-27 21:15:00+00:00,2024-08-27 22:45:00+00:00,2556.272888,2461.045078903478,1.3742424352069744,126.83310086193013,3.383604596048488,stop_loss,4.032995410299018,0.0,6,3512.938678658685,4.032995410299018,130.86609627222916,11.480403671147775,0.10427499707596932
ETH/USDT:USDT,trend,long,2024-08-28 10:00:00+00:00,2024-08-28 13:45:00+00:00,2524.197032,2487.258312412548,1.4448379059167813,-56.9908325786895,-1.0206231999446334,stop_loss,3.6203703227082444,0.0,15,3647.0555538362346,3.6203703227082444,-53.37046225598125,9.92683075227653,0.06923368821548795
ETH/USDT:USDT,trend,long,2024-09-04 07:45:00+00:00,2024-09-04 14:45:00+00:00,2400.82003,2443.1776229039833,0.45259475253222337,18.086690696637817,1.4744780620836677,partial_tp,1.0961839594913747,-0.012050377890136509,28,1086.598547352255,1.0841335816012383,19.170824278239056,9.977314844042233,0.08338353944716527
ETH/USDT:USDT,trend,long,2024-09-04 07:45:00+00:00,2024-09-04 18:00:00+00:00,2400.82003,2444.877256956493,1.35778425759667,55.84526180631915,1.5336427348656352,stop_loss,3.8330050203303374,0.1419423682406251,41,3259.7956420567652,3.9749473885709623,59.82020919489011,12.19385453887831,0.10190785465316833
ETH/USDT:USDT,trend,short,2024-09-06 17:45:00+00:00,2024-09-06 20:45:00+00:00,2243.72668,2177.0206135201292,0.29159108385464927,18.806368977163345,1.4854605055910248,partial_tp,0.6445252473825209,0.0,12,654.2506944947938,0.6445252473825209,19.450894224545866,9.851349838920953,0.04922225111043055
ETH/USDT:USDT,trend,short,2024-09-06 17:45:00+00:00,2024-09-06 21:45:00+00:00,2243.72668,2216.7314727351295,0.8747732515639478,21.33661514761975,0.6011494358509344,stop_loss,2.2780700881139118,0.0,16,1962.7520834843815,2.2780700881139118,23.61468523573366,11.606509590705725,0.057991903539171615
ETH/USDT:USDT,trend,long,2024-09-13 21:15:00+00:00,2024-09-14 06:00:00+00:00,2434.8502359999998,2411.6279023385086,2.336918202362786,-59.97968661161765,-1.0321666492989623,stop_loss,5.662911489418284,0.048080887318726874,35,5690.045836535724,5.7109923767370105,-54.26869423488064,10.036812603629286,0.10862055829380544
ETH/USDT:USDT,trend,short,2024-09-15 20:30:00+00:00,2024-09-15 23:00:00+00:00,2360.111754,2331.895167974352,0.677967930483404,17.539425321763275,1.4637211191764277,partial_tp,1.5905151113523792,0.0,10,1600.0800815689367,1.5905151113523792,19.129940433115653,9.940221928097632,0.12169774218562775
ETH/USDT:USDT,trend,short,2024-09-15 20:30:00+00:00,2024-09-15 23:15:00+00:00,2360.111754,2315.7455285377437,2.033903791450212,84.68147221161685,2.3014754913375723,stop_loss,5.55516196840127,0.0,11,4800.24024470681,5.55516196840127,90.23663418001811,11.572674877110385,0.1416837987904165
ETH/USDT:USDT,trend,long,2024-09-16 08:30:00+00:00,2024-09-16 09:45:00+00:00,2317.945175,2295.542756352349,2.4311391650396925,-60.07141296459384,-1.0317253288570758,stop_loss,5.608015598674324,0.0,5,5635.247297357284,5.608015598674324,-54.46339736591952,9.95167612485129,0.10623523352581794
ETH/USDT:USDT,trend,long,2024-09-17 14:15:00+00:00,2024-09-17 15:15:00+00:00,2353.795927,2389.2351735366715,0.5443906161400568,18.001762446041592,1.4702546862143293,partial_tp,1.2910308115963054,0.0,4,1281.3844149674862,1.2910308115963054,19.292793257637896,10.07528105161997,0.09838617329531034
ETH/USDT:USDT,trend,long,2024-09-17 14:15:00+00:00,2024-09-17 18:15:00+00:00,2353.795927,2356.9989954171397,1.6331718484201705,0.523430153533234,0.132884494191813,stop_loss,4.487461032969921,0.2202699809329109,16,3844.153244902459,4.707731013902832,5.231161167436065,12.246470715353297,0.11958806745772753
ETH/USDT:USDT,trend,short,2024-09-18 00:30:00+00:00,2024-09-18 03:00:00+00:00,2315.3052000000002,2335.7599736799207,2.6617519328629298,-60.635524236759,-1.035461616084889,stop_loss,6.189990857956995,0.0,10,6162.768091267593,6.189990857956995,-54.445533378802004,10.044172953267504,0.11772311775765124
ETH/USDT:USDT,trend,long,2024-09-19 05:00:00+00:00,2024-09-19 12:00:00+00:00,2414.534143,2448.0646615917804,0.5721309216113247,17.678635961858333,1.4678402278684695,partial_tp,1.3910215677486106,0.11418897441408896,28,1381.4296444966,1.5052105421626996,19.183846504021034,10.896034757609431,0.11517025976698762
ETH/USDT:USDT,trend,long,2024-09-19 05:00:00+00:00,2024-09-19 13:45:00+00:00,2414.534143,2422.619586327129,1.7163927648339743,8.57909787555178,0.35395035550151976,stop_loss,4.84194265395168,0.4567558976563558,35,4144.2889334898,5.298698551608036,13.877796427159815,12.785543278098944,0.13514222130875292
ETH/USDT:USDT,trend,long,2024-09-19 16:30:00+00:00,2024-09-20 00:45:00+00:00,2471.751303,2444.963100309379,2.0115163406837913,-59.327129945708606,-1.0281605565904743,stop_loss,4.9450256823660865,0.4971968136090953,33,4971.968136090953,5.442222495975182,-53.884907449733426,10.945811290443931,0.10384129388680476
ETH/USDT:USDT,trend,long,2024-09-20 04:00:00+00:00,2024-09-21 00:15:00+00:00,2538.771403,2577.5762812265834,0.4937582075159122,17.771753863511247,1.4706845679114466,partial_tp,1.2631193307959534,0.12535392172379378,81,1253.5392172379377,1.3884732525197472,19.160227116030995,11.076424522075381,0.10657525994199193
ETH/USDT:USDT,trend,long,2024-09-20 04:00:00+00:00,2024-09-21 01:15:00+00:00,2538.771403,2555.7403468679504,1.4812746225477367,20.234295142842193,0.643114088250221,stop_loss,4.399955093294298,0.5014156868951751,85,3760.6176517138133,4.901370780189473,25.135665923031667,13.033419597857252,0.12540509609453154
ETH/USDT:USDT,trend,long,2024-09-26 02:15:00+00:00,2024-09-26 07:45:00+00:00,2593.537828,2627.2958497563336,0.5677403770782361,17.68375296092008,1.465766727836368,partial_tp,1.4820390404360677,0.0,22,1472.4561444353894,1.4820390404360677,19.16579200135615,10.065081028300188,0.11334379057604374
ETH/USDT:USDT,trend,long,2024-09-26 02:15:00+00:00,2024-09-26 13:30:00+00:00,2593.537828,2614.37220957401,1.7032211312347083,29.955573524960293,0.9046247889363173,stop_loss,5.171339285000394,0.3586461431001278,45,4417.368433306168,5.529985428100521,35.48555895306082,12.518732615566813,0.14097458369850044
ETH/USDT:USDT,trend,short,2024-09-30 10:00:00+00:00,2024-09-30 11:15:00+00:00,2593.9415839999997,2617.9701083438017,2.2604567896187855,-60.20609158339359,-1.033779762763982,stop_loss,5.890650585926041,0.0,5,5863.492865427306,5.890650585926041,-54.31544099746755,10.046316625809958,0.11211609909469507
ETH/USDT:USDT,trend,short,2024-09-30 18:30:00+00:00,2024-09-30 20:00:00+00:00,2582.115133,2607.408420107057,2.131245680310413,-59.43628371548066,-1.0319031612316139,stop_loss,5.530074827714281,0.0,6,5503.1217232703975,5.530074827714281,-53.90620888776638,10.048977845301714,0.10585982235268614
ETH/USDT:USDT,trend,short,2024-10-01 15:00:00+00:00,2024-10-01 17:15:00+00:00,2510.356667,2455.9867367967736,0.3534683802399934,18.34032848336813,1.4799504147879015,partial_tp,0.8777226793278106,0.0,9,887.3317049091585,0.8777226793278106,19.21805116269594,9.891708754142492,0.06759197549964882
ETH/USDT:USDT,trend,short,2024-10-01 15:00:00+00:00,2024-10-01 17:30:00+00:00,2510.356667,2482.688234554488,1.0604051407199802,26.24875690770262,0.7531351966281598,stop_loss,3.090991093181613,0.0,10,2661.9951147274755,3.090991093181613,29.339748000884235,11.611558098212575,0.07934404155990249
ETH/USDT:USDT,trend,short,2024-10-02 18:15:00+00:00,2024-10-02 20:00:00+00:00,2410.146739,2362.8807783016287,0.4077575770695892,18.299934544363552,1.4778429172174308,partial_tp,0.9731190678706945,0.0,7,982.7555946768115,0.9731190678706945,19.273053612234246,9.901943811276025,0.07461802114995617
ETH/USDT:USDT,trend,short,2024-10-02 18:15:00+00:00,2024-10-03 02:45:00+00:00,2410.146739,2391.9033586338114,1.2232727312087677,18.95943255136019,0.5704073303899679,stop_loss,3.4284862665053266,-0.07128909083785591,34,2948.266784030435,3.3571971756674706,22.31662972702766,11.387019634220504,0.0858090985058556
ETH/USDT:USDT,trend,short,2024-10-03 15:00:00+00:00,2024-10-03 18:15:00+00:00,2315.745068,2350.0529825886706,1.5579409502220056,-56.91750781459386,-1.020974381555874,stop_loss,3.634518924239048,-0.16671616405380427,13,3607.794071711843,3.4678027601852435,-53.44970505440862,9.611975326906128,0.0662405484713868
ETH/USDT:USDT,trend,long,2024-10-04 16:00:00+00:00,2024-10-05 03:00:00+00:00,2418.32528,2390.427397662569,1.9156012306469037,-58.51029869987597,-1.0263918027735213,stop_loss,4.605826273603506,0.4632546882472518,44,4632.546882472518,5.069080961850758,-53.44121773802521,10.942319830652744,0.09735674760152263
ETH/USDT:USDT,trend,long,2024-10-07 01:00:00+00:00,2024-10-07 09:15:00+00:00,2489.566646,2467.0922672122583,2.382187043903696,-59.99107447940336,-1.0340640837927082,stop_loss,5.903844322052008,0.5490561894085509,33,5930.613409035979,6.452900511460559,-53.5381739679428,10.880662869761187,0.1246346701922333
ETH/USDT:USDT,trend,short,2024-10-07 09:30:00+00:00,2024-10-07 11:45:00+00:00,2452.5440160000003,2471.5424485435015,2.819413106850166,-60.505946681454645,-1.0405999101671226,stop_loss,6.941516958698722,0.0,9,6914.7347438373445,6.941516958698722,-53.564429722755925,10.038732092919757,0.13485333384547796
ETH/USDT:USDT,trend,long,2024-10-07 14:15:00+00:00,2024-10-07 15:30:00+00:00,2505.6614729999997,2479.6161911370114,2.0225163328303988,-57.718410710771046,-1.0294100224929286,stop_loss,5.041402749705842,0.0,5,5067.741253686375,5.041402749705842,-52.6770079610652,9.948027133466269,0.09851870329853223
ETH/USDT:USDT,trend,long,2024-10-14 14:00:00+00:00,2024-10-14 14:30:00+00:00,2581.17412,2618.2777316788247,0.5036059378423297,17.376361743836686,1.4688941839137666,partial_tp,1.309237413015376,0.0,2,1299.89461343695,1.309237413015376,18.685599156852064,10.071873515605418,0.10292050071273066
ETH/USDT:USDT,trend,long,2024-10-14 14:00:00+00:00,2024-10-15 00:00:00+00:00,2581.17412,2622.477534722553,1.510817813526989,57.43113422390446,1.6351601075094702,stop_loss,4.580832114390489,0.389968384031085,40,3899.68384031085,4.970800498421574,62.40193472232603,12.746675633133746,0.13025324797340154
ETH/USDT:USDT,trend,long,2024-10-15 14:00:00+00:00,2024-10-15 15:15:00+00:00,2659.917736,2625.828885539423,1.5392237411143088,-56.53834128090944,-1.0236626001075202,stop_loss,4.067973344694115,0.0,5,4094.2085286622223,4.067973344694115,-52.470367936215325,9.935921231699746,0.07936350239167064
ETH/USDT:USDT,trend,long,2024-10-20 14:00:00+00:00,2024-10-20 14:30:00+00:00,2692.017363,2714.165459541409,0.8324647243364897,16.187280835382126,1.446794287969132,partial_tp,2.2502282465398,0.0,2,2241.0094919988387,2.2502282465398,18.437509081921924,10.041136615323921,0.17657577058024224
ETH/USDT:USDT,trend,long,2024-10-20 14:00:00+00:00,2024-10-20 15:15:00+00:00,2692.017363,2698.436755309507,2.497394173009469,8.180203849555134,0.4193380730603041,stop_loss,7.851549098469948,0.0,5,6723.028475996516,7.851549098469948,16.031752948025083,11.67858968097879,0.20537077137883075
ETH/USDT:USDT,trend,long,2024-10-20 22:15:00+00:00,2024-10-21 08:15:00+00:00,2744.503104,2720.8212643495153,2.234675265641105,-60.25444854474157,-1.0357086765152665,stop_loss,6.106612592328128,1.2266146405968072,40,6133.0732029840365,7.333227232924935,-52.92122131181664,11.956855870164677,0.14351685172281745
ETH/USDT:USDT,trend,short,2024-10-22 00:45:00+00:00,2024-10-22 06:15:00+00:00,2637.0486480000004,2658.6465315243395,2.442022347372583,-59.208617209021966,-1.038333388626701,stop_loss,6.46610298663585,0.0,22,6439.731729524657,6.46610298663585,-52.74251422238612,10.040950862891208,0.12729712878331356
ETH/USDT:USDT,trend,short,2024-10-22 09:30:00+00:00,2024-10-22 11:15:00+00:00,2617.81442,2638.2673847726146,2.5684074462222424,-59.281426841969775,-1.0402428050500578,stop_loss,6.749879822665614,0.0,7,6723.614049155961,6.749879822665614,-52.53154701930416,10.039064963154674,0.13366280490274188
ETH/USDT:USDT,trend,short,2024-10-23 15:15:00+00:00,2024-10-23 16:45:00+00:00,2539.2380000000003,2505.9274178619817,0.552698465915049,17.156823347769453,1.466903743917219,partial_tp,1.3942275933699873,-0.14034329471931975,6,1403.4329471931974,1.2538842986506675,18.41070764642012,8.93440831041041,0.09990531637643647
ETH/USDT:USDT,trend,short,2024-10-23 15:15:00+00:00,2024-10-23 18:45:00+00:00,2539.2380000000003,2486.6813029916634,1.658095397745147,82.83694730262567,2.314448162149053,stop_loss,4.868443306461086,-0.561373178877279,14,4210.298841579592,4.307070127583807,87.14401743020949,10.22984422162278,0.11439099131523095
ETH/USDT:USDT,trend,long,2024-10-24 01:00:00+00:00,2024-10-24 08:30:00+00:00,2557.577043,2532.9443783986667,2.123898277212196,-58.26635209597391,-1.0318403875288549,stop_loss,5.405874838510204,0.5432033475465162,30,5432.033475465162,5.94907818605672,-52.31727390991719,10.951843748619908,0.11733216741204511
ETH/USDT:USDT,trend,short,2024-10-25 23:15:00+00:00,2024-10-26 00:30:00+00:00,2385.754059,2425.097913601794,1.3054390295769944,-54.18969469010146,-1.0188341864986665,stop_loss,3.1401369652759277,-0.31144564635903355,5,3114.4564635903353,2.8286913189168943,-51.361003371184566,9.082455805646383,0.05611197658925458
ETH/USDT:USDT,trend,long,2024-10-29 02:15:00+00:00,2024-10-29 16:45:00+00:00,2624.58714,2669.146749777969,0.4145166814880666,17.26473755607615,1.473512770186759,partial_tp,1.0971705023358393,0.10879351515490558,58,1087.9351515490557,1.2059640174907449,18.470701573566895,11.084888798506363,0.09620659903364906
ETH/USDT:USDT,trend,long,2024-10-29 02:15:00+00:00,2024-10-29 18:15:00+00:00,2624.58714,2646.9979498443554,1.2435500444641998,23.612082005596225,0.7410885028039816,stop_loss,3.8217075122109088,0.4351740606196223,64,3263.805454647167,4.256881572830531,27.868963578426758,13.042693971754272,0.11319854010878598
ETH/USDT:USDT,trend,long,2024-10-30 10:00:00+00:00,2024-10-30 11:15:00+00:00,2696.018563,2671.745680308282,2.144975693548676,-57.821605301391926,-1.0341596091718028,stop_loss,5.756861915297983,0.0,5,5782.89428699103,5.756861915297983,-52.064743386093944,9.954983836118865,0.11434828410142
ETH/USDT:USDT,trend,long,2024-10-30 14:15:00+00:00,2024-10-30 15:30:00+00:00,2713.643849,2681.925054680158,1.6191987600365405,-55.72728167180736,-1.026034146458971,stop_loss,4.368249239265315,0.0,5,4393.9287554815855,4.368249239265315,-51.359032432542044,9.941556821593354,0.08726747112334177
ETH/USDT:USDT,trend,short,2024-10-30 20:00:00+00:00,2024-10-31 13:45:00+00:00,2651.634271,2608.935845668031,0.4293028688054514,17.429038407083283,1.4730072329888642,partial_tp,1.129188921318907,-0.22767083991263035,71,1138.3541995631517,0.9015180814062767,18.33055648848956,7.919486586444167,0.07244420841317904
ETH/USDT:USDT,trend,short,2024-10-30 20:00:00+00:00,2024-11-01 01:45:00+00:00,2651.634271,2525.820915804667,1.287908606416354,159.72657719058338,4.340300157874165,stop_loss,3.9032216469919376,-1.5936958793884124,119,3415.0625986894547,2.3095257676035255,162.03610295818692,6.7627626166788755,0.061862972947027216
ETH/USDT:USDT,trend,short,2024-11-03 14:00:00+00:00,2024-11-03 16:00:00+00:00,2435.659083,2453.0904095107253,3.0345091667075703,-60.31299765904895,-1.0440658332264434,stop_loss,7.41747757438039,0.0,8,7391.029814338055,7.41747757438039,-52.89552008466856,10.035783592688299,0.14640814367148208
ETH/USDT:USDT,trend,long,2024-11-05 04:00:00+00:00,2024-11-05 14:15:00+00:00,2423.596861,2459.2709862084625,0.5186607815767791,17.23649363570443,1.4695979304507583,partial_tp,1.2662760269846332,0.0,41,1257.0246421532884,1.2662760269846332,18.502769662689065,10.073597481871932,0.100575030795988
ETH/USDT:USDT,trend,long,2024-11-05 04:00:00+00:00,2024-11-05 15:00:00+00:00,2423.596861,2451.492541868754,1.5559823447303374,38.9838980850135,1.1491644051165346,stop_loss,4.421288840999516,0.0,44,3771.0739264598656,4.421288840999516,43.405186926013016,11.724216833770868,0.1170548526717813
ETH/USDT:USDT,trend,long,2024-11-06 01:00:00+00:00,2024-11-06 02:30:00+00:00,2508.902445,2554.92524359946,0.4058806664386231,17.652109288429703,1.4754205275539558,partial_tp,1.0276548784895505,0.0,6,1018.3149964060909,1.0276548784895505,18.679764166919252,10.091718987900823,0.08116928508388717
ETH/USDT:USDT,trend,long,2024-11-06 01:00:00+00:00,2024-11-06 03:15:00+00:00,2508.902445,2574.648166694124,1.2176419993158691,76.45062214667132,2.107707274183419,stop_loss,3.604129863426367,0.0,9,3054.9449892182724,3.604129863426367,80.05475201009769,11.797691533387072,0.0948906909272203
ETH/USDT:USDT,trend,long,2024-11-06 23:00:00+00:00,2024-11-07 01:15:00+00:00,2733.8098969999996,2788.081414365705,0.3478139565597698,17.821010027442846,1.4772263782060642,partial_tp,0.9602954323495609,0.09508572367578266,9,950.8572367578266,1.0553811560253437,18.87639118346819,11.099259859702137,0.08259189310018332
ETH/USDT:USDT,trend,long,2024-11-06 23:00:00+00:00,2024-11-07 06:00:00+00:00,2733.8098969999996,2821.7981618776535,1.0434418696793095,88.056391070615,2.394968708429503,stop_loss,3.3739056484592824,0.38034289470313065,28,2852.57171027348,3.7542485431624133,91.81063961377743,13.160926085193799,0.09793317879458234
ETH/USDT:USDT,trend,long,2024-11-07 17:15:00+00:00,2024-11-08 00:00:00+00:00,2865.0192479999996,2921.982303149641,0.3348192922646357,18.103529928589282,1.477259878922616,partial_tp,0.9687998818451358,0.0,27,959.2637169399186,0.9687998818451358,19.072329810434418,10.099411295734587,0.07503903353075414
ETH/USDT:USDT,trend,long,2024-11-07 17:15:00+00:00,2024-11-08 01:30:00+00:00,2865.0192479999996,2895.271340465929,1.0044578767939072,26.72655696624517,0.7845471479009266,stop_loss,3.3726164855731655,0.2877791150819756,33,2877.7911508197562,3.660395600655141,30.386952566900312,12.719462284858492,0.0945061181229214
ETH/USDT:USDT,trend,long,2024-11-10 04:45:00+00:00,2024-11-10 12:00:00+00:00,3184.535074,3238.0021275587255,0.3572818378215835,17.841701556556735,1.4732260874125416,partial_tp,1.1473279474251958,0.11377765438460125,29,1137.7765438460124,1.261105601809797,19.10280715836653,11.083947974062612,0.09725762586440478
ETH/USDT:USDT,trend,long,2024-11-10 04:45:00+00:00,2024-11-10 12:45:00+00:00,3184.535074,3184.1599853988337,1.0718455134647504,-4.8391645367940805,-0.010335155493882298,stop_loss,3.9820168849438877,0.455110617538405,32,3413.329631538037,4.4371275024822925,-0.40203703431178806,12.999411077924327,0.1140651203012604
ETH/USDT:USDT,trend,long,2024-11-13 14:45:00+00:00,2024-11-13 16:30:00+00:00,3322.956588,3262.410288967116,0.8718143758682887,-56.029282010033505,-1.0164354785864516,stop_loss,2.870608756853394,0.37353935069137,7,2897.001323804638,3.2441481075447642,-52.78513390248874,11.198296945491961,0.062469619578669346
ETH/USDT:USDT,trend,long,2024-11-21 19:00:00+00:00,2024-11-22 00:30:00+00:00,3386.5856710000003,3330.855633403088,0.9437422364608099,-56.856971512733175,-1.018263251811341,stop_loss,3.1697665399557957,1.092414653022537,22,3196.063935115673,4.262181192978333,-52.59479031975484,13.335719433360067,0.08251810597562409
ETH/USDT:USDT,trend,long,2024-11-22 04:30:00+00:00,2024-11-22 06:15:00+00:00,3411.553159,3363.036144234482,1.0812367752112129,-56.120848133748375,-1.0212431133992652,stop_loss,3.662467545804815,0.0,7,3688.696736098786,3.662467545804815,-52.45838058794356,9.928893069367065,0.07129975644084402
ETH/USDT:USDT,trend,long,2024-11-23 14:00:00+00:00,2024-11-23 16:15:00+00:00,3458.4872349999996,3415.4962098342553,1.2173305463774846,-58.07624097052413,-1.0244234539659098,stop_loss,4.183955011344933,1.5579978048355045,9,4210.122155422106,5.741952816180437,-52.334288154343696,13.638447066875548,0.11239650607481569
ETH/USDT:USDT,trend,long,2024-11-27 14:45:00+00:00,2024-11-27 18:30:00+00:00,3523.3766960000003,3590.3903325005485,0.279751393129349,17.752115051381843,1.476264724058447,partial_tp,0.995043118310329,0.0,15,985.6695392254828,0.995043118310329,18.74715816969217,10.09509859757066,0.07835571883387885
ETH/USDT:USDT,trend,long,2024-11-27 14:45:00+00:00,2024-11-28 01:30:00+00:00,3523.3766960000003,3620.314733851066,0.839254179388047,77.39354845984346,2.1354788841790477,stop_loss,3.4905212139932824,0.47158373434704004,43,2957.0086176764485,3.9621049483403223,81.35565340818378,13.399030779469477,0.10400004301644465
ETH/USDT:USDT,trend,short,2024-11-28 03:30:00+00:00,2024-11-28 08:45:00+00:00,3591.412253,3637.711545689031,1.1341261935934257,-55.93776791946283,-1.0241324272419945,stop_loss,4.099369328411418,-0.6708419924273111,21,4073.114708119679,3.428527335984107,-52.50924058347872,8.41745833759457,0.06686948779776683
ETH/USDT:USDT,trend,long,2024-12-04 01:00:00+00:00,2024-12-04 02:15:00+00:00,3702.250342,3657.36687957178,1.164580580718579,-56.5558423881991,-1.0250660314525848,stop_loss,4.285433648882259,0.0,5,4311.568853251917,4.285433648882259,-52.27040873931684,9.939383539358426,0.08404090515957423
ETH/USDT:USDT,trend,long,2024-12-04 20:15:00+00:00,2024-12-05 00:15:00+00:00,3865.8994219999995,3807.88985255869,0.8917224695379138,-55.14988168034703,-1.0200944763835564,stop_loss,3.4214451613115155,0.0,16,3447.309379571033,3.4214451613115155,-51.72843651903551,9.924972738412194,0.06747154070699138
ETH/USDT:USDT,trend,short,2024-12-05 00:45:00+00:00,2024-12-05 02:30:00+00:00,3798.36015,3849.4202034744867,1.010582653130758,-55.464761389332935,-1.023133282120758,stop_loss,3.8643570800877667,0.0,7,3838.556877933144,3.8643570800877667,-51.60040430924517,10.06721328607358,0.07662250704358138
ETH/USDT:USDT,trend,short,2024-12-05 19:45:00+00:00,2024-12-05 22:15:00+00:00,3832.789818,3755.568469368506,0.2400663739124704,17.627394325594885,1.4784358779470415,partial_tp,0.9108548289986007,0.0,10,920.1239535758974,0.9108548289986007,18.538249154593487,9.899262218516604,0.07264118890424841
ETH/USDT:USDT,trend,short,2024-12-05 19:45:00+00:00,2024-12-05 22:30:00+00:00,3832.789818,3718.2661663068498,0.7201991217374112,79.30063944673628,2.1926044874540054,stop_loss,3.1791939208318567,0.0,11,2760.3718607276924,3.1791939208318567,82.47983336756815,11.517266807645814,0.08451417240669859
ETH/USDT:USDT,trend,long,2024-12-06 04:00:00+00:00,2024-12-06 12:45:00+00:00,3899.5595169999997,3840.748666353623,0.8782957669530347,-55.92719760371676,-1.0199896765132925,stop_loss,3.39913995617571,0.8747364739211475,35,3424.96661676252,4.273876430096857,-51.65332117361991,12.478592956730122,0.08439553814438248
ETH/USDT:USDT,trend,long,2024-12-09 14:45:00+00:00,2024-12-09 16:00:00+00:00,3934.790083,3890.9105996893823,1.1790961033293428,-56.351754378044575,-1.027337219011775,stop_loss,4.613626590390414,0.0,5,4639.495654284241,4.613626590390414,-51.738127787654165,9.94424164646013,0.09161039476309525
ETH/USDT:USDT,trend,short,2024-12-09 20:00:00+00:00,2024-12-09 21:00:00+00:00,3787.803318,3717.1119596757503,0.2615355205870134,17.50690023828162,1.4767123213231508,partial_tp,0.9814009620541789,0.0,4,990.6451126543467,0.9814009620541789,18.488301200335798,9.906685547810367,0.0783872394288707
ETH/USDT:USDT,trend,short,2024-12-09 20:00:00+00:00,2024-12-09 21:15:00+00:00,3787.803318,3586.6955176344936,0.7846065617610403,154.40213714370964,4.201056165192752,stop_loss,3.3883626443961607,0.0,5,2971.9353379630406,3.3883626443961607,157.7904997881058,11.401199080995276,0.09021266677185794
ETH/USDT:USDT,trend,short,2024-12-10 15:30:00+00:00,2024-12-10 21:00:00+00:00,3589.402856,3661.263340511475,0.7198618020593639,-54.08096929364124,-1.015517408190568,stop_loss,2.609738817175832,-0.25838740082371875,22,2583.8740082371874,2.3513514163521134,-51.72961787728912,9.100100890585956,0.046159983275798615
ETH/USDT:USDT,trend,long,2024-12-12 03:30:00+00:00,2024-12-12 14:45:00+00:00,3919.185403,3981.322232924211,0.3000207305308917,17.339595383718795,1.4717023876155075,partial_tp,1.185158036247435,0.11758368676940671,45,1175.836867694067,1.3027417230168417,18.642337106735635,11.079272633895615,0.10284376327029876
ETH/USDT:USDT,trend,long,2024-12-12 03:30:00+00:00,2024-12-12 18:30:00+00:00,3919.185403,3918.0096473791,0.900062191592675,-5.643487838341026,-0.027847612384496675,stop_loss,4.114899910338773,0.47033474707762685,60,3527.510603082201,4.585234657416399,-1.058253180924627,12.9985,0.12065906319329714
ETH/USDT:USDT,trend,short,2024-12-18 20:00:00+00:00,2024-12-19 01:45:00+00:00,3720.5335050000003,3612.0248995194033,0.17357779812284058,18.237719900382807,1.4851729561573623,partial_tp,0.6363846712318035,-0.039419754912595036,23,645.8020136401545,0.5969649163192084,18.834684816702016,9.243776013554543,0.04707252381021131
ETH/USDT:USDT,trend,short,2024-12-18 20:00:00+00:00,2024-12-19 02:45:00+00:00,3720.5335050000003,3637.9188769761345,0.5207333943685217,40.939077745107994,1.1307583465901776,stop_loss,2.2387969499028606,-0.15767901965038014,27,1937.4060409204635,2.0811179302524803,43.020195675360476,10.741774756022435,0.054700854631846096
ETH/USDT:USDT,trend,short,2024-12-19 17:30:00+00:00,2024-12-19 17:45:00+00:00,3515.64499,3432.061432304029,0.22613197855058656,18.115365976254854,1.481752604493028,partial_tp,0.7855492998321136,0.0,1,794.9997574701571,0.7855492998321136,18.900915276086966,9.881126282753637,0.06158377538766938
ETH/USDT:USDT,trend,short,2024-12-19 17:30:00+00:00,2024-12-19 18:45:00+00:00,3515.64499,3473.19787022518,0.6783959356517597,26.02785236098335,0.7524940552105598,stop_loss,2.768101174377869,0.0,5,2384.9992724104713,2.768101174377869,28.795953535361217,11.606297772913802,0.07233584661062993
ETH/USDT:USDT,trend,short,2024-12-19 20:15:00+00:00,2024-12-20 10:00:00+00:00,3369.18894,3217.8769530755753,0.12619394919735355,18.72155038734934,1.4904935757156204,partial_tp,0.41562392933519976,-0.04251712579306455,55,425.1712579306455,0.3731068035421352,19.094657190891475,8.775447459879729,0.029124026065292213
ETH/USDT:USDT,trend,short,2024-12-19 20:15:00+00:00,2024-12-20 10:30:00+00:00,3369.18894,3239.7578508727106,0.37858184759206065,47.70673008850572,1.274956536909769,stop_loss,1.4635992723284283,-0.1700685031722582,57,1275.5137737919363,1.2935307691561702,49.00026085766189,10.141252848337903,0.03365687204442107
ETH/USDT:USDT,trend,long,2024-12-20 14:30:00+00:00,2024-12-20 19:30:00+00:00,3337.190857,3480.044797878876,0.13440743228855037,18.742487815991,1.489113905733357,partial_tp,0.458143569839112,0.0,20,448.5432541461969,0.458143569839112,19.200631385830114,10.214033219855002,0.03553153784167852
ETH/USDT:USDT,trend,long,2024-12-20 14:30:00+00:00,2024-12-20 21:00:00+00:00,3337.190857,3398.532465612216,0.40322229686565114,23.15203577638086,0.639426828707189,stop_loss,1.582268541670715,0.0,26,1345.6297624385907,1.582268541670715,24.734304318051574,11.758572720651484,0.040904524451300744
ETH/USDT:USDT,trend,long,2025-01-02 09:00:00+00:00,2025-01-02 12:00:00+00:00,3442.352396,3476.3578310290536,0.5540740066046337,16.924788884867947,1.4553526245807218,partial_tp,1.9167387480132214,0.0,12,1907.3179841967808,1.9167387480132214,18.841527632881167,10.049392727874938,0.14805226104323288
ETH/USDT:USDT,trend,long,2025-01-02 09:00:00+00:00,2025-01-02 14:00:00+00:00,3442.352396,3448.8217314981025,1.662222019813901,4.072482237861356,0.27687234080117806,stop_loss,6.680989680647988,0.0,20,5721.953952590342,6.680989680647988,10.753471918509344,11.676063344801104,0.17201711835650021
ETH/USDT:USDT,trend,long,2025-01-03 15:45:00+00:00,2025-01-03 18:30:00+00:00,3565.389296,3615.460306643477,0.3803840914210715,17.544853677495272,1.468186601931234,partial_tp,1.3657404758664506,0.13562173679213738,11,1356.2173679213736,1.501362212658588,19.04621589015386,11.070218153596372,0.11573321955311323
ETH/USDT:USDT,trend,long,2025-01-03 15:45:00+00:00,2025-01-04 01:00:00+00:00,3565.389296,3593.7829985230755,1.1411522742632145,26.689224494586778,0.8325626562728768,stop_loss,4.762961556829289,0.9493521575449616,37,4068.652103764121,5.71231371437425,32.40153820896103,14.03981851652908,0.14677880564905157
ETH/USDT:USDT,trend,short,2025-01-07 19:45:00+00:00,2025-01-08 17:00:00+00:00,3383.344692,3294.912557042886,0.2185393584122629,18.744049804950883,1.4834236099915916,partial_tp,0.7297310272589381,-0.14787879565544307,85,739.3939782772153,0.5818522316034951,19.32590203655438,7.869312554576225,0.04466199488408505
ETH/USDT:USDT,trend,short,2025-01-07 19:45:00+00:00,2025-01-08 18:00:00+00:00,3383.344692,3275.8037457735354,0.6556180752367887,68.54467732687638,1.8039684188393577,stop_loss,2.552626029883185,-0.5915151826217723,89,2218.181934831646,1.9611108472614127,70.50578817413779,8.841073026817595,0.05017718581579628
ETH/USDT:USDT,trend,long,2025-01-08 22:45:00+00:00,2025-01-09 07:30:00+00:00,3332.309393,3285.464899058344,1.1458725611056868,-57.721741416530556,-1.0214994818508836,stop_loss,3.791562988430134,0.2523581814753973,35,3818.4018985534467,4.0439211699055315,-53.677820246625025,10.590611667770018,0.07695661561376546
ETH/USDT:USDT,trend,short,2025-01-09 13:45:00+00:00,2025-01-09 15:15:00+00:00,3218.73409,3261.15660830095,1.260951389382154,-57.578146982206654,-1.0235991361617347,stop_loss,4.08541358953354,0.0,6,4058.667222837203,4.08541358953354,-53.49273339267312,10.065899383289768,0.07817558677386127
ETH/USDT:USDT,trend,short,2025-01-09 19:45:00+00:00,2025-01-10 02:00:00+00:00,3192.691905,3242.6507576455615,1.0609397421037747,-56.160570909317386,-1.0198525404064966,stop_loss,3.4137553924283006,-0.25651672469326764,25,3387.253726307509,3.157238667735033,-53.003332241582356,9.320939388785561,0.060749348008597374
ETH/USDT:USDT,trend,long,2025-01-13 21:00:00+00:00,2025-01-14 08:15:00+00:00,3105.141263,3188.26097872711,0.23055241409667115,18.34579973646785,1.4829304465780055,partial_tp,0.7254795398557936,0.09217184359058894,45,715.8978142958365,0.8176513834463826,19.16345111991423,11.4213420842838,0.06327253497358021
ETH/USDT:USDT,trend,long,2025-01-13 21:00:00+00:00,2025-01-14 11:30:00+00:00,3105.141263,3209.693720455525,0.6916572422900135,69.40397744173558,1.8653098253412523,stop_loss,2.541799582234594,0.36868737436235577,58,2147.6934428875093,2.91048695659695,72.31446439833253,13.55168711920025,0.07507432934527873
ETH/USDT:USDT,trend,long,2025-01-15 19:00:00+00:00,2025-01-15 19:45:00+00:00,3376.552662,3428.605114871169,0.36827565723693595,17.91656431548524,1.4709250894392554,partial_tp,1.253086976439138,0.0,3,1243.5021507931756,1.253086976439138,19.169651291924378,10.077079284823501,0.0961518310805367
ETH/USDT:USDT,trend,long,2025-01-15 19:00:00+00:00,2025-01-15 22:15:00+00:00,3376.552662,3419.6731379379735,1.104826971710808,43.26458698907918,1.2185206734197545,stop_loss,4.376077860200755,0.0,13,3730.506452379527,4.376077860200755,47.64066484927993,11.730519477883346,0.11192835696182978
ETH/USDT:USDT,trend,short,2025-01-18 05:15:00+00:00,2025-01-18 08:00:00+00:00,3332.79986,3268.2641891469434,0.3001301112440842,18.378509028639606,1.4775584432483326,partial_tp,0.9905890436998985,0.0,11,1000.2735927360682,0.9905890436998985,19.369098072339504,9.903180998613795,0.07556640995061517
ETH/USDT:USDT,trend,short,2025-01-18 05:15:00+00:00,2025-01-18 11:30:00+00:00,3332.79986,3295.027024566225,0.9003903337322525,30.526343475605067,0.8648174131122508,stop_loss,3.483952426625124,0.0,25,3000.8207782082045,3.483952426625124,34.01029590223019,11.609998344204342,0.08859031199438977
ETH/USDT:USDT,trend,long,2025-01-19 14:00:00+00:00,2025-01-19 21:15:00+00:00,3365.60938,3292.9676138124073,0.7352031972573593,-56.10160298074672,-1.0137911706265912,stop_loss,2.4477035475175892,0.24744067768953587,29,2474.4067768953587,2.695144225207125,-53.406458755539596,10.89208229775674,0.05116073004553628
ETH/USDT:USDT,trend,long,2025-01-24 06:00:00+00:00,2025-01-24 20:15:00+00:00,3398.409217,3349.552909334577,1.0950508686803158,-57.9391092367076,-1.0210061331440665,stop_loss,3.694680894132275,0.7442861930414083,57,3721.4309652070415,4.438967087173683,-53.500142149533914,11.928118857168487,0.08471402950970415
ETH/USDT:USDT,trend,short,2025-01-27 05:45:00+00:00,2025-01-27 06:45:00+00:00,3138.8180720000005,3084.2462087894005,0.352112742571975,18.119838306791802,1.4749986835969864,partial_tp,1.0956101155552256,0.0,4,1105.217839766399,1.0956101155552256,19.215448422347027,9.913069407084452,0.08410022200159066
ETH/USDT:USDT,trend,short,2025-01-27 05:45:00+00:00,2025-01-27 09:00:00+00:00,3138.8180720000005,3083.283281320471,1.056338227715925,54.954631616015156,1.5010252230169314,stop_loss,3.838930678000903,-0.13003993102691452,13,3315.6535192991973,3.7088907469739882,58.66352236298914,11.186002172379899,0.09489949352469117
ETH/USDT:USDT,trend,short,2025-01-27 18:45:00+00:00,2025-01-27 20:15:00+00:00,3052.763896,3101.042275672885,1.1082775624916998,-56.915907596907786,-1.019642368766049,stop_loss,3.410062651994002,0.0,6,3383.309729521545,3.410062651994002,-53.50584494491378,10.079073228912566,0.06498438373788028
ETH/USDT:USDT,trend,long,2025-01-27 21:15:00+00:00,2025-01-28 19:00:00+00:00,3180.563883,3125.1591724386294,0.958206685519209,-56.71826076003289,-1.0172183366351704,stop_loss,3.0210929943769544,0.6080036964941014,87,3047.637576411535,3.629096690871056,-53.08916406916183,11.907901119739325,0.06953554014463009
ETH/USDT:USDT,trend,long,2025-01-31 15:30:00+00:00,2025-01-31 18:15:00+00:00,3400.5198499999997,3359.8453933712326,1.3085936629354704,-58.09461161869025,-1.0254185195775816,stop_loss,4.4232855583024016,0.44498987263962764,11,4449.898726396276,4.868275430942029,-53.226336187748224,10.940193766801908,0.09378852919133598
ETH/USDT:USDT,trend,short,2025-01-31 18:45:00+00:00,2025-02-01 09:30:00+00:00,3312.10607,3242.217185180246,0.27315595392879055,18.359812875545526,1.479416677024529,partial_tp,0.895176210563208,-0.16442408414948545,59,904.7214930641875,0.7307521264137224,19.09056500195925,8.077094796750647,0.056629381187861476
ETH/USDT:USDT,trend,short,2025-01-31 18:45:00+00:00,2025-02-01 12:30:00+00:00,3312.10607,3265.477493624836,0.8194678617863717,35.72089620106153,0.9870395513283614,stop_loss,3.147419915834507,-0.6576963365979418,71,2714.1644791925623,2.489723579236565,38.210619780298096,9.173075538801664,0.06431342016201472
ETH/USDT:USDT,trend,short,2025-02-01 22:00:00+00:00,2025-02-02 03:15:00+00:00,3138.748093,3081.3877268310125,0.3338378844449779,18.11080480131771,1.4762165157162248,partial_tp,1.038258491526407,0.0,21,1047.833023172829,1.038258491526407,19.149063292844115,9.908625406580237,0.08004017268806325
ETH/USDT:USDT,trend,short,2025-02-01 22:00:00+00:00,2025-02-02 05:45:00+00:00,3138.748093,3123.2294679391593,1.0015136533349338,11.882470355752542,0.39938466481419993,stop_loss,3.659644523665192,0.0,31,3143.4990695184865,3.659644523665192,15.542114879417735,11.641945624070974,0.09404163543783448
ETH/USDT:USDT,trend,short,2025-02-02 11:45:00+00:00,2025-02-02 14:15:00+00:00,3062.570953,3099.2609782887125,1.4551473806610575,-57.872580992702325,-1.0259923315356412,stop_loss,4.483186797444218,0.0,10,4456.492100346589,4.483186797444218,-53.389394195258106,10.059900694305176,0.0861541012845606
ETH/USDT:USDT,trend,short,2025-02-02 17:00:00+00:00,2025-02-02 17:45:00+00:00,3020.4935800000003,2959.8887828055217,0.3155718666738157,18.181548767222782,1.478346130978016,partial_tp,0.9436202128268516,0.0,3,953.1827973168764,0.9436202128268516,19.125168980049633,9.899677328242362,0.0729403903411476
ETH/USDT:USDT,trend,short,2025-02-02 17:00:00+00:00,2025-02-02 19:30:00+00:00,3020.4935800000003,2969.6518826873657,0.9467156000214472,44.82055450081927,1.2401926909069223,stop_loss,3.312073476620348,0.0,10,2859.548391950629,3.312073476620348,48.13262797743962,11.582505426183856,0.0853393942956226
ETH/USDT:USDT,trend,short,2025-02-02 22:45:00+00:00,2025-02-03 01:30:00+00:00,2873.597662,2747.773501545893,0.1541547703971375,18.977453198059795,1.49023968129365,partial_tp,0.4332805905167535,-0.014339223361065322,11,442.9787877993612,0.4189413671556882,19.396394565215484,9.457368585004113,0.032187582458775524
ETH/USDT:USDT,trend,short,2025-02-02 22:45:00+00:00,2025-02-03 02:00:00+00:00,2873.597662,2562.142688018686,0.4624643111914125,142.61575955055898,3.688819058979742,stop_loss,1.4784073522930603,-0.05735689344426129,13,1328.9363633980836,1.421050458848799,144.0368100094078,10.6931415076579,0.036393460921766985
ETH/USDT:USDT,trend,long,2025-02-03 15:30:00+00:00,2025-02-03 22:00:00+00:00,2703.120693,2834.7246468516723,0.149684605044466,19.386264231480535,1.4903664452652658,partial_tp,0.41446509624651706,-0.10164347314932332,26,404.61555331922824,0.31282162309719375,19.699085854577728,7.731329666667259,0.02366702972204846
ETH/USDT:USDT,trend,long,2025-02-03 15:30:00+00:00,2025-02-04 02:30:00+00:00,2703.120693,2826.3352402693076,0.44905381513339804,54.42202809061675,1.395359496764797,stop_loss,1.4438194178829074,-0.5358849772825854,44,1213.8466599576848,0.9079344406003219,55.32996253121707,7.479811664448397,0.022897086608665473
ETH/USDT:USDT,trend,long,2025-02-17 10:15:00+00:00,2025-02-17 14:00:00+00:00,2760.2978409999996,2808.6226413377995,0.4060558733647143,18.491922571263597,1.4742867571658451,partial_tp,1.1306464350771606,0.0,15,1120.8351505739902,1.1306464350771606,19.622569006340758,10.087535481896209,0.08494795282576895
ETH/USDT:USDT,trend,long,2025-02-17 10:15:00+00:00,2025-02-17 15:30:00+00:00,2760.2978409999996,2798.296261794818,1.218167620094143,42.34237857703707,1.1592509059410698,stop_loss,3.9460672499224456,0.0,21,3362.5054517219705,3.9460672499224456,46.28844582695951,11.735496957786724,0.0988255698080209
ETH/USDT:USDT,trend,short,2025-02-17 16:30:00+00:00,2025-02-18 06:00:00+00:00,2734.57938,2667.5338679808783,0.29594982404332804,19.081107177091308,1.4823123175089357,partial_tp,0.7993772326010362,-0.038376924738409396,54,809.2982863435132,0.7610003078626268,19.842107484953935,9.403211655135202,0.056850822465720686
ETH/USDT:USDT,trend,short,2025-02-17 16:30:00+00:00,2025-02-18 09:15:00+00:00,2734.57938,2693.2463825755817,0.8878494721299841,33.99806745854209,0.9138331464200969,stop_loss,2.8141952622298865,-0.11478277595210049,67,2427.8948590305395,2.699412486277786,36.697479944819875,11.118325310658896,0.06722021810571588
ETH/USDT:USDT,trend,short,2025-02-21 15:45:00+00:00,2025-02-21 19:30:00+00:00,2721.433325,2631.3784266234043,0.22212121954727002,19.43417507288182,1.4869692639783467,partial_tp,0.5944865371387746,-0.02555775640569281,15,604.488089065582,0.5689287807330818,20.003103853614903,9.411745095135494,0.042292417043562264
ETH/USDT:USDT,trend,short,2025-02-21 15:45:00+00:00,2025-02-22 00:30:00+00:00,2721.433325,2675.390100179322,0.66636365864181,28.742405354195796,0.7602569250201541,stop_loss,2.10036754585595,-0.16124115287735336,35,1813.464267196746,1.9391263929785967,30.681531747174393,10.692939629718204,0.04804956548126382
ETH/USDT:USDT,trend,short,2025-02-24 04:30:00+00:00,2025-02-24 14:45:00+00:00,2704.908284,2651.9301748866296,0.3769281683444167,18.968790674836104,1.4778141315988444,partial_tp,1.0095716542125328,-0.009420698595256497,41,1019.5561250277594,1.0001509556172763,19.96894163045338,9.809670415054839,0.07401680285795607
ETH/USDT:USDT,trend,short,2025-02-24 04:30:00+00:00,2025-02-24 22:30:00+00:00,2704.908284,2592.7050293032635,1.1307845050332501,123.50464519238562,3.1298881401634198,stop_loss,3.5050075866844734,-0.1319509537010926,72,3058.668375083278,3.373056632983381,126.877701825369,11.027859902894976,0.08320839516942863
ETH/USDT:USDT,trend,short,2025-02-25 07:15:00+00:00,2025-02-25 11:45:00+00:00,2364.760359,2433.357998651617,0.8068961541079636,-57.277976014101746,-1.0107530804390579,stop_loss,1.9357916248719542,-0.008987226543991755,18,1908.116039064067,1.9268043983279624,-55.35117161577379,10.097941419081945,0.03518486464085099
ETH/USDT:USDT,trend,short,2025-02-26 18:30:00+00:00,2025-02-26 22:00:00+00:00,2317.514537,2373.850343248117,0.979362338419493,-57.47043998365281,-1.0127992099075624,stop_loss,2.2972730397494407,0.0,14,2269.6864562774886,2.2972730397494407,-55.17316694390337,10.121543587642485,0.0421704326301551
ETH/USDT:USDT,trend,short,2025-02-28 02:45:00+00:00,2025-02-28 06:45:00+00:00,2166.0000050000003,2071.912896114823,0.21456060488373313,19.732742416411405,1.4901584206809249,partial_tp,0.45464457775388645,0.0,16,464.73827125096904,0.45464457775388645,20.18738699416529,9.782809075096987,0.033560185186556894
ETH/USDT:USDT,trend,short,2025-02-28 02:45:00+00:00,2025-02-28 13:00:00+00:00,2166.0000050000003,2139.4848759029633,0.6436818146511993,15.466251595299337,0.4199485282049768,stop_loss,1.6180502961719458,-0.01699547857964794,41,1394.214813752907,1.6010548175922978,17.067306412891636,11.483559074247855,0.03939465302594624
ETH/USDT:USDT,trend,long,2025-02-28 14:15:00+00:00,2025-02-28 16:30:00+00:00,2165.6695059999997,2236.293051279255,0.28595013513269857,19.557712888972848,1.4858806504866438,partial_tp,0.6293708940515411,0.007728533128910437,9,619.2734878934644,0.6370994271804515,20.1948123161533,10.28785245348746,0.04687608364284494
ETH/USDT:USDT,trend,long,2025-02-28 14:15:00+00:00,2025-03-01 06:15:00+00:00,2165.6695059999997,2236.378994665626,0.8578504053980958,58.33926591188656,1.487688852189648,stop_loss,2.1977862893857756,0.12111131602732485,64,1857.8204636803935,2.3188976054131003,60.658163517299656,12.48181754236521,0.056872775516167075
ETH/USDT:USDT,trend,long,2025-03-02 21:45:00+00:00,2025-03-03 01:00:00+00:00,2524.097002,2460.185822145843,0.8667331026609305,-57.55395666807012,-1.011686612442087,stop_loss,2.1600214583557555,0.0,13,2187.718425960613,2.1600214583557555,-55.393935209714364,9.87339793240213,0.03944953150075035
ETH/USDT:USDT,trend,short,2025-03-03 18:30:00+00:00,2025-03-03 19:45:00+00:00,2191.652307,2109.2543784344703,0.24599213333521588,19.740247624824487,1.488571914733095,partial_tp,0.5289946054128589,0.0,5,539.1292265279775,0.5289946054128589,20.269242230237346,9.812018703189473,0.03884933159899765
ETH/USDT:USDT,trend,short,2025-03-03 18:30:00+00:00,2025-03-04 03:45:00+00:00,2191.652307,2086.475255867973,0.7379764000056477,75.77003835555405,1.9000915085513312,stop_loss,1.8481432020691098,0.0,37,1617.3876795839324,1.8481432020691098,77.61818155762316,11.42671744936587,0.04524250806148256
ETH/USDT:USDT,trend,short,2025-03-09 17:00:00+00:00,2025-03-09 23:00:00+00:00,2048.905144,1995.0229262511136,0.37818886135832464,19.612970301760964,1.4835263933689629,partial_tp,0.7646842761516179,0.0,24,774.8731034405741,0.7646842761516179,20.37765457791258,9.868509730900247,0.05567025890677222
ETH/USDT:USDT,trend,short,2025-03-09 17:00:00+00:00,2025-03-10 00:45:00+00:00,2048.905144,2042.4872919990391,1.134566584074974,4.474292225502043,0.17670120551706145,stop_loss,2.7084151218310955,0.09877307449556999,31,2324.6193103217224,2.8071881963266656,7.281480421828709,12.075905004583984,0.06812262200378351
ETH/USDT:USDT,trend,short,2025-03-10 14:15:00+00:00,2025-03-10 17:00:00+00:00,2019.394,1950.048247226476,0.29527991134161086,19.91082996836758,1.4874552965853491,partial_tp,0.5860482774183393,-0.0204705149024722,11,596.286481283781,0.5655777625158671,20.476407730883448,9.48500058727142,0.04108492317313418
ETH/USDT:USDT,trend,short,2025-03-10 14:15:00+00:00,2025-03-10 21:00:00+00:00,2019.394,1890.9393854768539,0.8858397340248325,111.84197603934452,2.755330919361409,stop_loss,2.0301075837115103,-0.0818820596098888,27,1788.8594438513426,1.9482255241016215,113.79020156344613,10.890880950977179,0.04717458929408116
ETH/USDT:USDT,trend,short,2025-03-11 00:30:00+00:00,2025-03-11 02:00:00+00:00,1813.235866,1868.8212050234288,1.0126882116433427,-58.15500546443673,-1.010185908875331,stop_loss,1.86438789521172,0.0,6,1836.2425864271077,1.86438789521172,-56.290617569225006,10.153276636718118,0.033458122538884534
ETH/USDT:USDT,trend,long,2025-03-19 10:45:00+00:00,2025-03-19 11:00:00+00:00,1973.471864,1999.7444459224869,0.7735399197879415,18.786170200103754,1.46650297364941,partial_tp,1.536720712838791,0.0,1,1526.5592673823194,1.536720712838791,20.322890912942544,10.066564369124666,0.11089000598883937
ETH/USDT:USDT,trend,long,2025-03-19 10:45:00+00:00,2025-03-19 12:30:00+00:00,1973.471864,1999.2869062664038,2.3206197593638245,54.53398628780444,1.4409636768955536,stop_loss,5.372910884424233,0.0,7,4579.677802146958,5.372910884424233,59.90689717222867,11.732071810609485,0.12923669542413155
ETH/USDT:USDT,trend,long,2025-03-19 15:45:00+00:00,2025-03-19 17:30:00+00:00,2048.484361,2019.6179851251322,1.9744601629449101,-61.281683109208885,-1.0214458809707918,stop_loss,4.0161530106034,0.27002088508543026,7,4044.6507652101595,4.2861738956888304,-56.99550921352005,10.597142113124127,0.07681473034084849
ETH/USDT:USDT,trend,long,2025-03-24 08:30:00+00:00,2025-03-25 01:30:00+00:00,2082.9246900000003,2061.477085377374,2.664194604120023,-62.831647460667114,-1.029700390309531,stop_loss,5.5207464236329225,0.17030853013331276,68,5549.316719886372,5.691054953766235,-57.14059250690088,10.255415650312289,0.10255549076531467
ETH/USDT:USDT,trend,short,2025-03-28 04:45:00+00:00,2025-03-28 11:15:00+00:00,1935.729107,1893.2805871302007,0.4810232727792743,19.497804565119917,1.480200061820967,partial_tp,0.9209213872870388,0.0,26,931.1307502632421,0.9209213872870388,20.418725952406955,9.890355216243078,0.06675969389920912
ETH/USDT:USDT,trend,short,2025-03-28 04:45:00+00:00,2025-03-28 11:30:00+00:00,1935.729107,1890.9815218447218,1.443069818337823,61.347218899952956,1.560369560972751,stop_loss,3.226670681130806,0.0,27,2793.3922507897264,3.226670681130806,64.57388958108376,11.551083383361524,0.07796957480465315
ETH/USDT:USDT,trend,short,2025-03-29 17:00:00+00:00,2025-03-30 01:00:00+00:00,1815.475194,1835.9220161793528,2.793623005947709,-62.27539565890704,-1.0276741852067428,stop_loss,5.100313625105161,0.05436919504031157,32,5071.75326868578,5.154682820145473,-57.12071283876156,10.163512590353557,0.0927392919998273
ETH/USDT:USDT,trend,long,2025-03-30 01:15:00+00:00,2025-03-30 13:30:00+00:00,1835.9206109999998,1818.1045571994246,3.2003281389698635,-62.746805874166164,-1.0315912306335613,stop_loss,5.847039783146354,-0.1174522123620379,49,5875.548392298044,5.729587570784315,-57.017218303381846,9.751579236918445,0.103663287495342
ETH/USDT:USDT,trend,short,2025-04-06 17:00:00+00:00,2025-04-06 17:15:00+00:00,1719.234075,1684.1201950899342,0.5785969843162506,19.33219976499015,1.4787296792146203,partial_tp,0.9845852586169351,0.0,1,994.7436511287386,0.9845852586169351,20.316785023607085,9.897879292818036,0.07166170444498676
ETH/USDT:USDT,trend,short,2025-04-06 17:00:00+00:00,2025-04-06 22:00:00+00:00,1719.234075,1607.0111345886223,1.7357909529487519,191.41135968276546,4.725977109338665,stop_loss,3.3842049966108974,0.0,20,2984.2309533862162,3.3842049966108974,194.79556467937635,11.340291852314008,0.08210492561069044
ETH/USDT:USDT,trend,short,2025-04-07 06:30:00+00:00,2025-04-07 10:15:00+00:00,1467.7295490000001,1513.5556505070167,1.2344817907255243,-58.42914369035575,-1.0100046020739677,stop_loss,1.8401711458754622,0.017484694128820265,15,1811.8854019502865,1.8576558400042824,-56.57148785035147,10.252612212696947,0.03316584058098537
ETH/USDT:USDT,trend,long,2025-04-07 14:00:00+00:00,2025-04-07 16:15:00+00:00,1587.816202,1531.8631504688858,1.0040656849823333,-57.69170218689747,-1.0082838180692666,stop_loss,1.566181492980957,-0.055018318523432475,9,1594.2717624871768,1.5111631744575245,-56.18053901243995,9.47870501137148,0.027121159783289377
ETH/USDT:USDT,trend,short,2025-04-09 01:15:00+00:00,2025-04-09 02:30:00+00:00,1396.390957,1433.8789988684864,1.495776996227024,-58.19047700702768,-1.0116043662891487,stop_loss,2.1167263465502786,0.0,5,2088.6894712200396,2.1167263465502786,-56.0737506604774,10.134231898597461,0.038187023146978284
ETH/USDT:USDT,trend,long,2025-04-09 07:45:00+00:00,2025-04-09 11:00:00+00:00,1483.3448700000001,1451.700584131952,1.7668041108067358,-58.50207954209353,-1.013958980516206,stop_loss,2.592825186882478,0.0,13,2620.7798140600835,2.592825186882478,-55.909254355211054,9.893334697452898,0.04702295556376096
ETH/USDT:USDT,trend,long,2025-04-09 21:00:00+00:00,2025-04-10 01:30:00+00:00,1674.142092,1629.9508799573257,1.2550215420618966,-57.74438545076556,-1.0111924192887534,stop_loss,2.0733539283908793,0.21010843899325696,18,2101.0843899325696,2.283462367384136,-55.460923083381424,10.868018335319789,0.041633274515798215
ETH/USDT:USDT,trend,long,2025-04-21 00:30:00+00:00,2025-04-21 02:00:00+00:00,1614.264134,1634.481193518144,0.9880151307921385,18.36985593421237,1.4644700980130414,partial_tp,1.6049047698390941,0.0,6,1594.9173894870682,1.6049047698390941,19.974760704051466,10.062620048021659,0.11766524167226391
ETH/USDT:USDT,trend,long,2025-04-21 00:30:00+00:00,2025-04-21 10:00:00+00:00,1614.264134,1638.2264157668928,2.9640453923764154,65.40756735334836,1.735764050963198,stop_loss,5.617723508635731,0.0,38,4784.752168461205,5.617723508635731,71.02529086198409,11.740887115669384,0.13728972308594853
ETH/USDT:USDT,trend,short,2025-04-21 11:30:00+00:00,2025-04-21 14:30:00+00:00,1623.982659,1637.8523255588004,4.1093836189608295,-63.6978461838329,-1.036716363496909,stop_loss,6.7020656266496434,0.0,12,6673.567736371051,6.7020656266496434,-56.99578055718326,10.04270263134257,0.1219062365047682
ETH/USDT:USDT,trend,short,2025-04-21 17:00:00+00:00,2025-04-22 00:30:00+00:00,1582.515103,1549.7225572930272,0.6163160791637432,19.245348979018885,1.4790372183557048,partial_tp,0.9652242169004075,0.0,30,975.3295034983672,0.9652242169004075,20.21057319591929,9.896391049776373,0.07063642020515226
ETH/USDT:USDT,trend,short,2025-04-21 17:00:00+00:00,2025-04-22 00:45:00+00:00,1582.515103,1559.9719389267034,1.8489482374912296,38.28833079029341,1.0167609121244645,stop_loss,3.392812690503887,0.0,31,2925.9885104951018,3.392812690503887,41.681143480797296,11.595440919656227,0.08276354816065627
ETH/USDT:USDT,trend,long,2025-04-22 07:45:00+00:00,2025-04-22 13:30:00+00:00,1619.08558,1645.0482243659155,0.7788274698588205,18.94904466885126,1.4720106872428265,partial_tp,1.271098536067476,0.0002774174316663862,23,1260.9883257563008,1.2713759534991425,20.220420622350403,10.082376874794708,0.09255391003022259
ETH/USDT:USDT,trend,long,2025-04-22 07:45:00+00:00,2025-04-22 16:45:00+00:00,1619.08558,1686.0434539161147,2.3364824095764614,151.6464935190655,3.796327701078638,stop_loss,4.491682087440873,0.30771898113431007,36,3782.964977268902,4.799401068575183,156.44589458764068,12.686876821260167,0.11646262289747412
ETH/USDT:USDT,trend,long,2025-04-22 21:30:00+00:00,2025-04-22 21:45:00+00:00,1728.808487,1768.3422219343906,0.5222783043123674,19.734369073574612,1.480132165680856,partial_tp,0.9132429710935237,0.0,1,902.9191650711896,0.9132429710935237,20.647612044668136,10.114338098267304,0.0654661804800102
ETH/USDT:USDT,trend,long,2025-04-22 21:30:00+00:00,2025-04-23 07:00:00+00:00,1728.808487,1775.3579704196566,1.5668349129371024,69.55775313234963,1.742799859907124,stop_loss,3.1966847556497164,0.18091791310531427,38,2708.7574952135687,3.377602668755031,72.93535580110466,12.469195469595657,0.08070825724057193
ETH/USDT:USDT,trend,long,2025-04-30 18:15:00+00:00,2025-05-01 02:00:00+00:00,1780.03385,1812.8210470828756,0.6328060128787542,19.54998097284589,1.4755180097358487,partial_tp,1.1367900911374607,0.0611643955010391,31,1126.4161234077183,1.1979544866384997,20.747935459484392,10.635097116812908,0.08519418345650168
ETH/USDT:USDT,trend,long,2025-04-30 18:15:00+00:00,2025-05-01 13:30:00+00:00,1780.03385,1834.7344476331402,1.8984180386362626,99.45349877971074,2.461683953861598,stop_loss,3.9943787325624833,0.3967237586641984,77,3379.2483702231552,4.391102491226682,103.84460127093742,12.994317108856684,0.10409310074976064
ETH/USDT:USDT,trend,long,2025-05-06 19:00:00+00:00,2025-05-06 20:30:00+00:00,1786.215704,1767.876637798727,3.1917742275686902,-64.20608902837542,-1.029790315614595,stop_loss,5.671930169476216,0.0,6,5701.197248905664,5.671930169476216,-58.534158858899204,9.948665029200548,0.09978615689086372
ETH/USDT:USDT,trend,long,2025-05-06 22:30:00+00:00,2025-05-07 00:15:00+00:00,1805.1413799999998,1834.5862747679073,0.706605271311344,19.51999248271291,1.4724687591714407,partial_tp,1.2859253734983396,0.0,7,1275.5224145702337,1.2859253734983396,20.805917856211252,10.08155841723574,0.09100703714144984
ETH/USDT:USDT,trend,long,2025-05-06 22:30:00+00:00,2025-05-07 02:45:00+00:00,1805.1413799999998,1820.5046491250557,2.119815813934032,28.086688743599673,0.7682803421000518,stop_loss,4.480612101418327,0.0,17,3826.567243710702,4.480612101418327,32.567300845017996,11.709220865731824,0.10570007672655812
ETH/USDT:USDT,trend,long,2025-05-08 04:00:00+00:00,2025-05-08 08:45:00+00:00,1907.1919859999998,1946.91622031277,0.5280326431557782,19.95814496991768,1.4782582941636908,partial_tp,1.0175474715938537,0.0,19,1007.0596253730979,1.0175474715938537,20.975692441511534,10.104143249878282,0.07171148193477765
ETH/USDT:USDT,trend,long,2025-05-08 04:00:00+00:00,2025-05-08 21:45:00+00:00,1907.1919859999998,2161.2844115597554,1.5840979294673347,398.7813228911246,9.455543752221029,stop_loss,3.725962331417114,0.0,71,3021.178876119294,3.725962331417114,402.5072852225417,12.332809423727719,0.0875288501284223
ETH/USDT:USDT,trend,long,2025-05-09 07:15:00+00:00,2025-05-09 07:30:00+00:00,2309.562661,2368.160067153847,0.37211349261272636,20.93456359103094,1.4820261917982522,partial_tp,0.8703218709236296,0.0,1,859.4194281926522,0.8703218709236296,21.80488546195457,10.126858229792468,0.059153707101750434
ETH/USDT:USDT,trend,long,2025-05-09 07:15:00+00:00,2025-05-09 08:45:00+00:00,2309.562661,2398.4386369439767,1.1163404778381791,96.15827353023242,2.247821752123016,stop_loss,3.0575759234010995,0.0,6,2578.2582845779566,3.0575759234010995,99.21584945363352,11.859075336595316,0.06927205388288803
ETH/USDT:USDT,trend,long,2025-05-10 17:15:00+00:00,2025-05-10 21:45:00+00:00,2479.573649,2541.696380157673,0.3544361130160573,21.12867964569784,1.4818065027868719,partial_tp,0.8898597157693353,0.0,18,878.8504460886016,0.8898597157693353,22.018539361467177,10.125268977557347,0.05988589396182434
ETH/USDT:USDT,trend,long,2025-05-10 17:15:00+00:00,2025-05-11 00:15:00+00:00,2479.573649,2534.738372841314,1.063308339048172,55.28815063118095,1.3158379386931423,stop_loss,3.1053051167509853,0.26365513382658046,28,2636.5513382658046,3.3689602505775658,58.65711088175851,12.777904991577005,0.07557490720255905
ETH/USDT:USDT,trend,long,2025-05-13 17:15:00+00:00,2025-05-13 18:45:00+00:00,2602.590543,2662.2699959757942,0.3709121354012774,21.15943301028132,1.4801849662920403,partial_tp,0.976400332550716,0.0,6,965.3324158792999,0.976400332550716,22.135833342832036,10.11465394188938,0.06529020484300477
ETH/USDT:USDT,trend,long,2025-05-13 17:15:00+00:00,2025-05-13 20:00:00+00:00,2602.590543,2666.7840437402306,1.112736406203832,68.01606663709221,1.592143526648699,stop_loss,3.4143786782352135,0.0,11,2895.9972476379,3.4143786782352135,71.43044531532742,11.789992828964627,0.07610453618315956
ETH/USDT:USDT,trend,long,2025-05-18 16:00:00+00:00,2025-05-18 17:15:00+00:00,2572.7716,2544.839105123909,2.2181674174637678,-67.63480868330333,-1.0281087291721693,stop_loss,5.675858660684816,0.0,5,5706.838135696125,5.675858660684816,-61.95895002261852,9.945715167883362,0.09418170954264504
ETH/USDT:USDT,trend,short,2025-05-18 19:45:00+00:00,2025-05-18 20:00:00+00:00,2406.0579660000003,2337.8369100850314,0.3260568090634966,21.47055018966267,1.4847406039361282,partial_tp,0.7733896129144785,0.0,1,784.511582815767,0.7733896129144785,22.24393980257715,9.858230647642326,0.05162228324424493
ETH/USDT:USDT,trend,short,2025-05-18 19:45:00+00:00,2025-05-18 21:00:00+00:00,2406.0579660000003,2381.772422043767,0.9781704271904899,21.021488066819916,0.5285425843516337,stop_loss,2.733912839402074,0.0,5,2353.5347484473014,2.733912839402074,23.75540090622199,11.616199171079671,0.06082782451173935
ETH/USDT:USDT,trend,long,2025-05-19 00:00:00+00:00,2025-05-19 01:15:00+00:00,2480.483922,2422.5818472197648,1.0518439499269006,-63.48257707852904,-1.012715200834003,stop_loss,2.5786300327237472,0.0,5,2609.0820062466496,2.5786300327237472,-60.903947045805296,9.883284720641226,0.042877645179587434
ETH/USDT:USDT,trend,short,2025-05-19 04:45:00+00:00,2025-05-19 07:15:00+00:00,2364.170536,2412.137940479219,1.2662322518193705,-63.76183250643029,-1.0153125192444146,stop_loss,3.0239579187781143,0.0,10,2993.588981484288,3.0239579187781143,-60.73787458765217,10.10144658295331,0.05054938707433597
ETH/USDT:USDT,trend,long,2025-05-22 08:30:00+00:00,2025-05-23 02:15:00+00:00,2660.577934,2722.849167529027,0.35368886147269757,21.07261258820153,1.4805724806140723,partial_tp,0.952029101180533,0.0,71,941.0167803358419,0.952029101180533,22.02464168938206,10.117025764840887,0.06399868419340422
ETH/USDT:USDT,trend,long,2025-05-22 08:30:00+00:00,2025-05-23 04:30:00+00:00,2660.577934,2684.079776385254,1.0610665844180927,21.630992386264634,0.5587841946814243,stop_loss,3.3060272409890734,0.0,80,2823.0503410075253,3.3060272409890734,24.937019627253708,11.7108334660769,0.07408085637595409
ETH/USDT:USDT,trend,short,2025-05-23 12:00:00+00:00,2025-05-23 14:00:00+00:00,2542.017166,2587.9994325060807,1.3209845756597862,-64.13020120816266,-1.0171695188876915,stop_loss,3.3883363997526077,0.0,8,3357.9654673484024,3.3883363997526077,-60.74186480841005,10.090444445303326,0.05674031438509315
ETH/USDT:USDT,trend,long,2025-05-27 13:15:00+00:00,2025-05-27 14:30:00+00:00,2667.2899469999998,2635.627109956347,1.9239465926214885,-66.01887204420815,-1.0256195800250758,stop_loss,5.101264601342768,0.0,5,5131.7234050642,5.101264601342768,-60.91760744286538,9.940646053348521,0.08588579029360283
ETH/USDT:USDT,trend,short,2025-05-30 01:00:00+00:00,2025-05-30 02:30:00+00:00,2593.251791,2630.40666843705,1.6242046873909277,-64.58927137026532,-1.0216929413809248,stop_loss,4.242145277573465,0.0,6,4211.971714527119,4.242145277573465,-60.34712609269186,10.071637620315155,0.07182065107379006
ETH/USDT:USDT,trend,short,2025-05-30 16:45:00+00:00,2025-05-30 18:15:00+00:00,2538.528213,2575.8013068260793,1.6093678546983998,-64.10153781262098,-1.0211642809425105,stop_loss,4.115418763771597,0.0,6,4085.4257042471727,4.115418763771597,-59.986119048849375,10.073414771668087,0.07005818528219569
ETH/USDT:USDT,trend,short,2025-05-30 22:45:00+00:00,2025-05-31 01:30:00+00:00,2524.762344,2478.906239379148,0.4701415286141624,20.42287020633024,1.4760690141215937,partial_tp,1.176216198234267,-0.0402272818259941,11,1186.995627795636,1.1359889164082728,21.558859122738514,9.570287285033329,0.07777767971623638
ETH/USDT:USDT,trend,short,2025-05-30 22:45:00+00:00,2025-05-31 04:15:00+00:00,2524.762344,2525.0162116300303,1.4104245858424873,-4.3518157474982,-0.008171783134965038,stop_loss,4.154663727858198,-0.1609091273039764,22,3560.9868833869077,3.9937546005542215,-0.35806114694397895,11.215302755498222,
ETH/USDT:USDT,trend,long,2025-06-02 22:15:00+00:00,2025-06-03 00:00:00+00:00,2580.293856,2615.6504652157523,0.607016707729061,19.885040014905137,1.4674226407198636,partial_tp,1.5770125077039485,0.0,7,1566.2814814426438,1.5770125077039485,21.462052522609085,10.06851275705195,0.10782490892077352
ETH/USDT:USDT,trend,long,2025-06-02 22:15:00+00:00,2025-06-03 03:00:00+00:00,2580.293856,2611.849409807993,1.8210501231871832,51.80020454744389,1.3096655795169658,stop_loss,5.5107173076238976,0.1533232942184204,19,4698.844444327931,5.664040601842318,57.46424514928621,12.054113876188207,0.12908894910127586
ETH/USDT:USDT,trend,short,2025-06-05 20:15:00+00:00,2025-06-05 20:45:00+00:00,2471.65828,2402.2414270858108,0.3147102249318277,21.079260358128057,1.4845918748651732,partial_tp,0.7669330365560724,0.0,2,777.8561332534144,0.7669330365560724,21.84619339468413,9.859574332188451,0.05211812117867056
ETH/USDT:USDT,trend,short,2025-06-05 20:15:00+00:00,2025-06-06 02:45:00+00:00,2471.65828,2433.7068102533826,0.9441306747954832,33.126565848338046,0.8116536728432254,stop_loss,2.7045808930162734,0.0,26,2333.568399760243,2.7045808930162734,35.83114674135432,11.589893372288332,0.061264659799032055
ETH/USDT:USDT,trend,long,2025-06-09 21:15:00+00:00,2025-06-09 23:30:00+00:00,2639.4515979999996,2679.3884103435907,0.5442830316230851,20.28945211350231,1.4703961499067189,partial_tp,1.4474771822297023,0.0,9,1436.6087175818363,1.4474771822297023,21.73692929573201,10.07565361754285,0.09791469838595276
ETH/USDT:USDT,trend,long,2025-06-09 21:15:00+00:00,2025-06-10 02:00:00+00:00,2639.4515979999996,2683.134701561195,1.6328490948692553,65.83313902611134,1.6083273431978293,stop_loss,5.063794469591916,0.4309826152745509,19,4309.826152745509,5.494777084866467,71.32791611097781,12.749417006915936,0.12389819739886482
ETH/USDT:USDT,trend,long,2025-06-10 11:30:00+00:00,2025-06-10 13:15:00+00:00,2789.626637,2753.9100452888956,1.7071508408583287,-65.70543622645444,-1.0236863541106491,stop_loss,4.731826654249239,0.0,7,4762.313459035341,4.731826654249239,-60.9736095722052,9.935983204280136,0.07944267052511991
ETH/USDT:USDT,trend,long,2025-06-10 19:30:00+00:00,2025-06-10 21:15:00+00:00,2782.124387,2744.477810518954,1.60862177475033,-65.00420898987016,-1.022366204058587,stop_loss,4.445106317656007,0.0,7,4475.3858689921135,4.445106317656007,-60.55910267221416,9.932342032123087,0.07504283042661306
ETH/USDT:USDT,trend,long,2025-06-11 15:45:00+00:00,2025-06-11 17:45:00+00:00,2864.869203,2824.7101117435773,1.498527152299561,-64.44248320357823,-1.0215628753461077,stop_loss,4.2629945441525905,0.0,8,4293.084288482303,4.2629945441525905,-60.179488659425644,9.929911126109406,0.07236546971602091
ETH/USDT:USDT,trend,short,2025-06-12 20:00:00+00:00,2025-06-12 20:45:00+00:00,2682.8049170000004,2631.1589920483666,0.4189972127243855,20.52623057010273,1.477426039177606,partial_tp,1.113268033204623,0.0,3,1124.0877825062767,1.113268033204623,21.639498603307352,9.903746402460403,0.07600782305506677
ETH/USDT:USDT,trend,short,2025-06-12 20:00:00+00:00,2025-06-13 03:45:00+00:00,2682.8049170000004,2514.955029608226,1.2569916381731565,207.11082318032612,4.801652686787466,stop_loss,3.8288142863120855,0.046267453127958345,31,3372.2633475188295,3.875081739440044,210.98590491976617,11.491041298097812,0.08818976155198206
ETH/USDT:USDT,trend,long,2025-06-13 16:15:00+00:00,2025-06-13 17:45:00+00:00,2567.16992,2527.106137882645,1.5195157510123762,-64.74796432742785,-1.019294013287737,stop_loss,3.8704163549789574,0.0,6,3900.8551289651814,3.8704163549789574,-60.877547972448895,9.921968970956634,0.06480373061915061
ETH/USDT:USDT,trend,short,2025-06-17 15:00:00+00:00,2025-06-17 16:30:00+00:00,2519.433943,2474.498453227236,0.48766885324086634,20.695946124885204,1.4756294126535923,partial_tp,1.217692642415274,0.0,6,1228.6494617989242,1.217692642415274,21.913638767300476,9.910822250574158,0.08199747644837196
ETH/USDT:USDT,trend,short,2025-06-17 15:00:00+00:00,2025-06-17 19:00:00+00:00,2519.433943,2499.0095692325376,1.463006559722599,25.595660180127418,0.6707127666507714,stop_loss,4.285332619896224,0.0,16,3685.9483853967727,4.285332619896224,29.88099280002364,11.626133010636096,0.09618914996382319
ETH/USDT:USDT,trend,short,2025-06-21 21:30:00+00:00,2025-06-21 23:30:00+00:00,2296.820747,2224.3809031601277,0.3058853537517445,21.466802575609442,1.4863122302889336,partial_tp,0.6914846830711009,0.0,8,702.5638267004412,0.6914846830711009,22.15828725868054,9.842304098100625,0.04638274292176697
ETH/USDT:USDT,trend,short,2025-06-21 21:30:00+00:00,2025-06-21 23:45:00+00:00,2296.820747,2275.3919141850783,0.9176560612552336,17.215157073945672,0.4396742815188714,stop_loss,2.449141244292425,0.0,9,2107.6914801013236,2.449141244292425,19.664298318238096,11.620017765478119,0.05476037840230391
ETH/USDT:USDT,trend,short,2025-06-22 09:30:00+00:00,2025-06-22 12:00:00+00:00,2255.8930290000003,2284.5844845445527,2.13617534072049,-66.13960787341581,-1.0244648576586675,stop_loss,4.84962804976488,0.0,10,4818.983059853054,4.84962804976488,-61.28997982365093,10.063592234152324,0.0810617579577449
ETH/USDT:USDT,trend,short,2025-06-22 13:30:00+00:00,2025-06-22 20:15:00+00:00,2181.1654540000004,2118.5267975741076,0.35260701394794336,21.32877877718389,1.4849377187429929,partial_tp,0.7580508228613277,0.0,27,769.0942376613503,0.7580508228613277,22.086829600045217,9.856410121682835,0.05096513533063361
ETH/USDT:USDT,trend,short,2025-06-22 13:30:00+00:00,2025-06-22 20:45:00+00:00,2181.1654540000004,2172.8395689145773,1.05782104184383,6.119870251737236,0.19737685178307693,stop_loss,2.6874261835970588,0.0,29,2307.282712984051,2.6874261835970588,8.807296435334294,11.647580803487063,0.06022684979578107
ETH/USDT:USDT,trend,long,2025-06-22 22:45:00+00:00,2025-06-23 14:00:00+00:00,2233.519855,2304.117470597304,0.3136853168096447,21.417703067268064,1.4854512875310382,partial_tp,0.7116951010236295,0.01603724635411026,61,700.6223833163067,0.7277323473777398,22.145435414645803,10.386941164127693,0.04881416563502408
ETH/USDT:USDT,trend,long,2025-06-22 22:45:00+00:00,2025-06-23 14:15:00+00:00,2233.519855,2273.0349280917753,0.941055950428934,34.65097439029358,0.831440491359914,stop_loss,2.470771288939398,0.06414898541644104,62,2101.8671499489196,2.534920274355839,37.18589466464942,12.060325860354416,0.05667835552904525
ETH/USDT:USDT,trend,long,2025-06-23 22:15:00+00:00,2025-06-24 22:15:00+00:00,2426.007584,2438.108348,1.1135991461204633,10.722567431980274,0.22491528912661252,time_stop,2.708337674253071,0.044495351572178043,96,2701.599974024168,2.752833025825249,13.475400457805522,10.189639666470557,0.045947000822683014
ETH/USDT:USDT,trend,long,2025-07-02 03:30:00+00:00,2025-07-02 08:15:00+00:00,2427.0779049999996,2453.8823745990194,0.8165165615822775,19.797208613440937,1.4598930958027745,partial_tp,1.992692452358931,0.0963922862284171,19,1981.749305682917,2.0890847385873483,21.886293352028286,10.541619631689201,0.13934933327245994
ETH/USDT:USDT,trend,long,2025-07-02 03:30:00+00:00,2025-07-02 12:15:00+00:00,2427.0779049999996,2438.890011248292,2.4495496847468323,21.598182251328424,0.6433409284622248,stop_loss,6.950589740458561,0.3855691449136684,35,5945.247917048751,7.336158885372229,28.934341136700652,12.339534007210808,0.16311590598741194
ETH/USDT:USDT,trend,long,2025-07-02 15:15:00+00:00,2025-07-02 16:00:00+00:00,2488.886442,2522.753155356358,0.6517251906661933,20.43868433334114,1.4672023089559385,partial_tp,1.6331058860686585,0.0,3,1622.0699909589534,1.6331058860686585,22.0717902194098,10.06803587496974,0.10855923796803563
ETH/USDT:USDT,trend,long,2025-07-02 15:15:00+00:00,2025-07-02 23:30:00+00:00,2488.886442,2581.4516508648358,1.9551755719985797,175.2134996035222,4.010188019912436,stop_loss,5.767735585951074,0.0,33,4866.20997287686,5.767735585951074,180.98123518947327,11.852623742294542,0.12780167029244016
ETH/USDT:USDT,trend,short,2025-07-04 14:15:00+00:00,2025-07-04 16:00:00+00:00,2515.405152,2484.0851995677695,0.7151742137011863,20.611469063334333,1.4651487704691737,partial_tp,1.7877532905445734,0.0,7,1798.9529017215127,1.7877532905445734,22.399222353878905,9.937743722105111,0.11693819071759019
ETH/USDT:USDT,trend,short,2025-07-04 14:15:00+00:00,2025-07-04 22:00:00+00:00,2515.405152,2499.092795053986,2.145522641103559,28.719695266989376,0.7630927848508463,stop_loss,6.278835890446577,0.0,31,5396.858705164538,6.278835890446577,34.998531157435956,11.634241757039199,0.13690101289420348
ETH/USDT:USDT,trend,long,2025-07-06 21:30:00+00:00,2025-07-06 23:00:00+00:00,2596.0685869999998,2573.0164842390395,2.7557821070736437,-70.64900839370814,-1.0346560932899422,stop_loss,7.122436074631018,0.0,6,7154.199360790556,7.122436074631018,-63.526572319077125,9.955601899586947,0.11600298291982736
ETH/USDT:USDT,trend,long,2025-07-09 05:45:00+00:00,2025-07-09 09:00:00+00:00,2627.558031,2605.2660384229443,2.8379814644344523,-70.68959059682881,-1.0363462518902806,stop_loss,7.42532885783439,0.0,13,7456.960988703886,7.42532885783439,-63.26426173899442,9.957580399149984,0.12163599984169708
ETH/USDT:USDT,trend,long,2025-07-09 18:15:00+00:00,2025-07-09 19:30:00+00:00,2718.6253429999997,2761.3902548359924,0.5220841228155938,20.896366914974486,1.4714866596143952,partial_tp,1.430514568205988,0.0,5,1419.3511274643977,1.430514568205988,22.326881483180475,10.078651719969626,0.09428021128185354
ETH/USDT:USDT,trend,long,2025-07-09 18:15:00+00:00,2025-07-09 20:00:00+00:00,2718.6253429999997,2749.7301811501984,1.5662523684467815,43.72593846356568,1.0702782356483207,stop_loss,4.992087959336844,0.0,7,4258.053382393194,4.992087959336844,48.718026422902525,11.723873589699089,0.10967035172854489
ETH/USDT:USDT,trend,long,2025-07-10 02:15:00+00:00,2025-07-10 14:15:00+00:00,2784.2650289999997,2756.983308278491,2.306429270630125,-69.49392953261933,-1.0312743399320943,stop_loss,6.390248680464811,0.18032162691097434,48,6421.7103600774335,6.570570307375785,-62.923359225243544,10.231807320715967,0.10768752082132906
ETH/USDT:USDT,trend,long,2025-07-10 21:30:00+00:00,2025-07-11 09:30:00+00:00,2958.497283,3035.469415590911,0.2921095327862663,21.6088462827626,1.482456115850199,partial_tp,0.8754474059309151,0.0,48,864.2052590865683,0.8754474059309151,22.484293688693516,10.130086535879558,0.057720841890625936
ETH/USDT:USDT,trend,long,2025-07-10 21:30:00+00:00,2025-07-11 11:00:00+00:00,2958.497283,2985.9607884106754,0.8763285983587988,21.03030326815204,0.5289374243419118,stop_loss,3.0367519344042675,0.0,54,2592.615777259705,3.0367519344042675,24.067055202556308,11.713081286630128,0.06674068485032193
ETH/USDT:USDT,trend,long,2025-07-16 14:45:00+00:00,2025-07-16 17:45:00+00:00,3251.67521,3311.686715957226,0.3742351074612287,21.230292152978976,1.4755643200356974,partial_tp,1.2281202278337697,0.0,12,1216.8910216433633,1.2281202278337697,22.458412380812746,10.09227782924425,0.0806900487077102
ETH/USDT:USDT,trend,long,2025-07-16 14:45:00+00:00,2025-07-16 21:30:00+00:00,3251.67521,3348.412224956249,1.122705322383686,104.29373940635767,2.378571999141979,stop_loss,4.313422156533218,0.0,27,3650.67306493009,4.313422156533218,108.6071615628909,11.815416170705003,0.09446693030521207
ETH/USDT:USDT,trend,long,2025-07-17 07:45:00+00:00,2025-07-17 13:30:00+00:00,3449.4045109999997,3400.509589533364,1.284787207415326,-67.6630856909337,-1.0213153101319026,stop_loss,4.400341004129562,0.4431750788933518,23,4431.7507889335175,4.843516083022913,-62.819569607910786,10.929125561657507,0.07874547949526968
ETH/USDT:USDT,trend,long,2025-07-18 01:00:00+00:00,2025-07-18 05:45:00+00:00,3576.262557,3666.6130551398037,0.25083230558611314,21.754450164827553,1.481952363491307,partial_tp,0.9083735944332287,0.0,19,897.0421825535983,0.9083735944332287,22.66282375926078,10.126319721636428,0.05939976454405109
ETH/USDT:USDT,trend,long,2025-07-18 01:00:00+00:00,2025-07-18 08:30:00+00:00,3576.262557,3600.8619646223547,0.7524969167583394,15.09296260700484,0.40348588017772447,stop_loss,3.148903128132546,0.26911265476607954,30,2691.126547660795,3.4180157828986255,18.510978389903464,12.701059286378278,0.07450287486567576
ETH/USDT:USDT,trend,short,2025-07-18 15:30:00+00:00,2025-07-18 17:15:00+00:00,3545.2161160000005,3609.0965338608285,0.9770120903039913,-65.56049366125708,-1.0172362814754397,stop_loss,3.4949249783644074,-0.3463719008072558,7,3463.7190080725577,3.1485530775571515,-62.41194058369993,9.090093827527928,0.05131746256707113
ETH/USDT:USDT,trend,long,2025-07-20 12:00:00+00:00,2025-07-20 16:30:00+00:00,3751.1149969999997,3805.7431568838665,0.41034406527632356,20.711960479801473,1.4692829222714923,partial_tp,1.5504559477906197,0.15392477771879642,18,1539.2477771879642,1.704380725509416,22.41634120531089,11.072815895977005,0.11171392646567944
ETH/USDT:USDT,trend,long,2025-07-20 12:00:00+00:00,2025-07-20 17:00:00+00:00,3751.1149969999997,3764.1769032300426,1.2310321958289707,10.068520963494786,0.35131397061356123,stop_loss,5.3954070337119155,0.6156991108751857,20,4617.743331563893,6.011106144587101,16.079627108081887,13.017410698206385,0.1313329938088584
ETH/USDT:USDT,trend,short,2025-07-23 14:00:00+00:00,2025-07-23 15:45:00+00:00,3586.333777,3634.8790725093595,1.2892279786815397,-67.24084802683086,-1.022971931980789,stop_loss,4.654894822801056,0.0,7,4623.601846199042,4.654894822801056,-62.585953204029806,10.067680950140073,0.0760845925686335
ETH/USDT:USDT,trend,short,2025-07-23 17:00:00+00:00,2025-07-23 22:30:00+00:00,3562.970788,3615.784808252721,1.1761989718794021,-66.34161879791145,-1.020963044504797,stop_loss,4.221822475842977,0.0,22,4190.762577681943,4.221822475842977,-62.119796322068474,10.074115146313572,0.06938729653825594
ETH/USDT:USDT,trend,long,2025-07-23 23:15:00+00:00,2025-07-24 05:00:00+00:00,3630.0887,3582.595942553213,1.3036549279070566,-67.0888315264999,-1.0231614735148378,stop_loss,4.701425938852022,0.47323830224947205,23,4732.3830224947205,5.174664241101494,-61.914167285398406,10.934584577166413,0.08551382215098582
ETH/USDT:USDT,trend,long,2025-07-24 14:45:00+00:00,2025-07-24 16:30:00+00:00,3735.000164,3678.1747610858174,1.0799607531868112,-65.77553927817196,-1.0198088924237105,stop_loss,4.002968987800632,0.40336535902663034,7,4033.653590266303,4.406334346827262,-61.3692049313447,10.923928513495266,0.0732227011073973
ETH/USDT:USDT,trend,long,2025-07-29 00:15:00+00:00,2025-07-29 01:45:00+00:00,3808.982352,3766.513208201315,1.4477491082386256,-66.96837353307751,-1.027342149815848,stop_loss,5.4837084708735615,0.0,6,5514.450803404663,5.4837084708735615,-61.48466506220395,9.944251325060112,0.09162682831127192
ETH/USDT:USDT,trend,short,2025-07-31 23:45:00+00:00,2025-08-01 00:45:00+00:00,3695.471026,3634.2637196123305,0.3582427452748336,20.614161322494375,1.4737560169698873,partial_tp,1.3129121487022477,0.0,4,1323.875685437846,1.3129121487022477,21.92707347119662,9.917186055638053,0.08824306542523784
ETH/USDT:USDT,trend,short,2025-07-31 23:45:00+00:00,2025-08-01 01:00:00+00:00,3695.471026,3687.0921703331155,1.0747282358245007,4.375930366451145,0.20174697569898453,stop_loss,4.629062402647911,0.0,5,3971.6270563135377,4.629062402647911,9.004992769099056,11.655330012140174,0.10370906051816041
ETH/USDT:USDT,trend,short,2025-08-01 08:15:00+00:00,2025-08-01 12:00:00+00:00,3602.908803,3652.6753023551196,1.2253366843832627,-65.42598399862412,-1.0225077228057204,stop_loss,4.445266685459871,0.0,15,4414.7763268032895,4.445266685459871,-60.98071731316425,10.069064333953833,0.0745369965471443
ETH/USDT:USDT,trend,long,2025-08-01 12:45:00+00:00,2025-08-01 14:00:00+00:00,3662.648465,3618.0830826425167,1.36411603889083,-65.75823419264445,-1.0249714776172008,stop_loss,4.9658813394988055,0.0,5,4996.277515925379,4.9658813394988055,-60.792352853145644,9.939162353712966,0.08372577298518563
ETH/USDT:USDT,trend,short,2025-08-01 19:30:00+00:00,2025-08-01 22:30:00+00:00,3522.0130790000003,3437.236536115412,0.25776827808558783,20.955766586381262,1.4819794974462894,partial_tp,0.8969368950280449,0.0,12,907.8632467687495,0.8969368950280449,21.852703481409307,9.87964760353948,0.06082735209698516
ETH/USDT:USDT,trend,short,2025-08-01 19:30:00+00:00,2025-08-02 00:45:00+00:00,3522.0130790000003,3505.5977766531987,0.7733048342567634,9.522858313207719,0.2869560457951205,stop_loss,3.1711743473603393,0.0,21,2723.589740306248,3.1711743473603393,12.694032660568059,11.643362803253046,0.0716862541304288
ETH/USDT:USDT,trend,long,2025-08-03 02:45:00+00:00,2025-08-03 11:00:00+00:00,3442.942573,3504.366053933747,0.35495056646628337,20.49903006504874,1.4747509360022564,partial_tp,1.2329755662731154,0.07029372044267285,33,1222.074416597233,1.3032692867157882,21.80229935176453,10.664402011987418,0.08815572933097758
ETH/USDT:USDT,trend,long,2025-08-03 02:45:00+00:00,2025-08-03 12:00:00+00:00,3442.942573,3474.6580540126183,1.0648516993988502,29.19696237175101,0.7614748398836395,stop_loss,4.294146600017085,0.2811748817706914,37,3666.2232497916993,4.5753214817877765,33.77228385353879,12.479658684308788,0.10316128479405332
ETH/USDT:USDT,trend,long,2025-08-04 16:45:00+00:00,2025-08-05 04:00:00+00:00,3684.154915,3644.327782929915,1.5331260081063924,-66.68605867937826,-1.0282346357379757,stop_loss,5.617743712077028,0.008302962365576858,45,5648.273718079496,5.626046674442605,-61.06001200493566,9.960648076303839,0.09474115485717122
ETH/USDT:USDT,trend,long,2025-08-07 10:15:00+00:00,2025-08-07 12:45:00+00:00,3798.93934,3848.6724458517338,0.435145701276044,19.977234525667757,1.4659562080139787,partial_tp,1.663912696820696,0.0,10,1653.0921232094518,1.663912696820696,21.641147222488453,10.065456567479352,0.11271228472411367
ETH/USDT:USDT,trend,long,2025-08-07 10:15:00+00:00,2025-08-07 14:30:00+00:00,3798.93934,3810.8338878297013,1.305437103828132,9.733997846882463,0.35060923571621444,stop_loss,5.793586223268157,0.0,17,4959.2763696283555,5.793586223268157,15.52758407015062,11.68232175716056,0.13081782900798258
ETH/USDT:USDT,trend,long,2025-08-07 19:45:00+00:00,2025-08-07 22:45:00+00:00,3866.639644,3920.281615298536,0.40496298699985295,20.1463054792665,1.4678090596734268,partial_tp,1.576707446349096,0.0,12,1565.845939886288,1.576707446349096,21.723012925615595,10.069365102824847,0.10653703895175363
ETH/USDT:USDT,trend,long,2025-08-07 19:45:00+00:00,2025-08-08 01:45:00+00:00,3866.639644,3875.556957198247,1.2148889609995588,5.347667804040814,0.24400507258557047,stop_loss,5.485877562285172,0.0,24,4697.537819658864,5.485877562285172,10.833545366325986,11.678197755699085,0.12355899269519588
ETH/USDT:USDT,trend,long,2025-08-08 17:45:00+00:00,2025-08-09 05:00:00+00:00,4033.0395489999996,4105.577430646535,0.3015758507234461,20.64846819755584,1.4749482695572542,partial_tp,1.2272051696745936,0.0,45,1216.2673329909783,1.2272051696745936,21.875673367230434,10.08992954416294,0.08274324227727402
ETH/USDT:USDT,trend,long,2025-08-08 17:45:00+00:00,2025-08-09 05:15:00+00:00,4033.0395489999996,4155.112426368469,0.9047275521703384,106.13053851473255,2.4821675950210103,stop_loss,4.312157013232407,0.0,46,3648.801998972935,4.312157013232407,110.44269552796496,11.818007703476903,0.09691447996375512
ETH/USDT:USDT,trend,long,2025-08-12 16:00:00+00:00,2025-08-12 20:15:00+00:00,4467.179752,4561.010036675754,0.23618881263832112,21.095484813851677,1.478433907138955,partial_tp,1.0661787132303708,0.0,17,1055.09788146683,1.0661787132303708,22.161663527082048,10.105021836913709,0.07112619315708486
ETH/USDT:USDT,trend,long,2025-08-12 16:00:00+00:00,2025-08-13 06:15:00+00:00,4467.179752,4604.8018731754955,0.7085664379149633,93.45628702195854,2.168438591243175,stop_loss,3.741599793223716,0.3165293644400489,57,3165.293644400489,4.058129157663765,97.51441617962232,12.82070358572492,0.09024105582007443
ETH/USDT:USDT,trend,short,2025-08-14 21:45:00+00:00,2025-08-14 23:15:00+00:00,4474.85714,4555.712531122054,0.7615208151437093,-65.01154674461264,-1.0171885716062175,stop_loss,3.438483388582463,0.0,6,3407.6968569044475,3.438483388582463,-61.57306335603018,10.090344103277959,0.056803832973195155
ETH/USDT:USDT,trend,short,2025-08-15 15:00:00+00:00,2025-08-15 16:00:00+00:00,4480.095568,4385.302682855553,0.23492120504788652,21.227523787939113,1.47947316874469,partial_tp,1.041335020160206,0.0,4,1052.4694495642557,1.041335020160206,22.268858808099317,9.894206626057796,0.06918303426670883
ETH/USDT:USDT,trend,short,2025-08-15 15:00:00+00:00,2025-08-15 22:45:00+00:00,4480.095568,4454.297155099292,0.7047636151436596,14.711641175261828,0.40264688245993985,stop_loss,3.674552182104459,-0.20441061649436973,31,3157.408348692767,3.4701415656100894,18.181782740871917,10.990474409326245,0.07684844236679907
ETH/USDT:USDT,trend,long,2025-08-18 12:45:00+00:00,2025-08-18 14:00:00+00:00,4342.9224859999995,4284.887217380623,1.0641031419306213,-66.34595138733948,-1.0226584165194124,stop_loss,4.590439706673411,0.0,5,4621.317462513744,4.590439706673411,-61.755511680666075,9.933184084212348,0.07601672585645775
ETH/USDT:USDT,trend,short,2025-08-19 23:45:00+00:00,2025-08-20 02:00:00+00:00,4072.717818,4127.155050613251,1.1288743486355701,-65.62134991213438,-1.023266688090627,stop_loss,4.628313071725134,-0.459758667397123,9,4597.58667397123,4.1685544043280105,-61.452795507806364,9.066831579114881,0.06941169761594436
ETH/USDT:USDT,trend,long,2025-08-22 17:15:00+00:00,2025-08-23 02:15:00+00:00,4844.1228009999995,4736.480834870241,0.562295813179995,-63.22019353331956,-1.0133813094851847,stop_loss,2.693566656093437,0.0,36,2723.8299695320497,2.693566656093437,-60.52662687722612,9.88889426367604,0.04509767429588326
ETH/USDT:USDT,trend,short,2025-08-23 02:30:00+00:00,2025-08-23 05:45:00+00:00,4694.611194000001,4763.827883567672,0.8764282998381764,-64.80828739815853,-1.0210763023729816,stop_loss,4.144821839937803,0.0,13,4114.490107158692,4.144821839937803,-60.66346555822072,10.07371929932785,0.0697648793944472
ETH/USDT:USDT,trend,short,2025-08-25 08:00:00+00:00,2025-08-25 13:15:00+00:00,4588.083162,4653.68455631076,0.9202803903784266,-64.62418556747224,-1.0217377350391685,stop_loss,4.252508801796884,0.0,21,4222.322963414045,4.252508801796884,-60.37167676567535,10.071491069357782,0.07196998566474173
ETH/USDT:USDT,trend,short,2025-08-25 19:45:00+00:00,2025-08-26 01:00:00+00:00,4417.4243750000005,4313.8725639500735,0.2101809995675644,20.840185484854224,1.4814902986956076,partial_tp,0.9175763590748709,0.006861309576115498,21,928.4586706516235,0.9244376686509864,21.764623153505212,9.9566916425282,0.06292529984074888
ETH/USDT:USDT,trend,short,2025-08-25 19:45:00+00:00,2025-08-26 01:45:00+00:00,4417.4243750000005,4418.7496023125,0.6305429987026931,-4.113081195573347,-0.01895970130438841,stop_loss,3.2500231536824753,0.02744523830446199,24,2785.3760119548706,3.2774683919869374,-0.8356128035864097,11.766699999999998,0.07436437244612024
ETH/USDT:USDT,trend,short,2025-08-29 09:00:00+00:00,2025-08-29 12:30:00+00:00,4324.582236,4374.730850608685,1.2049934187850122,-65.67005807330766,-1.0268656283208282,stop_loss,5.241307508656899,0.0,14,5211.093133374573,5.241307508656899,-60.428750564650755,10.057980877541445,0.08906552721690791
ETH/USDT:USDT,trend,short,2025-08-29 14:15:00+00:00,2025-08-29 19:30:00+00:00,4293.631524,4361.240713411518,0.8826297191919983,-63.493403591361286,-1.0197278424954381,stop_loss,3.819523726274576,0.0,21,3789.686786342032,3.819523726274576,-59.67387986508671,10.078731941753276,0.06526933890606428
ETH/USDT:USDT,trend,long,2025-09-02 03:00:00+00:00,2025-09-02 12:00:00+00:00,4382.4143300000005,4329.3649370043095,1.1246711705385304,-64.56206640966988,-1.025105205345292,stop_loss,4.898943492847519,0.0,36,4928.77505430593,4.898943492847519,-59.66312291682236,9.939474694767517,0.08417146521498081
ETH/USDT:USDT,trend,long,2025-09-12 14:15:00+00:00,2025-09-12 17:30:00+00:00,4558.56716,4606.978427841969,0.43589137910803183,19.104463150723486,1.4583529793735444,partial_tp,1.9975911532809862,0.0,13,1987.0401261289837,1.9975911532809862,21.102054304004472,10.053099215326656,0.13805257857784647
ETH/USDT:USDT,trend,long,2025-09-12 14:15:00+00:00,2025-09-12 23:00:00+00:00,4558.56716,4685.855777978875,1.3076741373240954,159.41416724839777,3.8344737402002638,stop_loss,7.037866458304794,0.0,35,5961.120378386951,7.037866458304794,166.45203370670257,11.806281389353867,0.16212787263961975
ETH/USDT:USDT,trend,long,2025-09-13 03:45:00+00:00,2025-09-13 05:30:00+00:00,4756.176425,4714.513297959791,1.4602272099313025,-67.75231117007847,-1.0351512166714465,stop_loss,6.914679415141318,0.0,7,6945.0982310187865,6.914679415141318,-60.83763175493715,9.95620102860229,0.11765314662985168
ETH/USDT:USDT,trend,short,2025-09-22 00:30:00+00:00,2025-09-22 02:15:00+00:00,4357.702297000001,4303.226829107489,0.39293378459144546,19.703665936594632,1.465285844084204,partial_tp,1.7015858297998483,0.0,7,1712.2884556830454,1.7015858297998483,21.405251766394482,9.937495193361402,0.11648121013060932
ETH/USDT:USDT,trend,short,2025-09-22 00:30:00+00:00,2025-09-22 06:15:00+00:00,4357.702297000001,4089.942861306706,1.1788013537743365,309.7999932788579,7.202216445676276,stop_loss,5.835192002250105,0.0,23,5136.865367049137,5.835192002250105,315.635185281108,11.359441186994006,0.13314838700525516
ETH/USDT:USDT,trend,short,2025-09-25 01:30:00+00:00,2025-09-25 03:15:00+00:00,4081.425205,4031.5938762298797,0.44141825778769456,20.20584095483492,1.464465960850351,partial_tp,1.790617374117408,0.0,7,1801.6156032818842,1.790617374117408,21.996458328952325,9.938953519582972,0.119214564185119
ETH/USDT:USDT,trend,short,2025-09-25 01:30:00+00:00,2025-09-25 05:15:00+00:00,4081.425205,4039.6672706028626,1.3242547733630836,49.02013841168075,1.2272013415925243,stop_loss,6.278005539511,0.0,15,5404.846809845652,6.278005539511,55.29814395119175,11.615510597034447,0.13932432935567196
ETH/USDT:USDT,trend,short,2025-09-25 17:15:00+00:00,2025-09-26 02:00:00+00:00,3897.870288,3958.635625666306,1.014242099849173,-65.26010743946485,-1.0199273634874926,stop_loss,3.9841995276771804,-0.35485576093067206,35,3953.384145840821,3.6293437667465085,-61.63076367271834,9.180346844272087,0.060062001484594986
ETH/USDT:USDT,trend,long,2025-10-02 06:30:00+00:00,2025-10-02 14:45:00+00:00,4403.060522,4363.827711329594,1.5847874064262348,-69.12249130202673,-1.0345313363853266,stop_loss,6.946827032863542,0.0,33,6977.914864998123,6.946827032863542,-62.17566426916319,9.95544824960459,0.11558718894958993
ETH/USDT:USDT,trend,long,2025-10-02 18:30:00+00:00,2025-10-03 03:00:00+00:00,4482.514351,4551.021049464514,0.32069902629877284,20.521508489031223,1.4706812186282316,partial_tp,1.4485230034822325,0.0,34,1437.5379877359755,1.4485230034822325,21.970031492513456,10.076415481468823,0.09696461184856316
ETH/USDT:USDT,trend,long,2025-10-02 18:30:00+00:00,2025-10-03 03:45:00+00:00,4482.514351,4501.9303944465955,0.9620970788963186,13.639395667275991,0.41681778682954707,stop_loss,5.040723016417761,0.0,37,4312.613963207927,5.040723016417761,18.680118683693753,11.68832420295795,0.11247589200587196
ETH/USDT:USDT,trend,long,2025-10-06 14:00:00+00:00,2025-10-06 17:15:00+00:00,4641.712095999999,4704.868256950607,0.34803697388056426,20.35420136807722,1.4672000900185176,partial_tp,1.6264777710862328,0.0,13,1615.487431516651,1.6264777710862328,21.980679139163453,10.068031105381388,0.10856663331657457
ETH/USDT:USDT,trend,long,2025-10-06 14:00:00+00:00,2025-10-06 21:15:00+00:00,4641.712095999999,4670.954893163526,1.0441109216416928,24.863251525534114,0.6793483641964007,stop_loss,5.669472372257175,0.0,29,4846.462294549953,5.669472372257175,30.53272389779129,11.698166678471285,0.12614487966559107
ETH/USDT:USDT,trend,short,2025-10-07 15:00:00+00:00,2025-10-07 18:30:00+00:00,4550.414466,4448.667909208699,0.21882697013848704,21.379845120614103,1.480585123458533,partial_tp,0.9846209650967896,-0.09957534104691215,14,995.7534104691215,0.8850456240498775,22.26489074466398,8.888200780883219,0.05885433706268558
ETH/USDT:USDT,trend,short,2025-10-07 15:00:00+00:00,2025-10-08 02:15:00+00:00,4550.414466,4488.412592061385,0.6564809104154611,37.674022844859586,0.902232518475878,stop_loss,3.464785413316582,-0.43576160748949694,45,2987.2602314073642,3.029023805827085,40.70304665068667,10.139805611779746,0.06714199554417521
ETH/USDT:USDT,trend,short,2025-10-09 08:30:00+00:00,2025-10-09 11:30:00+00:00,4335.708897,4382.481658160564,1.3297180276830187,-67.99095129469951,-1.0289132454126202,stop_loss,5.796367574986414,0.0,12,5765.270283126557,5.796367574986414,-62.1945837197131,10.053939000832052,0.095891941331435
ETH/USDT:USDT,trend,short,2025-10-10 19:00:00+00:00,2025-10-10 20:45:00+00:00,4027.9212610000004,3934.0855463729595,0.23722521275084746,21.315802986626224,1.4813735027907338,partial_tp,0.9443943794013732,0.0,7,955.5244780843868,0.9443943794013732,22.260197366027597,9.883518434762372,0.06284763727947798
ETH/USDT:USDT,trend,short,2025-10-10 19:00:00+00:00,2025-10-10 21:15:00+00:00,4027.9212610000004,3764.9295492511533,0.7116756382525424,183.9140410378511,4.151819536801945,stop_loss,3.2507532761383597,0.0,9,2866.573434253161,3.2507532761383597,187.16479431398946,11.340205826561322,0.07211046826761791
ETH/USDT:USDT,trend,long,2025-10-12 15:00:00+00:00,2025-10-12 16:45:00+00:00,4031.209,4137.623135713103,0.2129462571606245,21.829900995275533,1.482699592203149,partial_tp,0.8697611143367681,-0.03917020052428088,7,858.4308683822239,0.8305909138124872,22.66049190908802,9.67568786730371,0.05434642875971789
ETH/USDT:USDT,trend,long,2025-10-12 15:00:00+00:00,2025-10-12 21:15:00+00:00,4031.209,4096.889075729533,0.6388387714818735,39.09017216320579,0.9151398998588096,stop_loss,3.0254875287827296,-0.1566808020971235,25,2575.2926051466716,2.868806726685606,41.9589788898914,11.139731155024295,0.06256967090316481
ETH/USDT:USDT,trend,short,2025-10-14 05:45:00+00:00,2025-10-14 06:30:00+00:00,4067.319438,3989.990875620759,0.2933978338867937,21.50603400316403,1.4771416387103908,partial_tp,1.1819986964850266,0.0,3,1193.342712834851,1.1819986964850266,22.688032699649057,9.904939157646707,0.07695596681269089
ETH/USDT:USDT,trend,short,2025-10-14 05:45:00+00:00,2025-10-14 11:00:00+00:00,4067.319438,3976.6661807931,0.880193501660381,75.66820630593496,1.7316719305903316,stop_loss,4.136803290973049,-0.012601699047536026,21,3580.0281385045528,4.124201591925512,79.79240789786047,11.52002563211213,0.08950430649962712
ETH/USDT:USDT,trend,long,2025-10-14 15:45:00+00:00,2025-10-15 08:30:00+00:00,4084.474975,4205.760499795202,0.18948816209738242,22.17587770718261,1.4845516380153982,partial_tp,0.7854507417367318,0.02084273353999837,67,773.959656145502,0.8062934752767301,22.98217118245934,10.417771377028334,0.05208316872849554
ETH/USDT:USDT,trend,long,2025-10-14 15:45:00+00:00,2025-10-15 09:30:00+00:00,4084.474975,4140.630597436189,0.5684644862921473,29.114286091404598,0.6873526038015463,stop_loss,2.7248200350395595,0.08337093415999348,71,2321.878968436506,2.808190969199553,31.92247706060415,12.094476100494234,0.060465776856439536
ETH/USDT:USDT,trend,short,2025-10-17 08:00:00+00:00,2025-10-17 11:15:00+00:00,3739.997664,3793.76796095126,1.1813988712581946,-67.97435922825736,-1.0216176104269636,stop_loss,4.450191102820604,0.0,13,4418.4290187578845,4.450191102820604,-63.52416812543675,10.071885468631221,0.07156951022844522
ETH/USDT:USDT,trend,long,2025-10-21 15:00:00+00:00,2025-10-21 17:15:00+00:00,4032.1992969999997,3966.5800448983077,0.9598191724909669,-67.12024000871516,-1.0184751055043795,stop_loss,3.838690884439337,0.2989328725537359,9,3870.1821925651984,4.137623756993073,-62.982616251722085,10.691030941493251,0.06690841129238935
ETH/USDT:USDT,trend,short,2025-10-21 20:30:00+00:00,2025-10-21 23:30:00+00:00,3952.104013,3862.3570771859613,0.253716706508417,21.778967308490145,1.4808862683444275,partial_tp,0.9913296654700781,0.0,12,1002.714813957058,0.9913296654700781,22.770296973960225,9.886456763892316,0.06447199571775239
ETH/USDT:USDT,trend,short,2025-10-21 20:30:00+00:00,2025-10-22 04:30:00+00:00,3952.104013,3882.84857873787,0.761150119525251,49.230637108577035,1.1427623759715675,stop_loss,3.4831449578165063,0.0,32,3008.1444418711744,3.4831449578165063,52.71378206639354,11.579048230974788,0.07550979747259291
ETH/USDT:USDT,trend,long,2025-10-26 13:00:00+00:00,2025-10-26 22:00:00+00:00,4070.4407659999997,4121.727445787907,0.4416557284925638,20.66222356575811,1.4646761638063006,partial_tp,1.8090590097554058,0.17977334817935595,36,1797.7334817935593,1.9888323579347618,22.651055923692873,11.062998926573627,0.12860307079224287
ETH/USDT:USDT,trend,long,2025-10-26 13:00:00+00:00,2025-10-26 22:15:00+00:00,4070.4407659999997,4125.9910311417625,1.3249671854776914,66.55431673919738,1.5864382249491016,stop_loss,6.328868325506168,0.7190933927174238,37,5393.200445380678,7.047961718223592,73.60227845742097,13.068236179243499,0.1519131759519669
ETH/USDT:USDT,trend,long,2025-10-27 05:15:00+00:00,2025-10-27 07:30:00+00:00,4247.143760999999,4207.783204461859,1.6351488334832553,-71.27290009097248,-1.0331439704693202,stop_loss,6.912531982380539,0.0,9,6944.712166434835,6.912531982380539,-64.36036810859194,9.953662321370453,0.11096332957920728
ETH/USDT:USDT,trend,short,2025-10-27 08:30:00+00:00,2025-10-27 17:15:00+00:00,4177.54636,4220.067551931977,1.5013562202287363,-69.6524526568797,-1.0306780671141114,stop_loss,6.303904940879223,-0.49090828261211095,35,6271.985212879916,5.812996658267112,-63.83945599861259,9.268192543454596,0.09384992503717048
ETH/USDT:USDT,trend,short,2025-10-30 13:45:00+00:00,2025-10-30 19:45:00+00:00,3763.530602,3685.7452473235294,0.29276730327921563,21.682556322352852,1.478982478862495,partial_tp,1.090452200894719,0.0,24,1101.838705156343,1.090452200894719,22.773008523247572,9.896659064449835,0.07081891255228606
ETH/USDT:USDT,trend,short,2025-10-30 13:45:00+00:00,2025-10-30 20:45:00+00:00,3763.530602,3754.8178728037096,0.8783019098376469,3.799797428299194,0.16566066810369398,stop_loss,3.8526092647007006,0.0,28,3305.5161154690286,3.8526092647007006,7.652406692999895,11.655091459610214,0.08340197408961834
ETH/USDT:USDT,trend,short,2025-11-03 15:30:00+00:00,2025-11-03 17:15:00+00:00,3600.139634,3658.799079397895,1.0722053360073125,-66.76627990800836,-1.0190630617365246,stop_loss,3.89153641112764,-0.020226865971958156,7,3860.0889259462133,3.8713095451556816,-62.894970362852675,10.029068292012775,0.06272534250761423
ETH/USDT:USDT,trend,short,2025-11-04 05:45:00+00:00,2025-11-04 14:45:00+00:00,3489.25291,3542.214562616356,1.1827633231156023,-66.79938116336069,-1.0204693612976867,stop_loss,4.158280917145493,0.0,36,4126.960367022386,4.158280917145493,-62.6411002462152,10.075892539151534,0.06774143900628897
ETH/USDT:USDT,trend,short,2025-11-04 17:00:00+00:00,2025-11-04 18:30:00+00:00,3382.954809,3285.040184858066,0.23148646952130666,21.89413534716501,1.4850573597862773,partial_tp,0.7717753099569753,0.0,6,783.1082652855363,0.7717753099569753,22.665910657121987,9.855282394134496,0.050566272032525166
ETH/USDT:USDT,trend,short,2025-11-04 17:00:00+00:00,2025-11-04 21:45:00+00:00,3382.954809,3183.6242827443875,0.69445940856392,135.7552939233942,3.023218111084935,stop_loss,2.671665448813273,0.0,19,2349.324795856609,2.671665448813273,138.42695937220748,11.372056573553222,0.058348658442278885
ETH/USDT:USDT,trend,long,2025-11-05 03:00:00+00:00,2025-11-05 17:15:00+00:00,3316.624689,3441.2879091574114,0.1844894273379757,22.37165043716812,1.4876762561782433,partial_tp,0.6233817126170762,0.004013947163570028,57,611.8821895686018,0.6273956597806463,22.999046096948767,10.25353688138859,0.04058262339883642
ETH/USDT:USDT,trend,long,2025-11-05 03:00:00+00:00,2025-11-05 22:00:00+00:00,3316.624689,3412.932786692154,0.5534682820139271,51.11918218287455,1.1492986466529531,stop_loss,2.1682394021769595,0.01605578865428011,76,1835.6465687058053,2.18429519083124,53.303477373705796,11.89932325791475,0.04709650533890427
ETH/USDT:USDT,trend,long,2025-11-07 20:45:00+00:00,2025-11-08 00:30:00+00:00,3464.1789419999996,3411.9938593925626,1.2158887748551155,-67.63158681885811,-1.0200133261956061,stop_loss,4.180330661588635,0.0,15,4212.05628966727,4.180330661588635,-63.451256157269476,9.924679002613374,0.06720108065561103
ETH/USDT:USDT,trend,long,2025-11-10 00:45:00+00:00,2025-11-10 05:30:00+00:00,3635.2302419999996,3588.290533702073,1.3489802388588885,-68.19293230240808,-1.0234788957502607,stop_loss,4.872193390704362,0.0,19,4903.853760160215,4.872193390704362,-63.32073891170372,9.935437778114293,0.07875124638632633
ETH/USDT:USDT,trend,short,2025-11-12 15:45:00+00:00,2025-11-13 04:15:00+00:00,3425.3120980000003,3481.5397578775687,1.114955848820623,-66.27291303107354,-1.0189213890191304,stop_loss,3.8504174368241357,-0.26886265174216023,50,3819.0717577011396,3.5815547850819756,-62.691358245991566,9.378076695887653,0.058210938135116505
ETH/USDT:USDT,trend,short,2025-11-13 17:00:00+00:00,2025-11-13 18:45:00+00:00,3292.91183,3197.917656164808,0.23916258721981853,21.942870598676834,1.4850069571915503,partial_tp,0.7761817865569305,0.0,7,787.5413127495473,0.7761817865569305,22.719052385233763,9.855759615289804,0.050734305882914534
ETH/USDT:USDT,trend,short,2025-11-13 17:00:00+00:00,2025-11-13 23:15:00+00:00,3292.91183,3243.42926039361,0.7174877616594556,32.764495082477524,0.7735417569154281,stop_loss,2.738643025569392,0.0,25,2362.623938248642,2.738643025569392,35.50313810804692,11.591531691664331,0.05966950670997098
ETH/USDT:USDT,trend,short,2025-11-14 04:45:00+00:00,2025-11-14 06:45:00+00:00,3160.5615470000002,3223.281871655316,0.9953965576865249,-65.60882314075229,-1.0156540522643147,stop_loss,3.17722788186964,0.0,8,3146.012084240198,3.17722788186964,-62.43159525888265,10.09922338755727,0.05168800124050872
ETH/USDT:USDT,trend,long,2025-11-17 00:30:00+00:00,2025-11-17 11:30:00+00:00,3125.23729,3219.0928959632215,0.24180128052800623,21.927372125109738,1.484718395914849,partial_tp,0.7670335815291955,0.0,44,755.686378675876,0.7670335815291955,22.694405706638932,10.150157567656603,0.050181039481800596
ETH/USDT:USDT,trend,long,2025-11-17 00:30:00+00:00,2025-11-17 13:00:00+00:00,3125.23729,3176.804043035045,0.7254038415840187,34.743115063895736,0.8157435676109883,stop_loss,2.663605685740384,0.0,50,2267.059136027628,2.663605685740384,37.40672074963612,11.749167207025708,0.05808633211495585
ETH/USDT:USDT,trend,short,2025-11-18 03:15:00+00:00,2025-11-18 07:30:00+00:00,2963.5406709999997,3026.0141473246003,0.9977051405138021,-65.31801329063717,-1.0147408115693006,stop_loss,2.987904815815833,0.0,17,2956.739761578422,2.987904815815833,-62.33010847482134,10.105403440107876,0.04864340897012166
ETH/USDT:USDT,trend,short,2025-11-19 17:15:00+00:00,2025-11-19 21:15:00+00:00,2932.839884,2992.143601517826,1.0460861828429224,-65.13582116550394,-1.0153643219592643,stop_loss,3.0990216788863485,0.0,16,3068.0032791430394,3.0990216788863485,-62.036799486617596,10.101102889798648,0.050722088691862344
ETH/USDT:USDT,trend,long,2025-11-19 23:15:00+00:00,2025-11-20 15:45:00+00:00,3012.7935669999997,2958.7762170261135,1.1438550395497133,-65.71801292278316,-1.0167119972544023,stop_loss,3.4153050957405315,0.5146898362923077,66,3446.1991047359065,3.929994932032839,-61.78801799075032,11.403853383375559,0.06466744081587049
ETH/USDT:USDT,trend,short,2025-11-21 02:45:00+00:00,2025-11-21 07:30:00+00:00,2780.785514,2694.810366797944,0.2611840350475065,21.740266746818214,1.4860307189711626,partial_tp,0.7150691132181561,0.0,19,726.2967811481743,0.7150691132181561,22.45533586003637,9.845412120479608,0.04732125473664268
ETH/USDT:USDT,trend,short,2025-11-21 02:45:00+00:00,2025-11-21 07:45:00+00:00,2780.785514,2728.7218425008646,0.7835521051425194,38.272957970279954,0.8998904649539063,stop_loss,2.521641434316312,0.0,20,2178.890343444523,2.521641434316312,40.79459940459627,11.573053420990188,0.05562503654633935
ETH/USDT:USDT,trend,long,2025-11-21 17:15:00+00:00,2025-11-21 20:15:00+00:00,2794.198008,2720.0982839222665,0.8288892823068221,-63.70583765784521,-1.0111385909194297,stop_loss,2.2853705479193094,0.0,12,2316.080781474272,2.2853705479193094,-61.4204671099259,9.867404307308252,0.037623067102634467
ETH/USDT:USDT,trend,long,2025-11-27 02:30:00+00:00,2025-11-27 03:45:00+00:00,3066.1195599999996,3032.9953705590788,1.8757466784473598,-67.85278560630088,-1.028253900799697,stop_loss,5.720197286232445,0.0,5,5751.2635803924795,5.720197286232445,-62.132588320068436,9.945983532617166,0.09466554238192845
ETH/USDT:USDT,trend,short,2025-12-01 01:00:00+00:00,2025-12-01 15:15:00+00:00,2846.455807,2780.7036483917914,0.33839300906736264,21.2979750938002,1.481213181238226,partial_tp,0.9520957103059449,0.0,57,963.2207457079979,0.9520957103059449,22.250070804106144,9.884501704810397,0.06338212261532583
ETH/USDT:USDT,trend,short,2025-12-01 01:00:00+00:00,2025-12-01 21:00:00+00:00,2846.455807,2770.6313496413395,1.015179027202088,73.56936101123163,1.708114046401246,stop_loss,3.3327849105482477,0.07325293771109324,80,2889.662237123994,3.406037848259341,76.97539885949098,11.786975669686855,0.07558130490243918
ETH/USDT:USDT,trend,long,2025-12-02 15:00:00+00:00,2025-12-02 15:30:00+00:00,2954.976227,3014.7279314429447,0.3744065879345818,21.25388350128774,1.4776275082488037,partial_tp,1.1175482824707537,0.0,2,1106.3625665788743,1.1175482824707537,22.371431783758492,10.101103528172217,0.07381378625814362
ETH/USDT:USDT,trend,long,2025-12-02 15:00:00+00:00,2025-12-02 20:15:00+00:00,2954.976227,2981.563829443549,1.1232197638037453,25.838877126548255,0.6574971059860655,stop_loss,3.8872008432944356,0.13764256690807775,21,3319.0876997366227,4.0248434102025135,29.86372053675077,12.126354511578269,0.08861330225075714
ETH/USDT:USDT,trend,long,2025-12-03 02:15:00+00:00,2025-12-03 13:00:00+00:00,3041.1620749999997,3086.8348846044746,0.4892462290067747,20.8297293659657,1.4701820118050482,partial_tp,1.4990497019257352,0.0164707992423033,43,1487.877076992168,1.5155205011680384,22.345249867133738,10.185791048221223,0.0997120637534774
ETH/USDT:USDT,trend,long,2025-12-03 02:15:00+00:00,2025-12-03 14:00:00+00:00,3041.1620749999997,3056.8861567250515,1.4677386870203242,17.793850677753056,0.5061493327106071,stop_loss,5.219109191005453,0.0658831969692132,47,4463.631230976504,5.284992387974666,23.07884306572772,11.840118760927464,0.11590682266592496
ETH/USDT:USDT,trend,long,2025-12-03 22:00:00+00:00,2025-12-04 01:00:00+00:00,3166.5496799999996,3229.345247362425,0.3586762815233711,21.376252692924897,1.4772030241234915,partial_tp,1.1470279047802732,0.0,12,1135.7662644814206,1.1470279047802732,22.52328059770517,10.099154558917935,0.07522852110043368
ETH/USDT:USDT,trend,long,2025-12-03 22:00:00+00:00,2025-12-04 05:00:00+00:00,3166.5496799999996,3184.6911282342376,1.0760288445701134,15.535779295839447,0.4267594564267176,stop_loss,3.98494228647613,0.0,28,3407.2987934442617,3.98494228647613,19.520721582315577,11.695312116868854,0.08711828591464729
ETH/USDT:USDT,trend,short,2025-12-11 02:15:00+00:00,2025-12-11 21:30:00+00:00,3217.094582,3268.1169308468884,1.2224390997121917,-66.2272956324831,-1.0195862868533945,stop_loss,3.9638880616038454,-0.10830661871217924,77,3932.70220450905,3.8555814428916664,-62.37171418959144,9.803898801366245,0.06302693485494723
ETH/USDT:USDT,trend,short,2025-12-15 15:00:00+00:00,2025-12-15 16:30:00+00:00,3032.3700160000003,2967.941995512439,0.3493042973736117,21.47874164167236,1.479558918446127,partial_tp,1.0479673856018976,-0.021724599693999754,6,1059.2198778156878,1.026242785907898,22.504984427580258,9.688666228811766,0.06746890544479649
ETH/USDT:USDT,trend,short,2025-12-15 15:00:00+00:00,2025-12-15 19:00:00+00:00,3032.3700160000003,2957.423486781881,1.0479128921208352,74.95633173089296,1.7211114802550884,stop_loss,3.6680008552612184,-0.08689839877599902,16,3177.6596334470637,3.5811024564852194,78.53743418737818,11.269622519641944,0.07847820104641193
ETH/USDT:USDT,trend,long,2025-12-17 15:00:00+00:00,2025-12-17 16:15:00+00:00,3020.215793,2974.3208010126646,1.362695150175307,-66.6287854153168,-1.0198336856390604,stop_loss,4.084362972104731,0.003539444735699413,5,4115.633413603969,4.087902416840431,-62.54088299847637,9.932620343026972,0.06666008518620954
ETH/USDT:USDT,trend,short,2025-12-23 15:00:00+00:00,2025-12-23 16:15:00+00:00,2912.9658480000003,2943.1154062940736,2.0839744026911906,-68.93286945430904,-1.0301593325082086,stop_loss,6.1019617170142855,0.0,5,6070.5462631456385,6.1019617170142855,-62.83090773729476,10.051750620960377,0.10004618802696177
ETH/USDT:USDT,trend,long,2025-12-23 20:45:00+00:00,2025-12-24 02:30:00+00:00,2969.600613,2933.9859909642228,1.7460269201733887,-67.3379993943158,-1.0253485295750633,stop_loss,5.153910568048264,0.0,23,5185.002612461397,5.153910568048264,-62.18408882626754,9.940034660082123,0.0849824243187654
ETH/USDT:USDT,trend,short,2025-12-29 09:45:00+00:00,2025-12-29 12:00:00+00:00,2974.457395,2932.8365858863367,0.5321429103051696,20.576456185492127,1.4689560388370904,partial_tp,1.571762305508533,0.0,9,1582.8364147540333,1.571762305508533,22.14821849100066,9.930036299757349,0.10424539252362021
ETH/USDT:USDT,trend,short,2025-12-29 09:45:00+00:00,2025-12-29 14:30:00+00:00,2974.457395,2946.3760703177513,1.5964287309155087,39.312320990031786,0.9910963373605474,stop_loss,5.517512534876662,0.0,19,4748.5092442621,5.517512534876662,44.82983352490845,11.619462553524126,0.12198096746486495
ETH/USDT:USDT,trend,long,2026-01-02 09:15:00+00:00,2026-01-02 10:00:00+00:00,3039.751652,3066.547711713347,0.82004365323317,19.470222680609766,1.45019679489991,partial_tp,2.5037160189774372,0.0,3,2492.7290496276437,2.5037160189774372,21.9739386995872,10.044076067358523,0.16523578206436204
ETH/USDT:USDT,trend,long,2026-01-02 09:15:00+00:00,2026-01-02 11:15:00+00:00,3039.751652,3039.9764684327833,2.46013095969951,-8.17175034609031,0.012167015365358549,stop_loss,8.724828212630023,0.0,8,7478.187148882931,8.724828212630023,0.5530778665397129,11.667036460746118,0.19193521445241343
ETH/USDT:USDT,trend,long,2026-01-02 15:00:00+00:00,2026-01-02 16:30:00+00:00,3074.512077,3126.90680697085,0.42656000969439367,20.895711484531144,1.4736086828406947,partial_tp,1.3226386496328009,0.13114639013706503,6,1311.4639013706503,1.453785039769866,22.34949652430101,11.08520820321834,0.09585496725885555
ETH/USDT:USDT,trend,long,2026-01-02 15:00:00+00:00,2026-01-02 18:45:00+00:00,3074.512077,3097.276848829562,1.2796800290831811,24.002348849641944,0.6402622067065407,stop_loss,4.604689466735739,0.5245855605482601,15,3934.3917041119516,5.129275027284,29.131623876925943,13.037021763550484,0.11273250546032214
ETH/USDT:USDT,trend,long,2026-01-04 00:15:00+00:00,2026-01-04 00:45:00+00:00,3139.281502,3163.6927448647643,0.9003695700215825,19.141637135587086,1.4438464796538937,partial_tp,2.8375031062533678,0.0,2,2826.5135361324474,2.8375031062533678,21.979140241840454,10.038880302466046,0.18640032439357385
ETH/USDT:USDT,trend,long,2026-01-04 00:15:00+00:00,2026-01-04 01:45:00+00:00,3139.281502,3140.114050434339,2.7011087100647475,-7.645117950833335,0.049242561418161045,stop_loss,9.893921778377338,0.0,6,8479.540608397343,9.893921778377338,2.2488038275440037,11.66799268415476,0.2166494226267471
ETH/USDT:USDT,trend,long,2026-01-05 01:00:00+00:00,2026-01-05 04:15:00+00:00,3190.276796,3162.039176172968,2.233450070939994,-70.16110428520308,-1.034772473878196,stop_loss,7.093790279341485,0.0,13,7125.323936344416,7.093790279341485,-63.0673140058616,9.95574424786207,0.11639086002370502
ETH/USDT:USDT,trend,long,2026-01-06 21:30:00+00:00,2026-01-07 00:45:00+00:00,3290.58688,3254.8527931756153,1.7434360413488903,-68.00587259066722,-1.0281019468086263,stop_loss,5.705777716344635,0.0,13,5736.927763781796,5.705777716344635,-62.30009487432259,9.945702562905154,0.09415910505537543
ETH/USDT:USDT,trend,short,2026-01-08 03:45:00+00:00,2026-01-08 07:00:00+00:00,3140.407595,3101.861752230454,0.57240772679895,20.27737663370821,1.4646515644246387,partial_tp,1.786561603557475,0.0,13,1797.5935726761077,1.786561603557475,22.06393823726569,9.938629235849964,0.11859579280238801
ETH/USDT:USDT,trend,short,2026-01-08 03:45:00+00:00,2026-01-08 07:30:00+00:00,3140.407595,3126.084432381595,1.71722318039685,18.316787393985045,0.5442465653683926,stop_loss,6.2792794709339175,0.0,15,5392.7807180283235,6.2792794709339175,24.596066864918964,11.643862043086578,0.13894401506601617
ETH/USDT:USDT,trend,long,2026-01-08 17:00:00+00:00,2026-01-08 20:00:00+00:00,3123.466759,3087.088494689188,1.7051330291863636,-67.32469146716326,-1.026131336237384,stop_loss,5.294911446326164,0.0,12,5325.9263363365835,5.294911446326164,-62.029780020837094,9.94176620544145,0.08759138845651455
ETH/USDT:USDT,trend,short,2026-01-12 08:45:00+00:00,2026-01-12 14:15:00+00:00,3113.3857040000003,3076.653867673767,0.5986677372063033,20.137276845062743,1.463242720778574,partial_tp,1.8528884917957045,0.0,22,1863.8835744641337,1.8528884917957045,21.990165336858446,9.941009820468048,0.1232926427110614
ETH/USDT:USDT,trend,short,2026-01-12 08:45:00+00:00,2026-01-12 14:30:00+00:00,3113.3857040000003,3094.2654507155407,1.7960032116189097,27.83361381338477,0.7616709164618268,stop_loss,6.50642249247154,0.0,23,5591.6507233924,6.50642249247154,34.34003630585631,11.635960138304483,0.14431413929179487
ETH/USDT:USDT,trend,long,2026-01-12 15:45:00+00:00,2026-01-12 17:30:00+00:00,3129.5985979999996,3098.249453019416,1.9840426037269907,-68.78991995391758,-1.0305645091762115,stop_loss,6.178157931380313,0.4137227906448807,7,6209.256950996259,6.591880722025194,-62.19803923189238,10.616215070577075,0.10922142248752262
ETH/USDT:USDT,trend,long,2026-01-13 16:00:00+00:00,2026-01-13 22:00:00+00:00,3177.2628929999996,3222.584429700035,0.48615708650573825,20.477720673809337,1.468661871271015,partial_tp,1.555665564242699,0.0,24,1544.648871123673,1.555665564242699,22.033386238052035,10.071321666205032,0.10369476003224438
ETH/USDT:USDT,trend,long,2026-01-13 16:00:00+00:00,2026-01-13 22:15:00+00:00,3177.2628929999996,3323.040525072936,1.4584712595172147,207.09990936659023,4.723980374423834,stop_loss,5.512577292262282,0.0,25,4633.946613371018,5.512577292262282,212.6124866588525,11.89607423692802,0.1224824907999223
ETH/USDT:USDT,trend,long,2026-01-14 15:00:00+00:00,2026-01-14 18:15:00+00:00,3359.537559,3326.618580600698,1.915600831627558,-69.4636255287379,-1.0312739152961763,stop_loss,6.4040031307054,0.0,13,6435.532941904416,6.4040031307054,-63.059622398032495,9.951006681989439,0.10473074736295261
ETH/USDT:USDT,trend,short,2026-01-15 03:30:00+00:00,2026-01-15 05:45:00+00:00,3282.0450910000004,3315.0921987090055,1.896865173112652,-68.94284766886032,-1.0310184121664476,stop_loss,6.256939983545903,0.0,9,6225.597029703245,6.256939983545903,-62.68590768531442,10.050345298118584,0.10291021642759991
ETH/USDT:USDT,trend,short,2026-01-19 00:00:00+00:00,2026-01-20 00:00:00+00:00,3215.744987,3191.827261,1.7705084741840198,36.67420608419651,0.7004605806106255,time_stop,5.672330482015175,0.0,96,5693.5037502982805,5.672330482015175,42.34653656621169,9.962811531858573,0.09382689176091796
ETH/USDT:USDT,trend,short,2026-01-20 05:00:00+00:00,2026-01-20 06:30:00+00:00,3154.8132720000003,3122.2652379729766,0.6791063845274219,19.97217566541633,1.458052209181308,partial_tp,2.131402046151263,0.0,6,2142.453835007046,2.131402046151263,22.103577711567592,9.948415276561855,0.1405969432911325
ETH/USDT:USDT,trend,short,2026-01-20 05:00:00+00:00,2026-01-20 16:15:00+00:00,3154.8132720000003,3042.118541487213,2.0373191535822657,222.21134212545957,5.048378671683695,stop_loss,7.383790856033915,0.0,45,6427.361505021138,7.383790856033915,229.5951329814935,11.488059058550855,0.16235610829250183
ETH/USDT:USDT,trend,short,2026-01-20 22:45:00+00:00,2026-01-21 04:00:00+00:00,2949.1150000000002,2985.1946698269226,1.757869910970487,-68.63923819198149,-1.0254456612188418,stop_loss,5.215872205484976,0.0,21,5184.160522491728,5.215872205484976,-63.42336598649651,10.06117033385765,0.08433159356009724
ETH/USDT:USDT,trend,short,2026-01-21 16:45:00+00:00,2026-01-21 19:15:00+00:00,2889.073018,2942.661276105354,1.1669769721161083,-65.93901299912267,-1.0167445496937593,stop_loss,3.402749814360368,0.0,10,3371.481682767987,3.402749814360368,-62.5362631847623,10.09274299709886,0.05532353792072051
ETH/USDT:USDT,trend,long,2026-01-21 19:45:00+00:00,2026-01-21 23:30:00+00:00,3054.986221,2991.7136886942526,0.9807922728184172,-65.0224890408708,-1.0143933796606777,stop_loss,2.965278273739972,0.0,15,2996.3068791235373,2.965278273739972,-62.057210767130826,9.896443833574745,0.04847073551244206
ETH/USDT:USDT,trend,short,2026-01-25 18:15:00+00:00,2026-01-25 19:45:00+00:00,2852.953857,2807.956180392986,0.4978060405083506,20.99109761811858,1.4724431384388412,partial_tp,1.4090176056942907,0.0,6,1420.217663306197,1.4090176056942907,22.400115223812872,9.921138443062079,0.09261998363466165
ETH/USDT:USDT,trend,short,2026-01-25 18:15:00+00:00,2026-01-26 00:00:00+00:00,2852.953857,2831.7727184069695,1.4934181215250517,26.677350535898356,0.6931029452478096,stop_loss,4.954945673467007,0.0,23,4260.652989918591,4.954945673467007,31.632296209365364,11.629545248559852,0.10856902126523732
ETH/USDT:USDT,trend,long,2026-01-26 01:15:00+00:00,2026-01-26 08:15:00+00:00,2875.2723229999997,2931.514504859658,0.40104956263544117,21.391497777663645,1.4768989232241496,partial_tp,1.1644046588151782,0.0,28,1153.1267075969388,1.1644046588151782,22.555902436478824,10.09780322616707,0.07624203871444753
ETH/USDT:USDT,trend,long,2026-01-26 01:15:00+00:00,2026-01-26 09:00:00+00:00,2875.2723229999997,2892.3264466046026,1.2031486879063236,16.472443638461776,0.4478349871102002,stop_loss,4.046202799808421,0.0,31,3459.3801227908166,4.046202799808421,20.518646438270196,11.69632320296791,0.0883114382885298
ETH/USDT:USDT,trend,long,2026-01-26 14:45:00+00:00,2026-01-26 16:00:00+00:00,2922.27642,2890.5150746657687,1.9835359257435812,-68.76470989965952,-1.0280771896075025,stop_loss,5.76494037926314,0.0,5,5796.440264023338,5.76494037926314,-62.999769520396384,9.945656500670406,0.09407659343021624
ETH/USDT:USDT,trend,long,2026-01-27 20:30:00+00:00,2026-01-28 20:30:00+00:00,3001.50018,3011.7062170000004,1.5410301456187487,10.04189547329074,0.2581063107614306,time_stop,4.633266164802251,1.0526490462079297,96,4625.4022594601,5.6859152110101805,15.72781068430092,12.292801559866641,0.09331054575072094
ETH/USDT:USDT,trend,short,2026-01-29 15:15:00+00:00,2026-01-29 18:30:00+00:00,2833.6096620000003,2782.6325474495984,0.44139881534392594,21.247140367998583,1.475839236771684,partial_tp,1.2395013289678032,0.014596275232622044,13,1250.7519479539026,1.2540976042004253,22.501237972199007,10.026749158792004,0.08225531649890254
ETH/USDT:USDT,trend,short,2026-01-29 15:15:00+00:00,2026-01-29 20:45:00+00:00,2833.6096620000003,2810.922778702553,1.3241964460317779,25.620894260365365,0.6568083114498096,stop_loss,4.362610872721651,0.058385100930488175,22,3752.255843861708,4.420995973652139,30.041890234017504,11.782234894468667,0.09665659776270842
ETH/USDT:USDT,trend,short,2026-01-30 01:45:00+00:00,2026-01-30 18:15:00+00:00,2744.826305,2674.0021806407144,0.32051843158623,21.82931037081962,1.4832052790696604,partial_tp,0.8684172036261739,0.002709683660546099,66,879.767422255227,0.87112688728672,22.70043725810634,9.901786145406959,0.05691784626315024
ETH/USDT:USDT,trend,short,2026-01-30 01:45:00+00:00,2026-01-30 18:30:00+00:00,2744.826305,2703.660113232712,0.9615552947586901,36.51333673118151,0.8621061467515428,stop_loss,3.0593941930638504,0.010838734642184397,67,2639.302266765681,3.070232927706035,39.58356965888755,11.632744632423005,0.0668678116133487
ETH/USDT:USDT,trend,short,2026-01-31 14:30:00+00:00,2026-01-31 17:00:00+00:00,2520.183718,2455.9412606337555,0.35498955106632946,21.922164913733443,1.482996940620806,partial_tp,0.8832361861075727,0.0,10,894.6388866574931,0.8832361861075727,22.805401099841017,9.872544098853979,0.057435366127029014
ETH/USDT:USDT,trend,short,2026-01-31 14:30:00+00:00,2026-01-31 18:45:00+00:00,2520.183718,2310.597157550039,1.0649686531989884,220.18348246620798,4.838174638472722,stop_loss,3.019634544795724,0.0,17,2683.9166599724795,3.019634544795724,223.2031170110037,11.250850631206585,0.06545392137765961
ETH/USDT:USDT,trend,short,2026-02-01 15:30:00+00:00,2026-02-01 18:00:00+00:00,2299.180039,2348.655333738702,1.2860573953396677,-66.83284881917652,-1.01444273425326,stop_loss,2.9886915267159546,0.21608860714264042,10,2956.8774923732954,3.204780133858595,-63.62806868531793,10.83839334610486,0.05109483894208187
ETH/USDT:USDT,trend,short,2026-02-01 23:15:00+00:00,2026-02-02 00:30:00+00:00,2255.303206,2321.870855264446,0.9471200273881526,-65.54197768013438,-1.010571407934894,stop_loss,2.167566611132562,0.3268572744946869,5,2136.0428342353084,2.494423885627249,-63.04755379450713,11.677780265676363,0.0399824149609493
ETH/USDT:USDT,trend,short,2026-02-02 03:30:00+00:00,2026-02-02 04:45:00+00:00,2177.9164290000003,2249.2542080999365,0.878255019204525,-64.59685496987653,-1.0095463245441691,stop_loss,1.9440924164539573,0.0,5,1912.7660351772458,1.9440924164539573,-62.652762553422576,10.163775290341814,0.03132585497617566
ETH/USDT:USDT,trend,long,2026-02-02 09:30:00+00:00,2026-02-02 15:15:00+00:00,2289.366604,2376.9452633231263,0.2622152651864747,22.352672277223057,1.4878817234313078,partial_tp,0.6117891018664638,0.0,23,600.306871176919,0.6117891018664638,22.96446137908952,10.191272684702636,0.03963819609069603
ETH/USDT:USDT,trend,long,2026-02-02 09:30:00+00:00,2026-02-02 19:45:00+00:00,2289.366604,2328.3107659283874,0.7866457955594242,28.71554810301465,0.6616258711361218,stop_loss,2.1163916797404925,-0.196678540203694,41,1800.920613530757,1.9197131395367986,30.63526124255145,10.659621113299076,0.04145980242248821
ETH/USDT:USDT,trend,short,2026-02-03 18:00:00+00:00,2026-02-03 20:15:00+00:00,2173.4977550000003,2224.346634724408,1.2353622486800306,-65.53325186652205,-1.0132937475360004,stop_loss,2.716465467317401,0.0,9,2685.0570741177985,2.716465467317401,-62.81678639920465,10.116974769372163,0.043819138660443055
ETH/USDT:USDT,trend,short,2026-02-05 04:15:00+00:00,2026-02-05 15:00:00+00:00,2096.1109779999997,2016.3158795760612,0.28761730215401554,22.356009870732535,1.4887180081048748,partial_tp,0.5914025590408714,0.0030385040339191856,43,602.8777845077749,0.5944410630747905,22.950450933807325,9.860059175345587,0.0385593781102077
ETH/USDT:USDT,trend,short,2026-02-05 04:15:00+00:00,2026-02-06 00:30:00+00:00,2096.1109779999997,1854.2101965576783,0.8628519064620466,206.20553223954633,4.513084846321701,stop_loss,2.005709970556129,0.5133082320634549,81,1808.6333535233248,2.519018202619584,208.7245504421659,13.92774382774921,0.05446672590151779
ETH/USDT:USDT,trend,long,2026-02-11 14:15:00+00:00,2026-02-11 15:30:00+00:00,1987.306013,1954.9128455245182,1.9746837319180783,-67.8585785629261,-1.0184443281560709,stop_loss,3.8923177237945117,0.0,5,3924.300854214077,3.8923177237945117,-63.966260839131586,9.918499800072105,0.061971871689501835
ETH/USDT:USDT,trend,short,2026-02-15 14:00:00+00:00,2026-02-15 17:45:00+00:00,1996.0610020000001,1955.7243720783715,0.5724310771929855,21.87261128222451,1.4785008835702176,partial_tp,1.1310623792595838,0.08626685488859163,15,1142.60734951777,1.2173292341481754,23.089940516372685,10.653959425886253,0.07794833195900658
ETH/USDT:USDT,trend,short,2026-02-15 14:00:00+00:00,2026-02-15 21:30:00+00:00,1996.0610020000001,1966.4220176232077,1.7172932315789564,46.58008353190411,1.086388839978781,stop_loss,3.9736763096816254,0.34506741955436654,30,3427.82204855331,4.318743729235992,50.8988272611401,12.599089649530347,0.09217962854229482
ETH/USDT:USDT,trend,short,2026-02-23 02:00:00+00:00,2026-02-23 07:30:00+00:00,1860.54167,1887.6063155287688,2.370349422714139,-68.59487711195251,-1.0213639015808065,stop_loss,4.44221020687264,0.0,22,4410.1338734201,4.44221020687264,-64.15266690507987,10.072733242058398,0.07072368722015286
ETH/USDT:USDT,trend,long,2026-02-23 09:45:00+00:00,2026-02-23 14:30:00+00:00,1917.455064,1898.2981314462918,3.360784110542473,-70.79427588774016,-1.0306478718829721,stop_loss,6.4119613545037835,0.0,19,6444.152511770401,6.4119613545037835,-64.38231453323637,9.950045941327708,0.10264424900729005
ETH/USDT:USDT,trend,long,2026-02-24 15:00:00+00:00,2026-02-25 01:00:00+00:00,1839.1115679999998,1873.4275880329174,0.6678291259763723,21.677566775707753,1.4758217169186294,partial_tp,1.2396708898632611,0.0,40,1228.2122710304754,1.2396708898632611,22.917237665571015,10.093295101368527,0.07983218779637585
ETH/USDT:USDT,trend,long,2026-02-24 15:00:00+00:00,2026-02-25 03:15:00+00:00,1839.1115679999998,1910.0773559801662,2.003487377929117,137.80922800420905,3.052010430082157,stop_loss,4.369832478848194,0.0,49,3684.636813091427,4.369832478848194,142.17906048305724,11.85960163922339,0.09380266164261038
ETH/USDT:USDT,trend,long,2026-02-25 15:00:00+00:00,2026-02-25 16:15:00+00:00,1989.4066429999998,2028.3778829801959,0.5960526798559554,21.963287845122647,1.4769316463373527,partial_tp,1.1974056168971428,0.06821856548562143,5,1185.79116088339,1.265624182382764,23.228912027505412,10.6732468931536,0.08047042431938135
ETH/USDT:USDT,trend,long,2026-02-25 15:00:00+00:00,2026-02-25 21:45:00+00:00,1989.4066429999998,2100.039495041291,1.7881580395678665,193.30696598101386,4.192762672867844,stop_loss,4.249183575000844,0.2728742619424857,27,3557.37348265017,4.522057836943329,197.8290238179572,12.711788230833973,0.09583990729657778
ETH/USDT:USDT,trend,long,2026-02-28 14:00:00+00:00,2026-02-28 18:45:00+00:00,1898.229298,1939.2113430507368,0.5773113370662608,22.551700230251903,1.47899847625937,partial_tp,1.107698993698705,0.0,19,1095.8692940867297,1.107698993698705,23.659399223950608,10.107948089026745,0.0692445783735697
ETH/USDT:USDT,trend,long,2026-02-28 14:00:00+00:00,2026-03-01 01:00:00+00:00,1898.229298,1945.379777914157,1.7319340111987824,77.78514651846639,1.7016107385954538,stop_loss,3.8763732892073905,0.0,44,3287.607882260189,3.8763732892073905,81.66151980767378,11.790862621190799,0.08077339769397776
ETH/USDT:USDT,trend,long,2026-03-01 02:00:00+00:00,2026-03-01 04:00:00+00:00,2047.163965,2009.0244629457516,1.7180374201937039,-69.00943346803712,-1.0160613370127622,stop_loss,3.484341751283737,0.0,8,3517.104297142114,3.484341751283737,-65.52509171675338,9.90684795476495,0.05402975937405002
ETH/USDT:USDT,trend,long,2026-03-04 19:15:00+00:00,2026-03-04 22:30:00+00:00,2175.0223109999997,2135.658097333566,1.656476084067386,-68.7761480077975,-1.0165504825102303,stop_loss,3.570269501231193,0.0,13,3602.8724404844756,3.570269501231193,-65.20587850656631,9.909508483045549,0.055659999792850696
ETH/USDT:USDT,trend,long,2026-03-13 13:00:00+00:00,2026-03-13 13:15:00+00:00,2152.565576,2186.1151301496616,0.699451329183374,21.94893225008108,1.4712313936936352,partial_tp,1.5173479934093206,0.0,1,1505.6148532875752,1.5173479934093206,23.4662802434904,10.077929226695165,0.09513097005142518
ETH/USDT:USDT,trend,long,2026-03-13 13:00:00+00:00,2026-03-13 14:45:00+00:00,2152.565576,2168.2335192072687,2.098353987550122,27.590800673621906,0.6870782788442882,stop_loss,5.286090432059353,0.0,7,4516.844559862725,5.286090432059353,32.87689110568126,11.703060315673133,0.11047145255309689
ETH/USDT:USDT,trend,short,2026-03-13 17:45:00+00:00,2026-03-14 17:45:00+00:00,2101.3893940000003,2074.5921909999997,1.8167234762123425,44.79944227574175,0.7601025561516261,time_stop,3.793301890849964,0.09036362033707694,96,3817.6434447434285,3.883665511187041,48.68310778692879,10.17293932081195,0.06063672219142462
ETH/USDT:USDT,trend,long,2026-03-15 22:45:00+00:00,2026-03-16 03:30:00+00:00,2184.385119,2223.2350903131864,0.6099132422289643,22.249578755368944,1.4746753948536686,partial_tp,1.3441329661880559,0.10140024257077804,19,1332.2854102059919,1.445533208758834,23.69511196412778,10.850026561015422,0.08996337551085261
ETH/USDT:USDT,trend,long,2026-03-15 22:45:00+00:00,2026-03-16 07:45:00+00:00,2184.385119,2245.8271405554588,1.8297397266868929,107.29809636810715,2.3322291969659696,stop_loss,4.719210389584959,0.40560097028311215,36,3996.856230617976,5.124811359868072,112.42290772797523,12.82210583560494,0.10631493993508412
ETH/USDT:USDT,trend,long,2026-03-16 12:15:00+00:00,2026-03-16 14:30:00+00:00,2299.729712,2271.0241636007363,2.316576097394287,-71.79283687197322,-1.0243188270828847,stop_loss,5.294249587644483,0.0,9,5327.498881286647,5.294249587644483,-66.49858728432874,9.937589299626218,0.08155059752943118
ETH/USDT:USDT,trend,long,2026-03-16 17:45:00+00:00,2026-03-16 21:30:00+00:00,2314.134032,2362.9826621739835,0.4885275163595378,22.721449875297495,1.4785369279223195,partial_tp,1.142450101164274,0.0,15,1130.5181511760431,1.142450101164274,23.86389997646177,10.10554408149766,0.07078284205624696
ETH/USDT:USDT,trend,long,2026-03-16 17:45:00+00:00,2026-03-16 23:00:00+00:00,2314.134032,2336.8250270830777,1.4655825490786134,29.282085122663684,0.6868048099228462,stop_loss,3.9734412923236446,0.0,21,3391.554453528129,3.9734412923236446,33.25552641498733,11.715693634788014,0.08206090492929485
ETH/USDT:USDT,trend,short,2026-03-17 03:45:00+00:00,2026-03-17 15:00:00+00:00,2318.414267,2353.7399417584465,1.872365912914579,-70.51658040860193,-1.0203903815829172,stop_loss,4.373991140179851,0.0,45,4340.91984554564,4.373991140179851,-66.14258926842207,10.076184992607375,0.06747813380053504
ETH/USDT:USDT,trend,short,2026-03-18 15:00:00+00:00,2026-03-18 18:00:00+00:00,2179.216039,2211.4300521655196,2.043318034600976,-70.30921723879396,-1.0210210327945508,stop_loss,4.485743170814394,0.0,12,4452.831433780404,4.485743170814394,-65.82347406797957,10.073911931146355,0.0695806198315506
ETH/USDT:USDT,trend,short,2026-03-22 08:00:00+00:00,2026-03-22 18:30:00+00:00,2090.642619,2064.502641468311,0.8985256798814346,21.620688723662127,1.4652923272185496,partial_tp,1.866752360084205,0.0,42,1878.4960806260783,1.866752360084205,23.487441083746333,9.937483390766728,0.11645959644115512
ETH/USDT:USDT,trend,short,2026-03-22 08:00:00+00:00,2026-03-22 22:15:00+00:00,2090.642619,2053.33677173447,2.695577039644304,94.03632944391602,2.0912019412526415,stop_loss,6.524455889524554,0.0,57,5635.488241878235,6.524455889524554,100.56078533344058,11.577445661300922,0.13567868206826547
ETH/USDT:USDT,trend,long,2026-03-23 11:15:00+00:00,2026-03-23 12:30:00+00:00,2167.3900219999996,2121.303286347069,1.4234280393205014,-68.65347492270705,-1.0140061563883775,stop_loss,3.0523231535737114,0.0,5,3085.123729458278,3.0523231535737114,-65.60115176913334,9.893681489752353,0.04718018488307739
ETH/USDT:USDT,trend,short,2026-03-26 11:15:00+00:00,2026-03-26 13:45:00+00:00,2066.319918,2086.7984841957928,3.2414587983470584,-73.11150966557192,-1.0315247465369461,stop_loss,6.731081092687315,0.0,10,6697.890878400873,6.731081092687315,-66.3804285728846,10.049553232336873,0.10459825082976545
ETH/USDT:USDT,trend,short,2026-03-26 18:00:00+00:00,2026-03-26 20:00:00+00:00,2049.365006,2070.5683889264237,3.108782370381365,-72.32069118675768,-1.0301706438744869,stop_loss,6.403988152646356,0.0,8,6371.0298011293,6.403988152646356,-65.91670303411132,10.051731592137921,0.10008389823687464
ETH/USDT:USDT,trend,short,2026-03-27 11:00:00+00:00,2026-03-28 11:00:00+00:00,1992.4120970000001,1996.848875,2.477594377050174,-16.828105367487353,-0.17277180724389848,time_stop,4.941885276406456,0.8936838660615359,96,4936.389008293946,5.835569142467992,-10.99253622501936,11.821534187567623,0.09171876320463486
ETH/USDT:USDT,trend,long,2026-04-01 06:15:00+00:00,2026-04-01 12:30:00+00:00,2143.6429,2121.512130673458,2.956177800039296,-72.02980212900029,-1.0296194723747523,stop_loss,6.3042783077014,0.3030348403858146,25,6336.989552191856,6.607313148087215,-65.42248898091307,10.426580466432771,0.10398592874283785
ETH/USDT:USDT,trend,short,2026-04-02 03:45:00+00:00,2026-04-03 03:45:00+00:00,2054.113581,2053.6159,2.1218412735530405,-3.4322069587691924,0.01671407067182683,time_stop,4.3579749766882045,0.1302320689447413,96,4358.502976731636,4.4882070456329455,1.0560000868637531,10.297588574778427,0.07103807157184337
ETH/USDT:USDT,trend,long,2026-04-05 23:00:00+00:00,2026-04-06 00:00:00+00:00,2097.02892,2124.7160074541266,0.8362377882518133,21.387797455424423,1.4662340874120192,partial_tp,1.7651913203487755,0.0,4,1753.6148259608888,1.7651913203487755,23.1529887757732,10.06601503486687,0.11178615900368877
ETH/USDT:USDT,trend,long,2026-04-05 23:00:00+00:00,2026-04-06 06:15:00+00:00,2097.02892,2122.352755616445,2.50871336475544,57.360827844552695,1.3410825918894544,stop_loss,6.169417013292033,0.0,29,5260.844477882667,6.169417013292033,63.53024485784473,11.727046939382324,0.13023242358259127
ETH/USDT:USDT,trend,long,2026-04-06 09:15:00+00:00,2026-04-06 13:15:00+00:00,2158.327304,2136.793425215933,3.042069447307236,-72.04058250244937,-1.0306916760763942,stop_loss,6.533027771421883,0.0,16,6565.781548787396,6.533027771421883,-65.50755473102748,9.950114427167376,0.10279024108331017
ETH/USDT:USDT,trend,short,2026-04-06 17:15:00+00:00,2026-04-06 23:00:00+00:00,2132.869947,2097.348967613132,0.6555673496891236,21.89979761378219,1.473899748298332,partial_tp,1.386596701228866,0.0,23,1398.2398983863716,1.386596701228866,23.28639431501106,9.916729617207016,0.08776388913139269
ETH/USDT:USDT,trend,short,2026-04-06 17:15:00+00:00,2026-04-07 00:00:00+00:00,2132.869947,2114.6867806636537,1.9667020490673708,30.884911283119123,0.7544883263076804,stop_loss,4.875959209106188,0.0,27,4194.719695159115,4.875959209106188,35.76087049222531,11.624040611660543,0.10287373467664498
ETH/USDT:USDT,trend,long,2026-04-07 23:00:00+00:00,2026-04-08 14:45:00+00:00,2230.598979,2194.8990085804508,1.8110230590758933,-69.30044983380543,-1.0187968837965258,stop_loss,4.007339451701078,0.6396407439735996,63,4039.666186520144,4.6469801956746775,-64.65346963813076,11.503376717564098,0.07322621614765375
ETH/USDT:USDT,trend,short,2026-04-09 01:15:00+00:00,2026-04-09 08:45:00+00:00,2168.469264,2190.425605234685,2.963185545598986,-71.51882011650899,-1.03084266573056,stop_loss,6.458107135650901,0.0,30,6425.576779160471,6.458107135650901,-65.06071298085809,10.05062636026066,0.10232430710137788
ETH/USDT:USDT,trend,long,2026-04-11 19:15:00+00:00,2026-04-11 20:30:00+00:00,2320.926069,2297.4357303943734,2.752369806033656,-71.00981849662976,-1.0302372940750473,stop_loss,6.35571978499617,0.0,5,6388.046834351986,6.35571978499617,-64.6540987116336,9.949394470337982,0.1012758616031174
ETH/USDT:USDT,trend,short,2026-04-12 01:45:00+00:00,2026-04-12 15:30:00+00:00,2217.264621,2177.639768009142,0.5809766641855069,21.69838118264765,1.4756779074677684,partial_tp,1.2766684456703872,0.04606528115175437,55,1288.179003125122,1.3227337268221415,23.021114909469794,10.268244736276477,0.08478863625023693
ETH/USDT:USDT,trend,short,2026-04-12 01:45:00+00:00,2026-04-12 17:30:00+00:00,2217.264621,2193.577041661424,1.7429299925565207,36.40188704895742,0.8821543771882449,stop_loss,4.487983614697795,0.3959218166105063,63,3864.5370093753663,4.8839054313083015,41.28579248026572,12.637750445810061,0.10435450781431464
ETH/USDT:USDT,trend,long,2026-04-13 22:15:00+00:00,2026-04-13 23:15:00+00:00,2325.3974099999996,2373.01858110791,0.48640360079209544,22.020445872777103,1.4778997289835842,partial_tp,1.1426632280470246,0.0,4,1131.0816734966124,1.1426632280470246,23.163109100824126,10.102393618620033,0.0729065199192159
ETH/USDT:USDT,trend,long,2026-04-13 22:15:00+00:00,2026-04-14 04:30:00+00:00,2325.3974099999996,2362.196158633381,1.4592108023762864,49.71149709676167,1.1420311463775703,stop_loss,3.985634422998024,0.0,25,3393.2450204898378,3.985634422998024,53.697131519759694,11.745790235986762,0.0847665139703669
ETH/USDT:USDT,trend,short,2026-04-14 15:00:00+00:00,2026-04-15 15:00:00+00:00,2340.2977,2346.853845,2.1746315069519024,-19.178032858517543,-0.22612305274716074,time_stop,5.096413713807644,-0.17558033643531398,96,5089.285114067072,4.92083337737233,-14.257199481145214,9.66900707482642,0.07804575273166996
ETH/USDT:USDT,trend,short,2026-04-19 22:15:00+00:00,2026-04-20 01:30:00+00:00,2261.671295,2285.8579509795086,2.6787989499674576,-70.93830980180789,-1.0291710428668015,stop_loss,6.090958284538106,0.056162876138316595,13,6058.56269021754,6.147121160676422,-64.79118864113147,10.146170758622128,0.09764351030204307
ETH/USDT:USDT,trend,long,2026-04-20 07:30:00+00:00,2026-04-20 18:15:00+00:00,2296.918869,2332.50054062157,0.6470220481547496,21.545382927954588,1.4710613835686561,partial_tp,1.49766821409035,-0.02092509268700465,43,1486.157151065671,1.4767431214033453,23.022126049357933,9.93665522077813,0.09436051973174245
ETH/USDT:USDT,trend,long,2026-04-20 07:30:00+00:00,2026-04-20 23:00:00+00:00,2296.918869,2313.8670076484746,1.9410661444642487,27.763159755186916,0.7006908656316301,stop_loss,5.217998757800968,-0.0837003707480186,62,4458.471453197013,5.13429838705295,32.89745814223986,11.515826535956231,0.10935665502423739
ETH/USDT:USDT,trend,short,2026-04-23 17:30:00+00:00,2026-04-23 19:45:00+00:00,2292.3121,2315.233144115673,2.8275287880849627,-71.32389550010105,-1.0312400033311393,stop_loss,6.513983410070512,0.0,9,6481.578454025496,6.513983410070512,-64.80991209003054,10.049995469891892,0.10364896443878109
ETH/USDT:USDT,trend,long,2026-04-27 01:00:00+00:00,2026-04-27 05:00:00+00:00,2386.785821,2363.27453694191,2.740536854740347,-70.94239820005541,-1.0311021995191818,stop_loss,6.508857736590464,0.0,16,6541.074506822197,6.508857736590464,-64.43354046346494,9.950746975595324,0.10415844729751123
ETH/USDT:USDT,trend,short,2026-04-27 05:30:00+00:00,2026-04-27 15:15:00+00:00,2323.4527550000003,2288.7365189885927,0.6581631383535751,21.210887919695125,1.4709167953116862,partial_tp,1.517786483624515,0.12027244177175131,39,1529.2109570470604,1.6380589253962663,22.84894684509139,10.71179171093172,0.1054511790591871
ETH/USDT:USDT,trend,short,2026-04-27 05:30:00+00:00,2026-04-27 17:30:00+00:00,2323.4527550000003,2290.6954618094483,1.9744894150607253,58.87794001836936,1.3879169592895764,stop_loss,5.319898885329319,0.48108976708700524,48,4587.632871141182,5.800988652416325,64.67892867078568,12.64484062992015,0.12448088885819204
ETH/USDT:USDT,trend,long,2026-04-29 10:00:00+00:00,2026-04-29 11:15:00+00:00,2343.852945,2329.0351861284666,4.429238044702139,-75.9800482755342,-1.0495026715544917,stop_loss,10.34866694451564,0.0,5,10381.48263518115,10.34866694451564,-65.63138133101856,9.96839016947897,0.1654841538458333
ETH/USDT:USDT,trend,short,2026-04-29 12:30:00+00:00,2026-04-29 15:00:00+00:00,2312.5160370000003,2288.227370688314,0.9332728917933067,20.521079294264183,1.4587829253318143,partial_tp,2.1468745522461328,0.0,10,2158.208529169388,2.1468745522461328,22.667953846510315,9.94748432892341,0.13816085743125775
ETH/USDT:USDT,trend,short,2026-04-29 12:30:00+00:00,2026-04-29 21:45:00+00:00,2312.5160370000003,2252.7046454407955,2.79981867537992,159.99105176137368,3.592286032803794,stop_loss,7.469999326548897,0.0,37,6474.625587508163,7.469999326548897,167.46105108792258,11.537345635801953,0.16024248069317573
ETH/USDT:USDT,trend,long,2026-05-01 14:00:00+00:00,2026-05-01 15:45:00+00:00,2318.305283,2300.4512105905,3.6739308921085314,-74.07912425766943,-1.0402210048856433,stop_loss,8.48449608246451,0.0,7,8517.293396552112,8.48449608246451,-65.59462817520492,9.961493267214586,0.1345499057830731
ETH/USDT:USDT,trend,long,2026-05-04 02:15:00+00:00,2026-05-04 10:00:00+00:00,2363.6988969999998,2337.778519337679,2.485759767041061,-70.78332446043875,-1.0278182579309367,stop_loss,5.8433717035921795,0.5081208173397159,31,5875.587619561933,6.351492520931895,-64.43183193950685,10.809969882476954,0.10131917379370355
ETH/USDT:USDT,trend,short,2026-05-04 10:15:00+00:00,2026-05-04 14:15:00+00:00,2322.483046,2346.0033145400116,2.731950887809657,-70.633256248109,-1.0308366493223469,stop_loss,6.377037728702279,0.0,16,6344.909619442576,6.377037728702279,-64.25621851940673,10.050636039260912,0.10230424939918079
ETH/USDT:USDT,trend,short,2026-05-07 14:45:00+00:00,2026-05-08 02:15:00+00:00,2297.180639,2270.864547546542,0.8609365317914457,20.690086016260885,1.4621596092913476,partial_tp,1.9663984899859939,0.0,46,1977.7267322391172,1.9663984899859939,22.65648450624688,9.94272089228274,0.12690355589086494
ETH/USDT:USDT,trend,short,2026-05-07 14:45:00+00:00,2026-05-08 04:15:00+00:00,2297.180639,2284.0875535707996,2.582809595374337,26.911811590097926,0.7274705177794281,stop_loss,6.905135089497113,0.0,54,5933.1801967173515,6.905135089497113,33.81694667959504,11.638168504164959,0.148543339719206
ETH/USDT:USDT,trend,short,2026-05-13 14:00:00+00:00,2026-05-14 14:00:00+00:00,2261.531337,2256.3767099999995,3.131616801762183,9.459503254792034,0.2594439868069357,time_stop,7.074178374400885,-0.39136510917484096,96,7082.249532660893,6.682813265226044,16.142316520018078,9.43600367991443,0.10740811050671795
ETH/USDT:USDT,trend,short,2026-05-15 14:00:00+00:00,2026-05-16 07:00:00+00:00,2219.713886,2191.0407348331137,0.7960998240645983,21.070990110517158,1.4663940101876298,partial_tp,1.755700488818678,0.0,68,1767.113834118346,1.755700488818678,22.826690599335837,9.93541250665743,0.1127867690361612
ETH/USDT:USDT,trend,short,2026-05-15 14:00:00+00:00,2026-05-16 07:30:00+00:00,2219.713886,2198.209899500042,2.388299472193795,45.19874016830204,1.099750662742326,stop_loss,6.159219439610255,0.0,70,5301.341502355038,6.159219439610255,51.35795960791229,11.618228021858465,0.13189008505009303
ETH/USDT:USDT,trend,long,2026-05-18 11:45:00+00:00,2026-05-18 12:45:00+00:00,2133.619894,2154.3719382699555,1.0969937572360995,20.412912878488704,1.45468112051353,partial_tp,2.351950135539763,0.0,4,2340.567704032748,2.351950135539763,22.764863014028467,10.048631071373851,0.15029027218176488
ETH/USDT:USDT,trend,long,2026-05-18 11:45:00+00:00,2026-05-18 13:30:00+00:00,2133.619894,2133.2759784015398,3.2909812717082985,-9.323240847798605,-0.024107867235732015,stop_loss,8.19142105421783,0.0,7,7021.703112098245,8.19142105421783,-1.1318197935807746,11.66586072274145,0.17447803295814163
ETH/USDT:USDT,trend,short,2026-05-23 08:00:00+00:00,2026-05-23 13:15:00+00:00,2028.171366,2044.9202466696393,3.882906584488931,-72.94205615599229,-1.0380086591332058,stop_loss,7.907717121030791,0.0,21,7875.199951513309,7.907717121030791,-65.0343390349615,10.041290595435907,0.12621453477359423
ETH/USDT:USDT,trend,long,2026-05-23 18:15:00+00:00,2026-05-23 20:30:00+00:00,2075.682518,2095.7080416193357,1.1309006503212338,20.28816353582126,1.4543268990630542,partial_tp,2.358714148308681,0.0,9,2347.390709466616,2.358714148308681,22.64687768412994,10.048238406995475,0.1514708332393992
ETH/USDT:USDT,trend,long,2026-05-23 18:15:00+00:00,2026-05-23 21:15:00+00:00,2075.682518,2118.998876128904,3.3927019509637013,138.67014550307582,3.1457926391241915,stop_loss,8.289347229499445,0.0,12,7042.172128399849,8.289347229499445,146.95949273257526,11.771009112472495,0.17744051107440773
ETH/USDT:USDT,trend,short,2026-05-24 14:15:00+00:00,2026-05-24 21:30:00+00:00,2092.941929,2069.086924005683,0.9665218586365887,21.12989740300894,1.4619697998029897,partial_tp,2.0113459313530813,-0.08485956946973038,29,2022.8741232355273,1.926486361883351,23.056383764892292,9.523510829245238,0.12215553442922794
ETH/USDT:USDT,trend,short,2026-05-24 14:15:00+00:00,2026-05-24 22:00:00+00:00,2092.941929,2082.689115459296,2.899565575909766,23.002948398001447,0.6283504766857808,stop_loss,7.065195078724923,-0.3394382778789215,31,6068.622369706582,6.725756800846002,29.72870519884745,11.082839549252085,0.14215662820216132
ETH/USDT:USDT,trend,short,2026-05-28 03:30:00+00:00,2026-05-28 16:15:00+00:00,1983.194863,2005.0325328990489,2.9809151221107477,-70.89018867594375,-1.0283160537939966,stop_loss,5.944283677425921,-0.1503354352198262,51,5911.735557209053,5.793948242206095,-65.09624043373765,9.800756793224078,0.09152617651363099
ETH/USDT:USDT,trend,long,2026-05-28 16:45:00+00:00,2026-05-29 13:00:00+00:00,2013.10375,1992.9622950346984,3.221001465471164,-71.88202275319782,-1.0306020708354517,stop_loss,6.4517723009155175,0.5545944923244317,81,6484.2101288954955,7.006366793239949,-64.87565595995787,10.805274125860873,0.1113017821446398
ETH/USDT:USDT,trend,short,2026-06-01 08:00:00+00:00,2026-06-01 12:30:00+00:00,1977.166672,1992.8333407687828,4.153552035070937,-73.31712476349362,-1.039662272059004,stop_loss,8.244800816133711,0.0,18,8212.264654160032,8.244800816133711,-65.0723239473599,10.039618988602856,0.13172740466607044
ETH/USDT:USDT,trend,long,2026-06-01 19:30:00+00:00,2026-06-01 22:00:00+00:00,2006.311713,1988.7111629801816,3.6593841966727836,-71.71683638412658,-1.035097676612629,stop_loss,7.309661788854066,0.0,10,7341.865376151702,7.309661788854066,-64.40717459527251,9.956137050125923,0.11747470653715522
ETH/USDT:USDT,trend,short,2026-06-02 02:00:00+00:00,2026-06-02 03:15:00+00:00,1971.328424,1989.5724127168562,3.505619092131536,-70.8991799600605,-1.0338121328033083,stop_loss,6.942704797617194,0.0,5,6910.7265600359715,6.942704797617194,-63.9564751624433,10.046273336534757,0.11222401541076728
ETH/USDT:USDT,trend,short,2026-06-02 09:15:00+00:00,2026-06-02 14:15:00+00:00,1967.8194770000002,1942.6191228556286,0.8946343300455906,20.79589563837843,1.4661048903011769,partial_tp,1.7492063084831289,0.0,20,1760.4788594565596,1.7492063084831289,22.545101946861557,9.935968836473785,0.11375064655095887
ETH/USDT:USDT,trend,short,2026-06-02 09:15:00+00:00,2026-06-02 16:00:00+00:00,1967.8194770000002,1922.616569423908,2.6839029901367715,115.21920290765527,2.6298124015825555,stop_loss,6.101015898694784,0.0,27,5281.4365783696785,6.101015898694784,121.32021880635006,11.551811345575413,0.13224940929466977
ETH/USDT:USDT,trend,short,2026-06-02 23:00:00+00:00,2026-06-03 03:30:00+00:00,1870.788595,1825.7569511206086,0.5116665187344484,22.09548516119418,1.4819798481746935,partial_tp,0.945699295463431,0.0,18,957.2198876917598,0.945699295463431,23.04118445665761,9.87964528969295,0.06082618282693592
ETH/USDT:USDT,trend,short,2026-06-02 23:00:00+00:00,2026-06-03 05:00:00+00:00,1870.788595,1856.8121015298584,1.5349995562033452,18.114368622662084,0.45996281473468953,stop_loss,3.3395426512841864,0.0,24,2871.6596630752797,3.3395426512841864,21.45391127394627,11.629312116004192,0.07159838680215981
ETH/USDT:USDT,trend,short,2026-06-04 02:00:00+00:00,2026-06-04 03:15:00+00:00,1744.3765300000002,1784.9678388829425,1.5576033341774325,-65.9738173329131,-1.0133645404347478,stop_loss,2.748659278216209,0.0,5,2717.04669918886,2.748659278216209,-63.22515805469689,10.11634904558978,0.04405515038604719
ETH/USDT:USDT,trend,short,2026-06-04 09:30:00+00:00,2026-06-04 12:30:00+00:00,1751.294454,1778.892591016522,2.2930835996964487,-67.33234238315582,-1.0197123603371987,stop_loss,4.047507008394128,0.0,12,4015.864590706747,4.047507008394128,-63.28483537476169,10.078793537413103,0.0652177239708348
ETH/USDT:USDT,trend,short,2026-06-05 05:45:00+00:00,2026-06-05 06:15:00+00:00,1682.864989,1637.0334316190713,0.4996878058961194,22.072013969679762,1.4841018124864083,partial_tp,0.8294563787985679,0.0,2,840.907113972807,0.8294563787985679,22.90147034847833,9.863828775093353,0.0537519074724021
ETH/USDT:USDT,trend,short,2026-06-05 05:45:00+00:00,2026-06-05 07:30:00+00:00,1682.864989,1671.4310620782883,1.4990634176883582,14.205576760739593,0.3702495101205213,stop_loss,2.934604808120395,0.0,7,2522.7213419184213,2.934604808120395,17.140181568859987,11.632695055763685,0.06339116002002594
ETH/USDT:USDT,trend,short,2026-06-05 14:00:00+00:00,2026-06-05 16:00:00+00:00,1614.2855690000001,1560.2347993116143,0.4258138773038879,22.339690398965548,1.4871256083803872,partial_tp,0.6758774133054675,0.0,8,687.385197211603,0.6758774133054675,23.015567812271016,9.832586096517394,0.043671075927858155
ETH/USDT:USDT,trend,short,2026-06-05 14:00:00+00:00,2026-06-05 16:15:00+00:00,1614.2855690000001,1606.1141466389538,1.2774416319116637,8.037886183251835,0.22482439232711374,stop_loss,2.4006289326826433,0.0,9,2062.155591634809,2.4006289326826433,10.438515115934479,11.641356949111216,0.05170466632455952
ETH/USDT:USDT,trend,long,2026-06-07 09:00:00+00:00,2026-06-07 10:45:00+00:00,1642.4926,1623.492671207628,3.352182821465359,-69.16532476750494,-1.026316693019676,stop_loss,5.474089860650546,0.0,7,5505.935478103973,5.474089860650546,-63.6912349068544,9.942161295605313,0.08820915171909766
ETH/USDT:USDT,trend,short,2026-06-08 04:45:00+00:00,2026-06-08 07:30:00+00:00,1655.523194,1679.0677601203324,2.6783669746509373,-67.52661747192626,-1.0218553589608792,stop_loss,4.465629142742829,0.0,11,4434.098648578237,4.465629142742829,-63.06098832918343,10.071109140015867,0.07236212421573897
ETH/USDT:USDT,trend,long,2026-06-14 21:30:00+00:00,2026-06-15 10:45:00+00:00,1716.1046769999998,1739.8095639054297,0.9499934951018414,20.877940338038265,1.4676745082752787,partial_tp,1.6415480242449882,0.0,53,1630.2882800638465,1.6415480242449882,22.51948836228325,10.069065970226447,0.10698547633653892
ETH/USDT:USDT,trend,long,2026-06-14 21:30:00+00:00,2026-06-15 19:15:00+00:00,1716.1046769999998,1822.3638085462028,2.849980485305524,296.97902408632154,6.578973325795882,stop_loss,5.857427205869558,0.0,87,4890.864840191539,5.857427205869558,302.8364512921911,11.97626063540976,0.12724973225903274
ETH/USDT:USDT,trend,short,2026-06-15 22:30:00+00:00,2026-06-16 03:15:00+00:00,1792.232169,1764.5623567333091,0.8373148941832,21.723822089415066,1.471849558820766,partial_tp,1.4890785159728854,-0.044554675234568096,19,1500.6626889379622,1.4445238407383174,23.168345930153382,9.625906283847339,0.0917683888226843
ETH/USDT:USDT,trend,short,2026-06-15 22:30:00+00:00,2026-06-16 08:00:00+00:00,1792.232169,1778.0040758366665,2.5119446825496,30.683952345593777,0.7568397083243998,stop_loss,5.234449319800641,-0.17821870093827238,38,4501.988066813887,5.056230618862369,35.740182964456146,11.231106222013437,0.10707153096016407
ETH/USDT:USDT,trend,short,2026-06-16 14:30:00+00:00,2026-06-16 18:00:00+00:00,1778.336339,1804.218834518705,2.494966936728206,-69.04514891265212,-1.0213525490274264,stop_loss,4.469178353466875,0.0,14,4436.890368187283,4.469178353466875,-64.57597055918525,10.072771654470209,0.07068583969927375
ETH/USDT:USDT,trend,short,2026-06-18 15:30:00+00:00,2026-06-19 15:30:00+00:00,1697.2106840000001,1708.532406,2.8519405853524615,-37.14536693870493,-0.5134941782174152,time_stop,4.856488470827351,0.0,96,4840.344031593412,4.856488470827351,-32.28887846787758,10.033353908582866,0.07723335943150718
ETH/USDT:USDT,trend,short,2026-06-26 02:15:00+00:00,2026-06-26 03:45:00+00:00,1536.278978,1559.023754104742,2.814310463632401,-68.36643281808766,-1.0209885740604847,stop_loss,4.355571433536166,0.0,6,4323.566002843891,4.355571433536166,-64.01086138455149,10.074025539730917,0.06947240782199374
ETH/USDT:USDT,trend,long,2026-06-26 06:45:00+00:00,2026-06-26 09:45:00+00:00,1570.621045,1548.5839675040736,2.8904182281230533,-68.20427400148355,-1.0215421280911252,stop_loss,4.507903512697285,0.0,12,4539.751697941679,4.507903512697285,-63.69637048878627,9.929845975367257,0.07229632257305703
ETH/USDT:USDT,trend,long,2026-07-02 12:30:00+00:00,2026-07-02 13:15:00+00:00,1659.5177059999999,1685.111276787681,0.8910042758793629,21.313941644398056,1.4709368099825988,partial_tp,1.490039362446934,0.0,3,1478.6373719435114,1.490039362446934,22.80398100684499,10.077111472493327,0.09611276846302876
ETH/USDT:USDT,trend,long,2026-07-02 12:30:00+00:00,2026-07-02 14:30:00+00:00,1659.5177059999999,1693.4688917311994,2.6730128276380887,85.53134819373078,1.951273202511271,stop_loss,5.2206067792888,0.0,8,4435.912115830534,5.2206067792888,90.75195497301958,11.768958994155698,0.11224915333563268
ETH/USDT:USDT,trend,short,2026-07-08 15:15:00+00:00,2026-07-08 16:30:00+00:00,1715.98505,1732.859538738713,3.8243455457941877,-70.83092104345316,-1.0317767487759526,stop_loss,6.594786720539643,-0.29774152253732955,5,6562.519782616917,6.297045198002314,-64.53387584545085,9.595468519092615,0.10067805065435335
ETH/USDT:USDT,trend,long,2026-07-10 10:30:00+00:00,2026-07-10 14:15:00+00:00,1799.529697,1786.734932371162,5.073359612884587,-74.00964719019524,-1.043739257728266,stop_loss,9.097205065884083,0.0,15,9129.661286946237,9.097205065884083,-64.91244212431116,9.964449698579115,0.14627565613205523
ETH/USDT:USDT,trend,long,2026-07-15 13:00:00+00:00,2026-07-15 14:15:00+00:00,1938.621412,1919.8704427222633,3.4015248075790776,-70.34426504621418,-1.0316995429861602,stop_loss,6.562377881839793,0.0,5,6594.268825421979,6.562377881839793,-63.78188716437438,9.95163839323741,0.1061492935157026
ETH/USDT:USDT,trend,short,2026-07-16 12:45:00+00:00,2026-07-16 14:00:00+00:00,1871.1684810000002,1886.3980904006698,4.191968083540832,-71.71783610194653,-1.0385812271696107,stop_loss,7.875799569545782,0.0,5,7843.87855127958,7.875799569545782,-63.84203653240075,10.040695451947041,0.12812338117894242
ETH/USDT:USDT,trend,long,2026-07-20 18:00:00+00:00,2026-07-20 19:15:00+00:00,1914.77426,1895.0518712837377,3.190602052033023,-69.00411344528067,-1.0296906650700868,stop_loss,6.0778195361814635,0.0,5,6109.282683136013,6.0778195361814635,-62.9262939090992,9.948499441609732,0.099454038234432
ETH/USDT:USDT,trend,short,2026-07-23 18:00:00+00:00,2026-07-24 07:00:00+00:00,1877.8764680000002,1893.606027014913,4.007929993632782,-70.68661593522057,-1.0374571056125974,stop_loss,7.557918906115636,0.08572566661874773,52,7526.397420434392,7.643644572734384,-63.04297136248619,10.15578124001486,0.12578647870457424
ETH/USDT:USDT,trend,long,2026-07-24 07:15:00+00:00,2026-07-24 09:00:00+00:00,1897.6291179999998,1883.2554901741064,4.3750928311332205,-71.30426554177912,-1.0409274680481624,stop_loss,8.270860572282235,0.14744891105353145,7,8302.303550311455,8.418309483335767,-62.88595605844335,10.139727404956133,0.13934509586831662
