symbol,strategy,direction,entry_time,exit_time,entry_price,exit_price,qty,pnl_usd,r_multiple,exit_reason,fees_usd,funding_usd,bars_held,roc,agree
ETH/USDT:USDT,trend,long,2023-01-08 23:15:00+00:00,2023-01-09 01:30:00+00:00,1285.1054159999999,1297.9386567014583,1.4180117893978277,16.366293137035644,1.4558149288678457,partial_tp,1.8313934738124238,0.0,9,0.06211343814598558,True
ETH/USDT:USDT,trend,long,2023-01-08 23:15:00+00:00,2023-01-09 20:00:00+00:00,1285.1054159999999,1328.3292436895174,4.254035368193483,176.9893101412467,4.903351779730889,stop_loss,6.469969052644453,0.4164125460171544,83,0.06211343814598558,True
ETH/USDT:USDT,trend,long,2023-01-11 23:30:00+00:00,2023-01-12 00:45:00+00:00,1389.346679,1416.9866479884472,0.681005188977638,17.772783295704752,1.477273081555981,partial_tp,0.9555637788400055,0.09461522976878486,5,0.0951645198417077,True
ETH/USDT:USDT,trend,long,2023-01-11 23:30:00+00:00,2023-01-12 02:45:00+00:00,1389.346679,1396.4679521283078,2.043015566932914,10.851603460602616,0.3806105970398972,stop_loss,3.3188074778362275,0.37846091907513946,13,0.0951645198417077,True
ETH/USDT:USDT,trend,short,2023-01-12 13:30:00+00:00,2023-01-12 17:30:00+00:00,1389.393057,1409.424257017615,2.60651763885111,-55.49711177068577,-1.021557002149668,stop_loss,3.6475833484544,-0.3621477510367766,16,0.1204368298183831,False
ETH/USDT:USDT,trend,long,2023-01-12 17:45:00+00:00,2023-01-13 00:30:00+00:00,1429.168622,1406.4999894915495,2.284956585901427,-55.03653097819372,-1.0189726725317243,stop_loss,3.239689834630786,0.0,27,0.1204368298183831,True
ETH/USDT:USDT,trend,long,2023-01-14 00:30:00+00:00,2023-01-14 09:15:00+00:00,1565.8396109999999,1521.7688596279102,1.1591950909268138,-52.87616893491051,-1.0104706466191378,stop_loss,1.7895702909279605,0.0,35,0.17416232428502187,True
ETH/USDT:USDT,trend,long,2023-01-20 20:00:00+00:00,2023-01-20 22:15:00+00:00,1624.357161,1654.7867745890367,0.6098330845708464,17.557119886805207,1.4759143526973,partial_tp,0.9998652304960236,0.0,9,0.06793822861078747,True
ETH/USDT:USDT,trend,long,2023-01-20 20:00:00+00:00,2023-01-20 22:30:00+00:00,1624.357161,1647.0048830502083,1.8294992537125392,37.94622001106983,1.0984726418558417,stop_loss,3.487770578075378,0.0,10,0.06793822861078747,True
ETH/USDT:USDT,trend,short,2023-01-21 10:30:00+00:00,2023-01-21 15:30:00+00:00,1641.6873460000002,1667.3945802930045,2.0061901331063248,-54.892923543162674,-1.019838341001268,stop_loss,3.3193237550847483,0.0,20,0.03203327605557016,False
ETH/USDT:USDT,trend,short,2023-01-24 22:00:00+00:00,2023-01-24 22:15:00+00:00,1593.4018360000002,1568.3260050716021,0.7383083493114749,17.34653030870237,1.4723819830894465,partial_tp,1.167165031656854,0.0,1,0.003146134058835459,False
ETH/USDT:USDT,trend,short,2023-01-24 22:00:00+00:00,2023-01-25 03:15:00+00:00,1593.4018360000002,1542.3848043982832,2.214925047934425,108.93792403884345,2.9955760339731916,stop_loss,4.0609771270616655,0.0,21,0.003146134058835459,False
ETH/USDT:USDT,trend,short,2023-01-25 15:00:00+00:00,2023-01-25 16:15:00+00:00,1533.4498270000001,1550.1882983590842,3.1294531094193325,-57.207311701476634,-1.028568867289611,stop_loss,4.825050459864494,0.0,5,-0.02869181017594824,True
ETH/USDT:USDT,trend,long,2023-01-25 21:45:00+00:00,2023-01-25 23:00:00+00:00,1618.495403,1596.5297352268437,2.3568815396833833,-55.559193580322386,-1.0222977776414153,stop_loss,3.788716698952433,0.0,5,-0.02869181017594824,False
ETH/USDT:USDT,trend,long,2023-01-29 10:15:00+00:00,2023-01-29 13:00:00+00:00,1608.462394,1625.8062911158306,1.059137342563856,16.65680173081633,1.45895910782091,partial_tp,1.7127673701455386,0.0,11,0.05763533184660563,True
ETH/USDT:USDT,trend,long,2023-01-29 10:15:00+00:00,2023-01-29 14:15:00+00:00,1608.462394,1607.9798552818,3.1774120276915676,-7.494996764454659,-0.040590892179099676,stop_loss,5.961772437419183,0.0,16,0.05763533184660563,True
ETH/USDT:USDT,trend,long,2023-01-29 19:15:00+00:00,2023-01-29 20:45:00+00:00,1651.905423,1634.1517390226713,2.920028444009603,-56.63895239063087,-1.028406671120935,stop_loss,4.797690190873837,0.0,6,0.05763533184660563,True
ETH/USDT:USDT,trend,short,2023-01-30 09:15:00+00:00,2023-01-30 12:30:00+00:00,1596.9607680000001,1574.6255728165995,0.8241735654871312,17.10110863877374,1.4689413208858901,partial_tp,1.3069688113805502,0.0,13,-0.02822993527407669,True
ETH/USDT:USDT,trend,short,2023-01-30 09:15:00+00:00,2023-01-30 14:30:00+00:00,1596.9607680000001,1587.8989321049635,2.4725206964613937,17.810174611444424,0.5959789059376212,stop_loss,4.595402186970489,0.0,21,-0.02822993527407669,True
ETH/USDT:USDT,trend,short,2023-01-30 19:15:00+00:00,2023-01-31 00:45:00+00:00,1553.203899,1574.2855042256863,2.440658824937127,-55.26957314385171,-1.0229090902998261,stop_loss,3.81656730594006,0.0,22,-0.02822993527407669,True
ETH/USDT:USDT,trend,long,2023-02-02 00:45:00+00:00,2023-02-02 06:15:00+00:00,1692.7576749999998,1664.5763500402365,1.8071191743441,-53.96056403887424,-1.018045167661738,stop_loss,3.0335513456640335,0.0,22,0.04600005090612913,True
ETH/USDT:USDT,trend,short,2023-02-04 23:45:00+00:00,2023-02-05 12:45:00+00:00,1665.940068,1647.6674467406929,0.9942008687764873,16.519460195857224,1.4605031737287242,partial_tp,1.647195734969747,0.0,52,0.06419229590272812,False
ETH/USDT:USDT,trend,short,2023-02-04 23:45:00+00:00,2023-02-05 13:00:00+00:00,1665.940068,1648.1320638708391,2.9826026063294617,47.34377990865283,1.4233670243214935,stop_loss,5.770419620508481,0.0,53,0.06419229590272812,False
ETH/USDT:USDT,trend,short,2023-02-05 17:45:00+00:00,2023-02-05 22:30:00+00:00,1617.6245669999998,1636.6890851141873,2.695959361891684,-55.78391476837175,-1.0264277209480452,stop_loss,4.38674867847458,0.0,19,0.027734665808633263,False
ETH/USDT:USDT,trend,short,2023-02-09 03:00:00+00:00,2023-02-09 06:45:00+00:00,1619.5140000000001,1636.382346417959,3.04043164793643,-56.23671944454237,-1.0299658133447616,stop_loss,4.949665147024879,0.0,15,-0.07306593696742758,True
ETH/USDT:USDT,trend,short,2023-02-09 19:15:00+00:00,2023-02-09 19:30:00+00:00,1586.014053,1557.0076781329335,0.6299811623473479,17.283447512506463,1.476234678814353,partial_tp,0.9900222417310496,0.0,1,-0.07306593696742758,True
ETH/USDT:USDT,trend,short,2023-02-09 19:15:00+00:00,2023-02-10 00:30:00+00:00,1586.014053,1553.93692130683,1.8899434870420437,57.15722169143129,1.6325161079027795,stop_loss,3.466744435065341,0.0,21,-0.07306593696742758,True
ETH/USDT:USDT,trend,long,2023-02-15 19:00:00+00:00,2023-02-16 04:00:00+00:00,1606.0916829999999,1690.1238519014698,2.4249511145750726,199.1282052340274,5.446396218063977,stop_loss,4.645696403752929,0.0,36,0.10761377011889484,True
ETH/USDT:USDT,trend,long,2023-02-15 19:00:00+00:00,2023-02-15 19:30:00+00:00,1606.0916829999999,1628.74633580813,0.8083170381916909,17.00475451593236,1.468321203519404,partial_tp,1.3073873431964325,0.0,2,0.10761377011889484,True
ETH/USDT:USDT,trend,short,2023-02-16 22:45:00+00:00,2023-02-17 09:00:00+00:00,1646.4059300000001,1672.1457218371042,2.0194148091204416,-55.330082994800996,-1.019870327914887,stop_loss,3.350766175275476,0.0,41,0.0659122687217506,False
ETH/USDT:USDT,trend,short,2023-02-22 15:15:00+00:00,2023-02-22 19:00:00+00:00,1612.476112,1629.9412562173077,2.985922616670189,-56.508899908921435,-1.0287951721896318,stop_loss,4.840803676222146,-0.48147288916612135,15,-0.030759332278705087,True
ETH/USDT:USDT,trend,long,2023-02-22 23:15:00+00:00,2023-02-23 02:30:00+00:00,1642.812696,1665.8786937009177,0.8021236432291853,17.174792314662156,1.4681798694619153,partial_tp,1.326989795913968,0.0,13,-0.030759332278705087,False
ETH/USDT:USDT,trend,long,2023-02-22 23:15:00+00:00,2023-02-23 06:30:00+00:00,1642.812696,1660.6120877034643,2.4063709296875557,38.1984366249525,1.132953749780965,stop_loss,4.633502136386049,0.0,29,-0.030759332278705087,False
ETH/USDT:USDT,trend,short,2023-03-01 20:00:00+00:00,2023-03-01 21:30:00+00:00,1638.628264,1653.389919989773,3.5528542775603245,-58.294043070536524,-1.034759259241724,stop_loss,5.848030443397219,0.0,6,0.03567872965304408,False
ETH/USDT:USDT,trend,long,2023-03-07 23:45:00+00:00,2023-03-08 05:30:00+00:00,1561.7583869999999,1549.4453677833542,4.253257829572848,-59.53204266764803,-1.0392447073362918,stop_loss,6.616375864714373,0.5452214140545153,23,-0.05220695809481024,False
ETH/USDT:USDT,trend,short,2023-03-09 18:45:00+00:00,2023-03-09 19:45:00+00:00,1504.6784610000002,1485.2248042615524,0.9440469382815363,16.95386057064752,1.4664230525994317,partial_tp,1.4113045116640683,0.0,4,-0.08277513489352184,True
ETH/USDT:USDT,trend,short,2023-03-09 18:45:00+00:00,2023-03-09 21:00:00+00:00,1504.6784610000002,1436.0440587360806,2.832140814844609,189.50777827036865,5.173683849488191,stop_loss,4.874513683741229,0.0,9,-0.08277513489352184,True
ETH/USDT:USDT,trend,short,2023-03-10 07:00:00+00:00,2023-03-10 10:30:00+00:00,1396.250999,1371.5667710345892,0.7639909183948074,17.800197451731385,1.4754131973068256,partial_tp,1.0572938200390969,0.001034721390544607,14,-0.08840453691034866,True
ETH/USDT:USDT,trend,short,2023-03-10 07:00:00+00:00,2023-03-10 12:15:00+00:00,1396.250999,1394.4299058839754,2.291972755184422,0.43831307829878785,0.10884945725961051,stop_loss,3.7314438427215793,0.004138885562178428,21,-0.08840453691034866,True
ETH/USDT:USDT,trend,long,2023-03-10 13:45:00+00:00,2023-03-10 15:00:00+00:00,1424.2571489999998,1401.2845919438703,2.27113036720627,-55.382258768387665,-1.0186462700500765,stop_loss,3.208586825833248,0.0,5,-0.08840453691034866,False
ETH/USDT:USDT,trend,long,2023-03-11 01:15:00+00:00,2023-03-11 01:45:00+00:00,1444.5732420000002,1474.2762880631644,0.6336989215563398,17.89795235747235,1.477985959418236,partial_tp,0.9248358996931284,0.0,2,-0.06014682111208369,False
ETH/USDT:USDT,trend,long,2023-03-11 01:15:00+00:00,2023-03-11 06:30:00+00:00,1444.5732420000002,1449.4567541590884,1.9010967646690193,6.075401381805631,0.24299738109121552,stop_loss,3.2086277840588417,0.0,21,-0.06014682111208369,False
ETH/USDT:USDT,trend,short,2023-03-11 08:00:00+00:00,2023-03-11 09:15:00+00:00,1415.4652330000001,1438.0184189899735,2.308190895920654,-55.350251069652614,-1.0194954299079333,stop_loss,3.2931924935908388,0.0,5,-0.06014682111208369,True
ETH/USDT:USDT,trend,long,2023-03-12 22:30:00+00:00,2023-03-13 00:30:00+00:00,1572.811702,1619.6543313573209,0.40238431122315815,18.206440026859354,1.484595739845921,partial_tp,0.6422991229679067,0.0,8,0.01150971312184157,True
ETH/USDT:USDT,trend,long,2023-03-12 22:30:00+00:00,2023-03-13 02:45:00+00:00,1572.811702,1584.0212810694018,1.2071529336694744,11.309848783823426,0.3552681299112222,stop_loss,2.22182747500489,0.0,17,0.01150971312184157,True
ETH/USDT:USDT,trend,long,2023-03-13 14:15:00+00:00,2023-03-13 15:00:00+00:00,1636.360761,1681.5087956081472,0.4183692002437073,18.19449991513027,1.4834203224045952,partial_tp,0.6940472164555471,0.0,3,0.0927524121633092,True
ETH/USDT:USDT,trend,long,2023-03-13 14:15:00+00:00,2023-03-13 16:30:00+00:00,1636.360761,1653.495336438732,1.255107600731122,19.098872700405092,0.5629874620722247,stop_loss,2.4068631680483668,0.0,9,0.0927524121633092,True
ETH/USDT:USDT,trend,short,2023-03-14 19:15:00+00:00,2023-03-15 14:30:00+00:00,1698.110414,1643.833340230177,0.3500010303169745,18.52134642025987,1.486498044043321,partial_tp,0.5848418786209699,-0.10915655685239778,77,0.18344913047715838,False
ETH/USDT:USDT,trend,short,2023-03-14 19:15:00+00:00,2023-03-15 19:30:00+00:00,1698.110414,1655.9418451210956,1.0500030909509235,42.655701074346055,1.154879782657854,stop_loss,2.058052816890031,-0.4366262274095911,97,0.18344913047715838,False
ETH/USDT:USDT,trend,long,2023-03-17 11:45:00+00:00,2023-03-17 13:00:00+00:00,1761.168192,1738.4819316847304,2.320135161530111,-56.69502089358947,-1.023537625292974,stop_loss,4.059830652507073,0.0,5,0.13294201081519197,True
ETH/USDT:USDT,trend,long,2023-03-18 01:00:00+00:00,2023-03-18 08:15:00+00:00,1825.807578,1791.8054188996625,1.5282273778477973,-55.00632296797043,-1.016067882111073,stop_loss,2.764267612160041,0.27902491273815777,29,0.050552601708584666,True
ETH/USDT:USDT,trend,long,2023-03-21 13:00:00+00:00,2023-03-21 17:45:00+00:00,1808.862496,1787.1713481744396,2.4044746844530396,-56.479101994665456,-1.0253517592914643,stop_loss,4.323286171376893,0.0,19,0.07627828000191328,True
ETH/USDT:USDT,trend,short,2023-03-24 17:30:00+00:00,2023-03-24 18:45:00+00:00,1735.1692930000002,1761.661155444969,1.948266872266022,-55.01959744647924,-1.0203493128730574,stop_loss,3.4063794603182354,0.0,5,-0.017539424378788637,True
ETH/USDT:USDT,trend,long,2023-03-28 19:00:00+00:00,2023-03-29 06:15:00+00:00,1774.5321999999999,1802.765488919169,0.6556476583336024,17.33836634045825,1.471798151264306,partial_tp,1.1727234264510304,0.0,45,-0.022710352015971158,False
ETH/USDT:USDT,trend,long,2023-03-28 19:00:00+00:00,2023-03-29 10:45:00+00:00,1774.5321999999999,1806.580370965953,1.9669429750008072,58.933268695248415,1.670667519966726,stop_loss,4.103656047858069,0.0,63,-0.022710352015971158,False
ETH/USDT:USDT,trend,short,2023-04-02 19:45:00+00:00,2023-04-02 22:45:00+00:00,1780.085814,1792.995573009974,4.097158294207538,-60.21306622426817,-1.0434639839394755,stop_loss,7.319740020333245,0.0,12,0.012115637467623008,False
ETH/USDT:USDT,trend,short,2023-04-03 01:45:00+00:00,2023-04-03 06:45:00+00:00,1770.298751,1784.4868640026177,3.690715110714333,-58.92413354360364,-1.0391993221663405,stop_loss,6.559850492320052,0.0,20,0.009928064780762247,False
ETH/USDT:USDT,trend,long,2023-04-03 08:30:00+00:00,2023-04-03 11:00:00+00:00,1812.0834619999998,1799.6055822859782,4.196275191627166,-59.93843765626109,-1.0452379884097571,stop_loss,7.577820568204439,0.0,10,0.009928064780762247,True
ETH/USDT:USDT,trend,long,2023-04-05 00:45:00+00:00,2023-04-05 14:00:00+00:00,1913.543891,1890.9809302144574,2.263861308950231,-55.38587220859531,-1.0257991232172432,stop_loss,4.306458270844103,0.0,53,0.04759969464139591,True
ETH/USDT:USDT,trend,short,2023-04-10 01:30:00+00:00,2023-04-10 04:15:00+00:00,1848.985138,1861.8334814423597,4.0291278353979125,-59.24329949821771,-1.0454340362545305,stop_loss,7.4756812958540335,0.0,11,0.000744437687420163,False
ETH/USDT:USDT,trend,long,2023-04-11 02:00:00+00:00,2023-04-11 04:30:00+00:00,1932.589603,1913.0774829316363,2.599088773238266,-55.7113472860894,-1.030314432777635,stop_loss,4.997615074328417,0.0,10,0.009383700362843639,True
ETH/USDT:USDT,trend,short,2023-04-12 02:15:00+00:00,2023-04-12 12:30:00+00:00,1862.4710910000001,1879.508612270783,2.970956190831845,-56.17635817856148,-1.0342168889696333,stop_loss,5.558628882699722,0.0,41,0.02898216193293135,False
ETH/USDT:USDT,trend,long,2023-04-12 14:30:00+00:00,2023-04-12 18:45:00+00:00,1921.786363,1899.8630293605504,2.2789165170308157,-54.31605710059448,-1.0266999723331955,stop_loss,4.35460996127562,0.0,17,0.02898216193293135,True
ETH/USDT:USDT,trend,long,2023-04-13 09:00:00+00:00,2023-04-13 17:00:00+00:00,1983.534882,2016.2747090394662,0.544205426483147,16.620887450185396,1.4727815604910284,partial_tp,1.0883590421715073,0.10794504464030086,32,0.08862458198504353,True
ETH/USDT:USDT,trend,long,2023-04-13 09:00:00+00:00,2023-04-14 00:45:00+00:00,1983.534882,2100.3978341374336,1.632616279449441,186.4871052040613,5.257010087594031,stop_loss,3.873472741472578,0.43178017856120343,63,0.08862458198504353,True
ETH/USDT:USDT,trend,short,2023-04-14 13:00:00+00:00,2023-04-14 15:00:00+00:00,2097.17066,2068.6011443070815,0.6347158367535645,16.811483390427387,1.4681194172865644,partial_tp,1.3220406682475878,0.0,8,0.1302211169960814,False
ETH/USDT:USDT,trend,short,2023-04-14 13:00:00+00:00,2023-04-14 17:15:00+00:00,2097.17066,2077.7140876644908,1.9041475102606933,32.407831856783616,0.9998269465478594,stop_loss,4.640351914083805,0.0,17,0.1302211169960814,False
ETH/USDT:USDT,trend,short,2023-04-19 21:30:00+00:00,2023-04-19 23:15:00+00:00,1960.201763,1929.7373709220733,0.5997970732146526,17.105866151849302,1.472035000651644,partial_tp,1.1665870537548002,0.0,7,-0.0795039456702401,True
ETH/USDT:USDT,trend,short,2023-04-19 21:30:00+00:00,2023-04-20 01:30:00+00:00,1960.201763,1953.383665422145,1.7993912196439577,8.159527647474624,0.3294494847226197,stop_loss,4.1088972687934735,0.0,16,-0.0795039456702401,True
ETH/USDT:USDT,trend,short,2023-04-21 17:30:00+00:00,2023-04-21 23:30:00+00:00,1883.6347400000002,1853.9692714686498,1.7040352365329976,46.831535889520715,1.354023686914476,stop_loss,3.7194677961611093,0.0,24,-0.1275158279393227,True
ETH/USDT:USDT,trend,short,2023-04-21 17:30:00+00:00,2023-04-21 19:00:00+00:00,1883.6347400000002,1851.3262901080218,0.5680117455109992,17.290828150833697,1.4746575263086485,partial_tp,1.0607508670636085,0.0,6,-0.1275158279393227,True
ETH/USDT:USDT,trend,long,2023-04-26 10:30:00+00:00,2023-04-26 12:15:00+00:00,1914.97432,1940.182055536378,0.7284688633800704,16.95886976305089,1.4661362885058813,partial_tp,1.4041806915197086,0.0,7,0.009209956709956613,True
ETH/USDT:USDT,trend,long,2023-04-26 10:30:00+00:00,2023-04-26 14:15:00+00:00,1914.97432,1937.4679728529059,2.1854065901402113,44.25070121045255,1.3082793835688518,stop_loss,4.907075970614015,0.0,15,0.009209956709956613,True
ETH/USDT:USDT,trend,short,2023-04-26 19:30:00+00:00,2023-04-26 20:00:00+00:00,1845.006332,1802.1513012149992,0.43557392344065826,17.87223051833996,1.4813177724426034,partial_tp,0.7943033798530013,0.0,2,0.009209956709956613,False
ETH/USDT:USDT,trend,short,2023-04-26 19:30:00+00:00,2023-04-26 20:45:00+00:00,1845.006332,1826.925129790654,1.3067217703219747,20.826185847019104,0.6249909448019125,stop_loss,2.800914713527069,0.0,5,0.009209956709956613,False
ETH/USDT:USDT,trend,short,2023-04-27 07:00:00+00:00,2023-04-27 15:15:00+00:00,1882.784995,1907.1800279866284,2.123938888908565,-55.838386306469566,-1.024009620930792,stop_loss,4.024827049962272,0.0,33,0.01829837887466046,False
ETH/USDT:USDT,trend,short,2023-05-01 01:45:00+00:00,2023-05-02 01:45:00+00:00,1834.3495300000002,1825.877599,2.2658755653891482,15.04953183687567,0.3814890252640778,time_stop,4.146809607687787,0.0,96,-0.018793364146229008,True
ETH/USDT:USDT,trend,long,2023-05-03 22:15:00+00:00,2023-05-04 13:30:00+00:00,1908.6624269999998,1882.4891198583855,1.967900264728908,-55.98797357823302,-1.022059808925417,stop_loss,3.7303040663450133,0.751211459074284,61,0.00772962706268876,True
ETH/USDT:USDT,trend,long,2023-05-05 13:45:00+00:00,2023-05-05 16:00:00+00:00,1932.359534,1963.0049359387,0.6016766470269896,17.26674776866113,1.471710196477721,partial_tp,1.171874916610392,0.0,9,0.06644687193924237,True
ETH/USDT:USDT,trend,long,2023-05-05 13:45:00+00:00,2023-05-05 18:45:00+00:00,1932.359534,1973.4587629740831,1.805029941080969,69.73015488411836,1.9737432215612951,stop_loss,4.106387287863928,0.3487966815803269,20,0.06644687193924237,True
ETH/USDT:USDT,trend,long,2023-05-06 00:30:00+00:00,2023-05-06 01:45:00+00:00,2006.6418119999998,1988.5576026561744,2.8906310666236297,-58.04910111726809,-1.0341242353652234,stop_loss,5.774323772680839,0.0,5,0.035694574227992826,True
ETH/USDT:USDT,trend,short,2023-05-06 08:15:00+00:00,2023-05-06 12:30:00+00:00,1940.0478110000001,1915.140194610974,0.7396336498641527,16.99679783148028,1.4661896597630257,partial_tp,1.4257133877512742,0.0,17,0.035694574227992826,False
ETH/USDT:USDT,trend,short,2023-05-06 08:15:00+00:00,2023-05-06 14:30:00+00:00,1940.0478110000001,1881.2055064675394,2.218900949592458,125.60829177422423,3.4637589207505193,stop_loss,4.956953629061472,0.0,25,0.035694574227992826,False
ETH/USDT:USDT,trend,short,2023-05-12 03:00:00+00:00,2023-05-12 05:45:00+00:00,1764.6204550000002,1740.9281847583602,0.7893949559894471,17.318927417589048,1.4676563125613378,partial_tp,1.3836312071004586,0.0,11,-0.03368280288847292,True
ETH/USDT:USDT,trend,short,2023-05-12 03:00:00+00:00,2023-05-12 07:00:00+00:00,1764.6204550000002,1759.574819433612,2.368184867968341,7.079533594057462,0.31256012253644966,stop_loss,4.869464203546009,0.0,16,-0.03368280288847292,True
ETH/USDT:USDT,trend,long,2023-05-23 03:30:00+00:00,2023-05-23 07:30:00+00:00,1866.509785,1851.079013577657,3.434864587796566,-59.38731737910105,-1.0373431835352287,stop_loss,6.384707058111788,0.0,16,0.029821802643788642,True
ETH/USDT:USDT,trend,short,2023-05-24 14:00:00+00:00,2023-05-24 20:30:00+00:00,1790.502688,1805.4692301054324,3.521484575254012,-59.03602699049727,-1.037537326267389,stop_loss,6.331579821327432,0.0,26,-0.006922898563526236,True
ETH/USDT:USDT,trend,short,2023-05-25 01:15:00+00:00,2023-05-25 05:45:00+00:00,1767.4696000000001,1784.1429842061964,3.1293540037445,-57.73404815169808,-1.0331560517333152,stop_loss,5.557126530067507,0.0,18,-0.007665279144831838,True
ETH/USDT:USDT,trend,long,2023-05-25 12:15:00+00:00,2023-05-25 15:30:00+00:00,1802.5205939999998,1789.6032553662537,4.05594397854111,-59.67672839882448,-1.0433787742729606,stop_loss,7.2847265485054855,0.0,13,-0.007665279144831838,False
ETH/USDT:USDT,trend,long,2023-05-25 19:15:00+00:00,2023-05-26 01:15:00+00:00,1811.003138,1798.3441491518888,4.118662625086869,-60.316837220222304,-1.0445293118227907,stop_loss,7.432841886275584,0.7458910938395638,24,-0.007665279144831838,False
ETH/USDT:USDT,trend,long,2023-05-28 22:00:00+00:00,2023-05-29 14:30:00+00:00,1906.961917,1887.7020363533948,2.654082251020462,-56.65910588224705,-1.030303773112368,stop_loss,5.035675123591192,0.5061233777281655,66,0.0296758320024173,True
ETH/USDT:USDT,trend,short,2023-05-31 14:30:00+00:00,2023-05-31 22:45:00+00:00,1857.432603,1869.8962233773086,4.144440300605758,-59.00345204075644,-1.0471149390296617,stop_loss,7.723845900823841,-0.37512444323648686,33,0.025196927978279104,False
ETH/USDT:USDT,trend,short,2023-06-05 16:00:00+00:00,2023-06-06 14:00:00+00:00,1813.205875,1836.2624548996178,2.1787878672474945,-54.40452613851788,-1.0244697765988233,stop_loss,3.9757086595446323,0.19342093346387113,88,-0.03353730163815383,True
ETH/USDT:USDT,trend,long,2023-06-06 17:00:00+00:00,2023-06-06 19:45:00+00:00,1865.619518,1892.676746585639,0.6619429330909505,16.666452424887897,1.4691600400261298,partial_tp,1.2438888264022905,0.0,11,0.012184307128384031,True
ETH/USDT:USDT,trend,long,2023-06-06 17:00:00+00:00,2023-06-06 21:30:00+00:00,1865.619518,1873.605808218193,1.9858287992728516,11.529207616863271,0.43364154682303035,stop_loss,4.330197497775578,0.0,18,0.012184307128384031,True
ETH/USDT:USDT,trend,short,2023-06-10 06:00:00+00:00,2023-06-10 08:00:00+00:00,1753.403821,1718.9342525744341,0.5241996514255637,17.158836549571582,1.4778966314577946,partial_tp,0.9100992038997159,0.0,8,-0.03281161085727857,True
ETH/USDT:USDT,trend,short,2023-06-10 06:00:00+00:00,2023-06-10 10:15:00+00:00,1753.403821,1739.57057923584,1.5725989542766912,18.694882356190007,0.5931058130170944,stop_loss,3.206090780451293,-0.14683160406628815,17,-0.03281161085727857,True
ETH/USDT:USDT,trend,long,2023-06-10 17:45:00+00:00,2023-06-10 19:00:00+00:00,1760.007844,1738.6230561044217,2.3526639639185523,-54.42677127883242,-1.0250080203285161,stop_loss,4.115551420863801,0.0,5,-0.03281161085727857,False
ETH/USDT:USDT,trend,long,2023-06-15 13:45:00+00:00,2023-06-15 17:00:00+00:00,1647.674154,1636.12601678119,4.414482001351202,-58.448373300890374,-1.0444043000687653,stop_loss,7.248138374973784,0.22119102434547616,13,-0.048553671800027454,False
ETH/USDT:USDT,trend,long,2023-06-15 19:00:00+00:00,2023-06-15 20:15:00+00:00,1670.390967,1657.3204906159358,3.858971724488405,-56.85937100279539,-1.0395562051706815,stop_loss,6.420772211097997,0.0,5,-0.048553671800027454,False
ETH/USDT:USDT,trend,long,2023-06-15 21:15:00+00:00,2023-06-16 01:00:00+00:00,1674.00205,1658.1178776103638,3.1348770157089882,-54.596212532304826,-1.0323388555492792,stop_loss,5.222893087325814,-0.42160749285084853,15,-0.048553671800027454,False
ETH/USDT:USDT,trend,long,2023-06-17 05:45:00+00:00,2023-06-17 07:00:00+00:00,1759.5276999999999,1745.635861539108,3.5878301271682425,-56.129522265113664,-1.0391867357290732,stop_loss,6.287965713371174,0.0,5,-0.008273953410924295,False
ETH/USDT:USDT,trend,long,2023-06-21 01:15:00+00:00,2023-06-21 14:15:00+00:00,1812.233507,1842.6145230600666,0.5780227689415397,16.493962662601035,1.4731872287282277,partial_tp,1.0562926891979258,0.010663674498191032,52,0.09957433427861018,True
ETH/USDT:USDT,trend,long,2023-06-21 01:15:00+00:00,2023-06-21 16:45:00+00:00,1812.233507,1867.703703915745,1.7340683068246192,92.4394847743887,2.689771320016092,stop_loss,3.7143873591191774,0.035238311406595904,62,0.09957433427861018,True
ETH/USDT:USDT,trend,long,2023-06-21 23:00:00+00:00,2023-06-22 01:15:00+00:00,1895.1483739999999,1923.8954714404788,0.6167138234007045,16.43422738839797,1.4704678832022275,partial_tp,1.1776285658282633,0.11687641996411681,9,0.09957433427861018,True
ETH/USDT:USDT,trend,long,2023-06-21 23:00:00+00:00,2023-06-22 05:45:00+00:00,1895.1483739999999,1909.0179998540775,1.8501414702021135,21.089759205231484,0.7094573430475932,stop_loss,4.103505083728496,0.46750567985646724,27,0.09957433427861018,True
ETH/USDT:USDT,trend,long,2023-06-30 12:45:00+00:00,2023-06-30 14:00:00+00:00,1907.1419709999998,1891.7870848230793,3.2740332936768093,-56.49131866839585,-1.0383917993408838,stop_loss,6.218910104540484,0.0,5,0.01851159213389031,True
ETH/USDT:USDT,trend,long,2023-06-30 17:15:00+00:00,2023-07-01 17:15:00+00:00,1924.317122,1917.8244800000002,1.607378223389644,-14.451950365221203,-0.21682646345545586,time_stop,3.087887371117101,0.92793163103959,96,0.01851159213389031,True
ETH/USDT:USDT,trend,long,2023-07-03 07:30:00+00:00,2023-07-03 09:45:00+00:00,1969.9508079999998,1954.6855132556623,3.2740610203567257,-57.04922980119096,-1.0399613797091587,stop_loss,6.42474939924969,0.6449739152493036,9,0.06990794960760915,True
ETH/USDT:USDT,trend,short,2023-07-05 13:00:00+00:00,2023-07-05 17:00:00+00:00,1897.960441,1913.4756093672565,3.197430155421866,-55.095207890581676,-1.0384083449499315,stop_loss,6.093400281453141,-0.6068595947851183,16,-0.012170207043513792,True
ETH/USDT:USDT,trend,long,2023-07-06 08:45:00+00:00,2023-07-06 10:30:00+00:00,1949.334625,1936.8658659910614,3.99564087033096,-57.58461385447451,-1.0488944617115314,stop_loss,7.763930756052064,0.0,7,-0.04119371335911193,False
ETH/USDT:USDT,trend,short,2023-07-06 12:00:00+00:00,2023-07-06 14:00:00+00:00,1907.837477,1883.8445866894074,0.7209045785467109,15.929863997421695,1.4654906685058664,partial_tp,1.3667204800535675,0.0,8,-0.04119371335911193,True
ETH/USDT:USDT,trend,short,2023-07-06 12:00:00+00:00,2023-07-06 15:45:00+00:00,1907.837477,1891.813468796676,2.1627137356401325,29.85887960963658,0.9787497125206802,stop_loss,4.796463031702399,0.0,15,-0.04119371335911193,True
ETH/USDT:USDT,trend,short,2023-07-06 23:15:00+00:00,2023-07-07 01:30:00+00:00,1857.8624740000002,1848.1115936054316,2.3541561729857783,18.189721468232317,0.6451780088510616,stop_loss,5.091170599376893,-0.32579679468944966,9,-0.04119371335911193,True
ETH/USDT:USDT,trend,short,2023-07-06 23:15:00+00:00,2023-07-07 00:00:00+00:00,1857.8624740000002,1835.7428222314343,0.7847187243285928,15.908484300305759,1.4635717296328896,partial_tp,1.4492206181160325,0.0,3,-0.04119371335911193,True
ETH/USDT:USDT,trend,long,2023-07-13 17:45:00+00:00,2023-07-14 01:00:00+00:00,1989.346625,2029.591006061812,0.43701758043789024,16.62239089325393,1.4776373787483095,partial_tp,0.8781731997287099,0.08693794487097829,29,0.07526616428437327,True
ETH/USDT:USDT,trend,long,2023-07-13 17:45:00+00:00,2023-07-14 03:30:00+00:00,1989.346625,2004.5084633082251,1.3110527413136708,16.4774508425465,0.5566913547598443,stop_loss,3.052767055322917,0.34775177948391317,39,0.07526616428437327,True
ETH/USDT:USDT,trend,short,2023-07-14 17:15:00+00:00,2023-07-14 18:15:00+00:00,1967.0796990000001,1944.3501948143507,0.7684989153467919,15.964634497616238,1.462479779519251,partial_tp,1.5029648154256732,0.0,4,0.04024578233009812,False
ETH/USDT:USDT,trend,short,2023-07-14 17:15:00+00:00,2023-07-14 21:45:00+00:00,1967.0796990000001,1924.42144800904,2.305496746040376,93.10668792807027,2.744751007077627,stop_loss,5.241770923361964,0.0,18,0.04024578233009812,False
ETH/USDT:USDT,trend,short,2023-07-17 18:45:00+00:00,2023-07-17 21:15:00+00:00,1882.105199,1898.98363915467,2.9628362785167845,-55.609428406020456,-1.03492103566312,stop_loss,5.601373590989768,0.0,10,0.0211459207509046,False
ETH/USDT:USDT,trend,long,2023-07-17 21:45:00+00:00,2023-07-18 06:30:00+00:00,1916.624815,1900.5736765343902,3.1033677407196647,-56.1339481642782,-1.0368419836548808,stop_loss,5.923085329275796,0.3982775190046869,35,0.0211459207509046,True
ETH/USDT:USDT,trend,long,2023-07-23 05:30:00+00:00,2023-07-23 17:45:00+00:00,1876.96292,1888.098681733625,1.53052222445156,13.909044135758789,1.4273736852335839,partial_tp,2.8812552289412503,0.2532314548103013,49,-0.004534764772260003,False
ETH/USDT:USDT,trend,long,2023-07-23 05:30:00+00:00,2023-07-23 19:15:00+00:00,1876.96292,1893.1559144516011,4.59156667335468,63.246545117354884,2.075606026622915,stop_loss,10.091742729193129,1.0129258192412052,55,-0.004534764772260003,False
ETH/USDT:USDT,trend,short,2023-07-24 10:00:00+00:00,2023-07-25 09:30:00+00:00,1847.1156990000002,1860.5513935479762,3.738844808575214,-55.40025520632282,-1.0433305768146035,stop_loss,6.93119593044908,-1.7649175344287464,94,-0.020402108553415843,True
ETH/USDT:USDT,trend,long,2023-07-27 04:45:00+00:00,2023-07-27 06:45:00+00:00,1879.983826,1872.766236070909,7.19255498716531,-65.40884302706405,-1.0844400492198667,stop_loss,13.495930587266521,0.0,8,-0.0028516295025728944,False
ETH/USDT:USDT,trend,short,2023-08-01 02:15:00+00:00,2023-08-01 16:00:00+00:00,1825.482191,1838.8056869381905,3.7224859132486747,-56.210757397247654,-1.0431784695949364,stop_loss,6.820130003856397,-0.20589855174877994,55,0.0068645580235233705,False
ETH/USDT:USDT,trend,long,2023-08-01 18:30:00+00:00,2023-08-02 03:00:00+00:00,1846.713848,1864.7069291539049,3.5685009829317313,55.828890056197665,1.8113918074021538,stop_loss,7.720437709303754,0.659000018178164,34,0.0068645580235233705,True
ETH/USDT:USDT,trend,long,2023-08-01 18:30:00+00:00,2023-08-01 23:00:00+00:00,1846.713848,1861.05529971559,1.1895003276439104,14.85396520656577,1.4437765228572677,partial_tp,2.2051963080178387,0.0,18,0.0068645580235233705,True
ETH/USDT:USDT,trend,long,2023-08-08 16:45:00+00:00,2023-08-08 18:15:00+00:00,1853.976026,1867.0249734472252,1.3120520474369899,14.679824725109526,1.4382467786217115,partial_tp,2.4410734899199085,0.0,6,0.01126620846028481,True
ETH/USDT:USDT,trend,long,2023-08-08 16:45:00+00:00,2023-08-08 18:45:00+00:00,1853.976026,1857.1282211539904,3.9361561423109697,3.887532908139865,0.3474329668465025,stop_loss,8.51999940900195,0.0,8,0.01126620846028481,True
ETH/USDT:USDT,trend,short,2023-08-15 19:15:00+00:00,2023-08-15 20:30:00+00:00,1822.003235,1831.1208594707698,5.567966679597743,-60.93686586755625,-1.0640922589727904,stop_loss,10.170236617224461,0.0,5,-0.012498514653617288,True
ETH/USDT:USDT,trend,short,2023-08-16 20:30:00+00:00,2023-08-16 22:00:00+00:00,1803.3688270000002,1815.3584509411778,4.141846380084029,-57.153286757661135,-1.0475697380408089,stop_loss,7.494106238326001,0.0,6,-0.02210449990259944,True
ETH/USDT:USDT,trend,short,2023-08-17 14:45:00+00:00,2023-08-17 15:00:00+00:00,1777.9264620000001,1765.1906721315647,1.3320130371007746,14.604499035212726,1.4401367279387356,partial_tp,2.359739107319189,0.0,1,-0.09092875607038953,True
ETH/USDT:USDT,trend,short,2023-08-17 14:45:00+00:00,2023-08-17 16:30:00+00:00,1777.9264620000001,1741.9860523030284,3.9960391113023235,135.91001744088805,4.06406705484794,stop_loss,8.216964650953928,-0.5076992665135857,7,-0.09092875607038953,True
ETH/USDT:USDT,trend,short,2023-08-17 21:00:00+00:00,2023-08-17 21:30:00+00:00,1711.3764330000001,1686.0746466113833,0.695598111472916,16.41824455141336,1.4706090361103341,partial_tp,1.1816302773996488,0.0,2,-0.09092875607038953,True
ETH/USDT:USDT,trend,short,2023-08-17 21:00:00+00:00,2023-08-17 22:15:00+00:00,1711.3764330000001,1546.003692956514,2.086794334418748,341.10494068669715,9.611916016478975,stop_loss,3.9939563033541683,0.0,5,-0.09092875607038953,True
ETH/USDT:USDT,trend,short,2023-08-18 04:30:00+00:00,2023-08-19 04:30:00+00:00,1669.4890030000001,1662.218516,1.792658772102327,10.255884567921308,0.26246214617215013,time_stop,2.986307355007315,-0.20868962492228013,96,-0.09745718959398719,True
ETH/USDT:USDT,trend,short,2023-08-22 21:30:00+00:00,2023-08-22 23:00:00+00:00,1606.7878190000001,1629.001888029323,2.288087426375889,-54.52961690616493,-1.0224875681683054,stop_loss,3.7018848715251575,0.0,6,-0.027662105889351585,True
ETH/USDT:USDT,trend,long,2023-08-23 07:00:00+00:00,2023-08-23 13:00:00+00:00,1646.69386,1634.5756922576834,4.251696491065083,-58.48705040092206,-1.0421856482716267,stop_loss,6.975481120786344,-0.011201988010272668,24,0.010862496688263112,True
ETH/USDT:USDT,trend,long,2023-08-23 16:30:00+00:00,2023-08-23 19:45:00+00:00,1679.10358,1700.7828883824293,0.8305340284514929,16.601847962754075,1.4654983122905514,partial_tp,1.4035553621471744,0.0,13,0.010862496688263112,True
ETH/USDT:USDT,trend,long,2023-08-23 16:30:00+00:00,2023-08-23 20:00:00+00:00,1679.10358,1681.892728125396,2.491602085354479,2.0650382502597977,0.18854346265995195,stop_loss,4.884409035339333,0.0,14,0.010862496688263112,True
ETH/USDT:USDT,trend,short,2023-08-23 22:00:00+00:00,2023-08-24 16:30:00+00:00,1672.518094,1654.2670865009188,2.203233188726756,35.945946080767285,1.0888912414629326,stop_loss,4.278999656296447,-0.013720287387133656,74,0.010862496688263112,False
ETH/USDT:USDT,trend,short,2023-08-23 22:00:00+00:00,2023-08-24 14:30:00+00:00,1672.518094,1647.8706672516544,0.7344110629089187,16.902983691276773,1.4705142777583045,partial_tp,1.2192651197108275,-0.02090593476535494,66,0.010862496688263112,False
ETH/USDT:USDT,trend,long,2023-08-28 12:15:00+00:00,2023-08-28 14:00:00+00:00,1657.187007,1646.4692604343331,4.841943621300501,-59.892783313882546,-1.0483280080432742,stop_loss,7.998058695536546,0.0,7,-0.015659995234691415,False
ETH/USDT:USDT,trend,short,2023-09-01 17:15:00+00:00,2023-09-01 18:30:00+00:00,1602.529097,1618.3267957522137,3.213283488417755,-55.93724608486256,-1.0316968035386356,stop_loss,5.174761529376857,0.0,5,-0.017736593488136276,True
ETH/USDT:USDT,trend,long,2023-09-06 18:00:00+00:00,2023-09-07 14:00:00+00:00,1641.672354,1622.3834006365487,2.6020095330160165,-54.96341486724906,-1.0258939840915757,stop_loss,4.246552094930044,0.5268222387172268,80,0.0025427007904481602,True
ETH/USDT:USDT,trend,long,2023-09-07 21:15:00+00:00,2023-09-08 09:45:00+00:00,1646.443785,1634.843991356503,4.379112427606071,-58.57842153157756,-1.0441616565464495,stop_loss,7.184564039997326,0.5970569896769597,50,0.006741064880457559,True
ETH/USDT:USDT,trend,short,2023-09-08 10:15:00+00:00,2023-09-08 20:30:00+00:00,1624.392536,1635.2587917851129,4.6604017410072585,-58.047728805295804,-1.047266650632885,stop_loss,7.595642361543181,-0.18903093541725427,41,0.0004648261183348712,False
ETH/USDT:USDT,trend,short,2023-09-11 09:30:00+00:00,2023-09-11 10:15:00+00:00,1592.961968,1577.9970943036644,1.1675298328263988,15.62084183299555,1.4540173785459003,partial_tp,1.851094651955376,0.0,3,-0.049806105383102706,True
ETH/USDT:USDT,trend,short,2023-09-11 09:30:00+00:00,2023-09-11 10:45:00+00:00,1592.961968,1589.314470480901,3.502589498479196,6.272667178685778,0.3543982320593653,stop_loss,6.503019327439417,0.0,5,-0.049806105383102706,True
ETH/USDT:USDT,trend,short,2023-09-11 15:00:00+00:00,2023-09-11 20:00:00+00:00,1556.9827650000002,1530.1319686989914,0.6615059789635162,16.740889866004668,1.4747945629248984,partial_tp,1.021072427044123,0.0,20,-0.049806105383102706,True
ETH/USDT:USDT,trend,short,2023-09-11 15:00:00+00:00,2023-09-11 22:30:00+00:00,1556.9827650000002,1548.7398314614804,1.9845179368905486,12.761591655851781,0.4527475993217938,stop_loss,3.5966578039373713,0.0,30,-0.049806105383102706,True
ETH/USDT:USDT,trend,long,2023-09-12 03:30:00+00:00,2023-09-12 10:15:00+00:00,1583.3448609999998,1603.5803293233691,0.8746980632306639,16.34311828453026,1.4651571844522555,partial_tp,1.3937986458184328,-0.03699197933208952,27,-0.033376434949947464,False
ETH/USDT:USDT,trend,long,2023-09-12 03:30:00+00:00,2023-09-12 10:30:00+00:00,1583.3448609999998,1606.973492859193,2.624094189691992,57.27340121992176,1.7108405485873048,stop_loss,4.878322269486277,-0.14796791732835807,28,-0.033376434949947464,False
ETH/USDT:USDT,trend,short,2023-09-12 17:30:00+00:00,2023-09-12 19:15:00+00:00,1589.233087,1605.9501627288835,2.9990165076387605,-54.925989725802474,-1.0296660084279987,stop_loss,4.7912036554338915,0.0,7,-0.033376434949947464,True
ETH/USDT:USDT,trend,long,2023-09-14 01:00:00+00:00,2023-09-14 02:15:00+00:00,1629.568724,1617.685421445851,4.2477925794789675,-57.37463544057093,-1.042591471792455,stop_loss,6.896831031353601,0.0,5,-0.005597014925373012,False
ETH/USDT:USDT,trend,long,2023-09-18 10:45:00+00:00,2023-09-18 12:15:00+00:00,1648.144295,1662.6904578497542,1.199612465871466,15.463898964182007,1.450253952589742,partial_tp,1.98585932097952,0.0,6,0.018018522667861747,True
ETH/USDT:USDT,trend,long,2023-09-18 10:45:00+00:00,2023-09-18 14:00:00+00:00,1648.144295,1651.4799247962123,3.598837397614398,5.0784165141487865,0.33256263842905737,stop_loss,6.92597274105689,0.0,13,0.018018522667861747,True
ETH/USDT:USDT,trend,short,2023-09-18 17:30:00+00:00,2023-09-19 09:15:00+00:00,1639.028144,1652.40472875048,3.744391087284689,-56.32903104218365,-1.0384731220388284,stop_loss,6.162205956561369,0.07966036761714672,63,0.018018522667861747,False
ETH/USDT:USDT,trend,short,2023-09-21 11:00:00+00:00,2023-09-21 13:30:00+00:00,1594.5115030000002,1575.7696318907867,0.9358167136713217,16.055555192941764,1.4631067612070363,partial_tp,1.4834010365338421,0.0,10,-0.031021987170070098,True
ETH/USDT:USDT,trend,short,2023-09-21 11:00:00+00:00,2023-09-21 14:15:00+00:00,1594.5115030000002,1583.5408522936514,2.807450141013965,25.59235784872016,0.8564370723587443,stop_loss,5.2071970238337535,0.0,13,-0.031021987170070098,True
ETH/USDT:USDT,trend,long,2023-09-22 01:30:00+00:00,2023-09-23 01:30:00+00:00,1592.197516,1595.841104,5.513436852763864,10.492108421228027,0.41714011293757775,time_stop,8.788524807771228,0.80805912648968,96,-0.018093018093018,False
ETH/USDT:USDT,trend,long,2023-09-25 15:30:00+00:00,2023-09-26 15:30:00+00:00,1587.125995,1578.2329228297692,5.726091731843393,-61.18100852952314,-1.056252057570871,stop_loss,9.062567763850897,1.195893741026626,96,-0.020911445485939706,False
ETH/USDT:USDT,trend,long,2023-09-27 10:00:00+00:00,2023-09-27 11:30:00+00:00,1614.774287,1626.0741152137116,1.52397105369069,14.751131532187198,1.4379058743772921,partial_tp,2.4694795771867097,0.0,6,0.003523249679704632,True
ETH/USDT:USDT,trend,long,2023-09-27 10:00:00+00:00,2023-09-27 12:30:00+00:00,1614.774287,1621.296331318424,4.57191316107207,21.190268695658364,0.8299317176372122,stop_loss,8.627951560840328,0.0,10,0.003523249679704632,True
ETH/USDT:USDT,trend,long,2023-09-28 10:45:00+00:00,2023-09-28 12:30:00+00:00,1632.0994829999997,1621.568787646748,4.787338364773929,-58.2022073415261,-1.0484481090068851,stop_loss,7.78820546915741,0.0,7,0.03713817586018564,True
ETH/USDT:USDT,trend,long,2023-09-28 14:45:00+00:00,2023-09-28 16:00:00+00:00,1639.2416249999999,1658.6590233291213,0.8999443303922491,15.990614041930375,1.462509912272444,partial_tp,1.4839634953303578,0.0,5,0.03713817586018564,True
ETH/USDT:USDT,trend,long,2023-09-28 14:45:00+00:00,2023-09-28 18:45:00+00:00,1639.2416249999999,1647.9524186407614,2.699832991176747,18.243546539374368,0.6560931504539981,stop_loss,5.175050566991375,0.09909094429475122,16,0.03713817586018564,True
ETH/USDT:USDT,trend,short,2023-09-29 14:15:00+00:00,2023-09-30 06:00:00+00:00,1662.511097,1673.731863426711,4.474808242701326,-57.60693359042591,-1.046830716811923,stop_loss,7.464523749485861,-0.06836825473242544,63,0.0548231317919734,False
ETH/USDT:USDT,trend,long,2023-10-02 08:30:00+00:00,2023-10-02 11:45:00+00:00,1736.1206799999998,1723.5703345641127,3.9621089001468617,-56.57967163172688,-1.0429835573839223,stop_loss,6.853836280281298,0.0,13,0.03980248953307175,True
ETH/USDT:USDT,trend,short,2023-10-02 14:15:00+00:00,2023-10-02 18:45:00+00:00,1710.4067240000002,1648.557830907266,2.5464232372465254,152.76840995950394,4.430791168341551,stop_loss,5.002575935707698,-0.27752732589712537,18,0.03980248953307175,False
ETH/USDT:USDT,trend,short,2023-10-02 14:15:00+00:00,2023-10-02 15:45:00+00:00,1710.4067240000002,1689.9752408405745,0.8488077457488418,15.899265887726814,1.4636904657803331,partial_tp,1.4431352751306727,0.0,6,0.03980248953307175,False
ETH/USDT:USDT,trend,short,2023-10-09 09:45:00+00:00,2023-10-09 16:00:00+00:00,1591.102526,1574.004673438979,1.029536337978077,15.97356407525342,1.4596987359847975,partial_tp,1.629296437709227,0.0,25,-0.04031596536533488,True
ETH/USDT:USDT,trend,short,2023-10-09 09:45:00+00:00,2023-10-09 16:15:00+00:00,1591.102526,1573.7543439050626,3.0886090139342315,48.068577385026146,1.4810701744700239,stop_loss,5.706551662083081,-0.19337745331335188,26,-0.04031596536533488,True
ETH/USDT:USDT,trend,short,2023-10-11 02:45:00+00:00,2023-10-11 09:15:00+00:00,1558.2323900000001,1569.739656553244,4.399695678576615,-57.13987152549063,-1.0426567539195888,stop_loss,6.88106254796438,-0.3696619490100599,26,-0.04759385281543238,True
ETH/USDT:USDT,trend,short,2023-10-12 16:30:00+00:00,2023-10-13 07:30:00+00:00,1534.489515,1550.0664734615195,3.1942317908683675,-54.50194341178154,-1.03076218097861,stop_loss,4.926393399528594,-0.18086591056882903,60,-0.05778297554464307,True
ETH/USDT:USDT,trend,long,2023-10-16 13:30:00+00:00,2023-10-17 13:00:00+00:00,1589.766787,1568.4743331351883,2.3052300248657462,-53.1979493012576,-1.022605354725275,stop_loss,3.6402361279506312,0.47370922107433144,94,0.020778126137401154,True
ETH/USDT:USDT,trend,short,2023-10-17 19:00:00+00:00,2023-10-18 01:15:00+00:00,1555.573188,1568.5735185246324,3.809526172427184,-55.123439678215604,-1.0375446684617766,stop_loss,5.950759322503888,-0.35241902807912917,25,0.016363293713973937,False
ETH/USDT:USDT,trend,long,2023-10-20 03:00:00+00:00,2023-10-20 08:15:00+00:00,1584.245131,1597.927982007087,1.2566051535021652,15.194573523537496,1.4492116636248555,partial_tp,1.9993675665703665,0.0,21,0.02946861454487082,True
ETH/USDT:USDT,trend,long,2023-10-20 03:00:00+00:00,2023-10-20 12:15:00+00:00,1584.245131,1611.2274232354814,3.7698154605064955,94.69970621191935,2.857814690720577,stop_loss,7.018556217303206,0.0,37,0.02946861454487082,True
ETH/USDT:USDT,trend,long,2023-10-21 17:45:00+00:00,2023-10-21 19:15:00+00:00,1638.29134,1626.851529594827,4.38354189895474,-57.30333351464501,-1.0445781019373432,stop_loss,7.1564452874711195,0.0,6,0.01856612932485091,True
ETH/USDT:USDT,trend,long,2023-10-22 06:00:00+00:00,2023-10-22 07:30:00+00:00,1643.622939,1632.7834672203821,4.610886059799026,-57.53313763656425,-1.0473435934385675,stop_loss,7.553568312338893,0.0,6,0.06319733502132352,True
ETH/USDT:USDT,trend,long,2023-10-22 23:00:00+00:00,2023-10-23 01:15:00+00:00,1665.419476,1684.354586957959,0.914954939821928,15.65119429059155,1.460999751532449,partial_tp,1.5324461630953774,0.14113285337404385,9,0.06319733502132352,True
ETH/USDT:USDT,trend,long,2023-10-22 23:00:00+00:00,2023-10-23 06:45:00+00:00,1665.419476,1683.5581247633138,2.744864819465784,43.86547016259234,1.3995461339082724,stop_loss,5.358137286977998,0.5645314134961754,31,0.06319733502132352,True
ETH/USDT:USDT,trend,short,2023-10-23 09:45:00+00:00,2023-10-23 14:45:00+00:00,1669.788913,1684.616109761405,3.332660052495879,-55.00355214685434,-1.0352768154313514,stop_loss,5.589545809624232,0.0,20,0.130355485873356,False
ETH/USDT:USDT,trend,long,2023-10-23 22:30:00+00:00,2023-10-24 05:45:00+00:00,1750.484988,1806.6075337822992,1.1921159356127955,64.22787288793927,1.879795568281033,stop_loss,2.4680301813738543,0.2086781049245773,29,0.130355485873356,True
ETH/USDT:USDT,trend,long,2023-10-23 22:30:00+00:00,2023-10-23 23:00:00+00:00,1750.484988,1794.7299041783413,0.39737197853759854,16.877305353994764,1.481960523915569,partial_tp,0.7043845280229333,0.0,2,0.130355485873356,True
ETH/USDT:USDT,trend,short,2023-10-24 15:30:00+00:00,2023-10-24 23:00:00+00:00,1766.0700199999999,1795.5757533848064,1.6522379468963564,-51.40103870908665,-1.0185903628839474,stop_loss,2.9423431500946986,-0.2917967903920007,30,0.13948617080382397,False
ETH/USDT:USDT,trend,short,2023-10-30 17:15:00+00:00,2023-10-30 21:30:00+00:00,1794.5414759999999,1814.723290027695,2.424116733116311,-53.2977126459645,-1.0277149351607262,stop_loss,4.3746395567874305,0.0,17,0.01292879090619059,False
ETH/USDT:USDT,trend,long,2023-11-02 01:30:00+00:00,2023-11-02 05:15:00+00:00,1866.369743,1844.3981420556543,2.2101500991238012,-52.661213009544866,-1.025841932237127,stop_loss,4.100677004490587,0.0,15,0.013462707399986451,True
ETH/USDT:USDT,trend,short,2023-11-02 16:30:00+00:00,2023-11-03 16:00:00+00:00,1797.320642,1817.9283991059735,2.3463598770083727,-51.75111986821119,-1.0271757662189103,stop_loss,4.241337647722025,-0.8434322081015458,94,0.013462707399986451,False
ETH/USDT:USDT,trend,long,2023-11-05 04:00:00+00:00,2023-11-05 13:45:00+00:00,1883.244804,1867.032814043091,2.9910586296391424,-54.662952143003174,-1.035796590592883,stop_loss,5.608650116495157,0.5632895622727275,39,0.04230945050587387,True
ETH/USDT:USDT,trend,short,2023-11-05 14:00:00+00:00,2023-11-05 17:00:00+00:00,1874.73741,1892.61927666606,2.6880673684577716,-52.627174513907896,-1.0327831387480884,stop_loss,5.063454287384113,-0.5039420456248038,12,0.04230945050587387,False
ETH/USDT:USDT,trend,long,2023-11-09 15:00:00+00:00,2023-11-09 16:15:00+00:00,2037.150962,2003.0417795311812,1.3811213424362356,-51.90022624286103,-1.017938738637924,stop_loss,2.7899982114423403,2.001308150681235,5,0.14376535494159737,True
ETH/USDT:USDT,trend,long,2023-11-09 21:30:00+00:00,2023-11-09 23:30:00+00:00,2065.7995539999997,2126.273114728988,0.282388353245671,16.48513298035675,1.4843383334619995,partial_tp,0.5918962488042822,0.0,8,0.14376535494159737,True
ETH/USDT:USDT,trend,long,2023-11-09 21:30:00+00:00,2023-11-10 08:00:00+00:00,2065.7995539999997,2100.6347778825548,0.8471650597370131,26.972969210485168,0.8550390871695679,stop_loss,2.0565076619246643,0.4817076490071461,42,0.14376535494159737,True
ETH/USDT:USDT,trend,short,2023-11-11 01:30:00+00:00,2023-11-11 14:15:00+00:00,2058.3723029999996,2082.2295532882426,1.9901427825777962,-51.051791954217705,-1.0268793413217605,stop_loss,4.1201944499101355,-0.5477369689912718,51,0.08035399719200087,False
ETH/USDT:USDT,trend,short,2023-11-14 18:15:00+00:00,2023-11-14 19:30:00+00:00,2015.7850830000002,1965.6018745232568,1.496866837603505,71.63488388077538,2.17820817457981,stop_loss,3.482696692604928,0.0,5,-0.06727055188137099,True
ETH/USDT:USDT,trend,short,2023-11-14 18:15:00+00:00,2023-11-14 18:45:00+00:00,2015.7850830000002,1981.8213158272852,0.49895561253450166,15.949098178941881,1.4742013821100783,partial_tp,0.9973140746993558,0.0,2,-0.06727055188137099,True
ETH/USDT:USDT,trend,long,2023-11-15 18:15:00+00:00,2023-11-16 03:00:00+00:00,2031.199177,2054.259922133191,1.4885291109664864,30.378878319431756,0.9859885364211417,stop_loss,3.544578917883947,0.40313321401808916,35,-0.009528161223606335,False
ETH/USDT:USDT,trend,long,2023-11-15 18:15:00+00:00,2023-11-16 00:45:00+00:00,2031.199177,2065.6619697994997,0.4961763703221621,15.982457292149581,1.4734961267342905,partial_tp,1.016382846766433,0.10078330350452229,26,-0.009528161223606335,False
ETH/USDT:USDT,trend,long,2023-11-17 22:30:00+00:00,2023-11-18 05:00:00+00:00,1955.6965329999998,1935.3421559035592,2.3592564934017926,-53.072574454823375,-1.0293713270963791,stop_loss,4.58997914643666,0.4613989744603623,26,-0.04147931654676251,False
ETH/USDT:USDT,trend,long,2023-11-20 08:00:00+00:00,2023-11-20 09:45:00+00:00,2015.594497,2036.2505421156957,0.8179116568619622,15.237794440148539,1.4569011494143607,partial_tp,1.6570256446455205,0.0,7,-0.017909085170131345,False
ETH/USDT:USDT,trend,long,2023-11-20 08:00:00+00:00,2023-11-20 11:30:00+00:00,2015.594497,2021.9181284404722,2.4537349705858866,9.73873352766864,0.4460149976674936,stop_loss,5.777782078914223,0.0,14,-0.017909085170131345,False
ETH/USDT:USDT,trend,short,2023-11-21 22:30:00+00:00,2023-11-22 04:00:00+00:00,1954.453488,1983.2910292186377,1.6468135552880911,-50.41055725441816,-1.0210605991899506,stop_loss,3.242365524108507,-0.3218620497218491,22,-0.014621865014040836,True
ETH/USDT:USDT,trend,long,2023-11-22 19:00:00+00:00,2023-11-23 11:15:00+00:00,2075.5724849999997,2050.9186391335356,1.924358082504226,-52.21207976896429,-1.0256032264026225,stop_loss,3.970423273554159,0.7988289374666262,65,0.05236563142141826,True
ETH/USDT:USDT,trend,short,2023-11-27 16:00:00+00:00,2023-11-27 23:00:00+00:00,2006.79778,2026.1913471894509,2.448507692707222,-52.422700903668584,-1.0323474178806804,stop_loss,4.937402451263978,0.0,28,-0.01760735690994275,True
ETH/USDT:USDT,trend,long,2023-11-27 23:15:00+00:00,2023-11-28 05:00:00+00:00,2028.1182529999999,2012.0686734549834,2.961021993959517,-54.1052294764155,-1.0390917019706924,stop_loss,5.981541174470454,0.6005302753483752,23,-0.01760735690994275,False
ETH/USDT:USDT,trend,long,2023-12-01 07:15:00+00:00,2023-12-01 11:00:00+00:00,2101.400231,2087.6021240804826,3.4517165184758816,-55.58212167920501,-1.0475619328093058,stop_loss,7.229624312482836,0.7253437889271733,15,0.012134027168193562,True
ETH/USDT:USDT,trend,short,2023-12-01 14:00:00+00:00,2023-12-01 16:15:00+00:00,2074.607431,2089.0414955976717,3.272621385351773,-53.371311274539714,-1.0453755329701597,stop_loss,6.813023259140248,-0.6789404644900303,9,0.012134027168193562,False
ETH/USDT:USDT,trend,long,2023-12-01 16:30:00+00:00,2023-12-01 19:15:00+00:00,2100.680015,2083.0901893455634,2.647849073718153,-52.114199596076446,-1.036847936215961,stop_loss,5.538996030113004,0.0,11,0.012134027168193562,True
ETH/USDT:USDT,trend,long,2023-12-04 05:15:00+00:00,2023-12-04 11:00:00+00:00,2238.6013789999997,2244.4372603232723,1.5139540134317095,4.424956918429999,0.2637817587256606,stop_loss,3.958413760554917,0.45188527229477454,23,0.10611759949911503,True
ETH/USDT:USDT,trend,long,2023-12-04 05:15:00+00:00,2023-12-04 10:45:00+00:00,2238.6013789999997,2271.105693237206,0.5046513378105698,15.152459492778558,1.4691945741716668,partial_tp,1.1379148535691472,0.11297131807369364,22,0.10611759949911503,True
ETH/USDT:USDT,trend,short,2023-12-04 11:15:00+00:00,2023-12-05 11:15:00+00:00,2228.441267,2204.46114,1.551208692908947,34.79703632468549,0.8311085048459571,time_stop,3.4381783742776975,-1.0370332395022284,96,0.10611759949911503,False
ETH/USDT:USDT,trend,long,2023-12-05 18:00:00+00:00,2023-12-05 19:15:00+00:00,2302.130432,2266.5765559279757,1.2884006274544961,-48.750798714586445,-1.0195040112856262,stop_loss,2.9431624749510723,0.0,5,0.11804986938043416,True
ETH/USDT:USDT,trend,long,2023-12-07 21:30:00+00:00,2023-12-08 13:30:00+00:00,2371.241159,2342.7791282789863,1.6098405624602952,-50.953316085022216,-1.0253267410462445,stop_loss,3.794410535361223,1.3395740049817897,64,0.08856129461316775,True
ETH/USDT:USDT,trend,short,2023-12-11 14:00:00+00:00,2023-12-11 15:45:00+00:00,2230.3606910000003,2204.843276729166,0.6364834959868273,14.829945980247288,1.4621110639888701,partial_tp,1.4114670633974535,0.0,7,-0.0034612611886499778,True
ETH/USDT:USDT,trend,short,2023-12-11 14:00:00+00:00,2023-12-11 20:45:00+00:00,2230.3606910000003,2199.4540843967925,1.909450487960482,54.50146151348599,1.7709040181454185,stop_loss,4.9390498771876175,-0.42587633097578287,27,-0.0034612611886499778,True
ETH/USDT:USDT,trend,short,2023-12-12 17:15:00+00:00,2023-12-12 23:15:00+00:00,2176.776771,2199.538798279008,2.026001976015286,-50.549124240897285,-1.0298458460882651,stop_loss,4.433211995512866,0.0,24,-0.06463191121067102,True
ETH/USDT:USDT,trend,long,2023-12-12 23:30:00+00:00,2023-12-13 01:15:00+00:00,2206.16165,2184.4410517560486,2.11376881853796,-51.15019347204289,-1.0311192413291055,stop_loss,4.64035954278023,0.59751064120788,7,-0.06463191121067102,False
ETH/USDT:USDT,trend,long,2023-12-13 19:15:00+00:00,2023-12-13 21:45:00+00:00,2236.7508239999997,2267.229961251428,0.532794022381981,15.039255115268306,1.4672472500710656,partial_tp,1.1998470196526307,0.0,10,-0.04209554307401675,False
ETH/USDT:USDT,trend,long,2023-12-13 19:15:00+00:00,2023-12-14 00:15:00+00:00,2236.7508239999997,2254.67907196759,1.598382067145943,24.113297571095053,0.8630550239018465,stop_loss,4.1853742350714676,0.3575182405755511,20,-0.04209554307401675,False
ETH/USDT:USDT,trend,long,2023-12-14 11:45:00+00:00,2023-12-14 13:00:00+00:00,2309.262571,2290.3862457897158,2.4447023312215013,-51.76938233908061,-1.0377877811703207,stop_loss,5.622386092603019,0.0,5,-0.011039959016393541,False
ETH/USDT:USDT,trend,short,2023-12-18 01:45:00+00:00,2023-12-18 10:15:00+00:00,2170.3786910000003,2138.4808355048594,0.5094759723803663,15.153560746677089,1.470434812452949,partial_tp,1.0976301985582342,0.0,34,-0.01811235319088722,True
ETH/USDT:USDT,trend,short,2023-12-18 01:45:00+00:00,2023-12-18 11:15:00+00:00,2170.3786910000003,2149.558918092149,1.528427917141099,27.967287622860663,0.9597547670793478,stop_loss,3.854234518037533,0.0,38,-0.01811235319088722,True
ETH/USDT:USDT,trend,long,2023-12-18 14:45:00+00:00,2023-12-19 11:45:00+00:00,2170.971096,2235.8165868879264,1.5753387940219246,96.97251812209512,3.066056456975704,stop_loss,4.041094294973852,1.1400049960763654,84,-0.01811235319088722,False
ETH/USDT:USDT,trend,long,2023-12-18 14:45:00+00:00,2023-12-18 21:00:00+00:00,2170.971096,2202.034503087714,0.5251129313406415,15.049635359196314,1.4687553224257042,partial_tp,1.1481608944529937,0.11400049960763654,25,-0.01811235319088722,False
ETH/USDT:USDT,trend,short,2023-12-19 15:00:00+00:00,2023-12-19 18:30:00+00:00,2193.691695,2169.2385822944298,1.6914419010866424,37.54751449922831,1.2259593945700769,stop_loss,4.308238549765811,-0.49473360679850387,14,-0.059364396902276684,True
ETH/USDT:USDT,trend,short,2023-12-19 15:00:00+00:00,2023-12-19 17:00:00+00:00,2193.691695,2164.421671836652,0.5638139670288808,15.397948683395217,1.4674557103814518,partial_tp,1.2285825930588823,-0.12368340169962597,8,-0.059364396902276684,True
ETH/USDT:USDT,trend,long,2023-12-22 15:00:00+00:00,2023-12-23 01:45:00+00:00,2331.7293090000003,2300.7886895659703,1.495802677310178,-52.17606655559527,-1.02282445388004,stop_loss,3.464666412471283,2.4303387560666727,43,0.058509597666895896,True
ETH/USDT:USDT,trend,short,2023-12-26 16:00:00+00:00,2023-12-26 17:30:00+00:00,2225.392182,2199.696811605969,0.640114887591091,15.031706459525413,1.4624525276347236,partial_tp,1.4162826718613295,0.0,6,-0.003975282753697518,True
ETH/USDT:USDT,trend,short,2023-12-26 16:00:00+00:00,2023-12-26 18:00:00+00:00,2225.392182,2210.134924911509,1.9203446627732732,24.328068482057756,0.868367096938963,stop_loss,4.971123736385358,0.0,8,-0.003975282753697518,True
ETH/USDT:USDT,trend,long,2023-12-26 22:15:00+00:00,2023-12-27 03:30:00+00:00,2230.1188349999998,2213.842690249934,2.8942360037537505,-55.57304162869802,-1.0425545053115306,stop_loss,6.430936722837394,2.0351007679129784,21,-0.003975282753697518,False
ETH/USDT:USDT,trend,long,2023-12-27 10:30:00+00:00,2023-12-27 13:30:00+00:00,2278.493343,2301.7326250390506,0.7037139075389252,14.742221615409397,1.4567032964138935,partial_tp,1.6115843566900083,0.0,12,0.023115970995430946,True
ETH/USDT:USDT,trend,long,2023-12-27 10:30:00+00:00,2023-12-27 18:00:00+00:00,2278.493343,2341.2457807067153,2.1111417226167752,124.44065138882871,3.933498578474774,stop_loss,5.678165732683134,2.3604723170448194,30,0.023115970995430946,True
ETH/USDT:USDT,trend,long,2023-12-27 23:15:00+00:00,2023-12-28 00:30:00+00:00,2377.2729679999998,2413.8204206022538,0.4588144576039821,15.372023226749024,1.4708480758832723,partial_tp,1.0991114572107838,0.2973649585506072,5,0.023115970995430946,True
ETH/USDT:USDT,trend,long,2023-12-27 23:15:00+00:00,2023-12-28 01:45:00+00:00,2377.2729679999998,2412.3724662296695,1.3764433728119463,43.28131043132414,1.4125753167375092,stop_loss,3.8417014617269767,1.1894598342024287,10,0.023115970995430946,True
ETH/USDT:USDT,trend,long,2024-01-02 00:00:00+00:00,2024-01-02 00:15:00+00:00,2360.2878739999996,2383.9454319932265,0.7061442563083287,15.030592145391454,1.4559718007556952,partial_tp,1.6750565498068952,0.0,1,0.0046761240600861065,True
ETH/USDT:USDT,trend,long,2024-01-02 00:00:00+00:00,2024-01-02 03:00:00+00:00,2360.2878739999996,2374.5215175274466,2.118432768924986,24.3044773221982,0.8759899734327923,stop_loss,5.848539547542407,0.0,12,0.0046761240600861065,True
ETH/USDT:USDT,trend,long,2024-01-02 08:30:00+00:00,2024-01-02 10:00:00+00:00,2430.8490359999996,2409.707126909436,2.2573436549883383,-53.18795371040359,-1.0354149011992047,stop_loss,5.463399370479156,0.0,6,0.0046761240600861065,True
ETH/USDT:USDT,trend,short,2024-01-02 15:00:00+00:00,2024-01-03 12:15:00+00:00,2363.4207610000003,2130.3396844118474,1.4268227952660595,334.0456131524734,9.676122121339208,stop_loss,3.767930356089269,-5.248150287431804,85,0.0046761240600861065,False
ETH/USDT:USDT,trend,short,2024-01-02 15:00:00+00:00,2024-01-03 11:45:00+00:00,2363.4207610000003,2327.986537176151,0.47560759842201983,17.049189187514617,1.4710155024736953,partial_tp,1.115634479152548,-1.312037571857951,83,0.0046761240600861065,False
ETH/USDT:USDT,trend,long,2024-01-04 15:00:00+00:00,2024-01-05 01:45:00+00:00,2270.5709669999997,2246.5710422775887,2.0398801919914678,-54.027354579110735,-1.0289025446681526,stop_loss,4.607214254568946,0.46316927400942126,43,-0.011080296172261472,False
ETH/USDT:USDT,trend,long,2024-01-08 06:30:00+00:00,2024-01-08 12:00:00+00:00,2223.946984,2254.408308670493,0.5697840505224625,15.953812293796002,1.4674098188725537,partial_tp,1.275847709168251,0.1267169520690734,22,0.05461479648387857,True
ETH/USDT:USDT,trend,long,2024-01-08 06:30:00+00:00,2024-01-08 23:00:00+00:00,2223.946984,2326.621164211317,1.7093521515673875,170.09646570230396,4.946111235035075,stop_loss,4.522846487844886,0.8870186644835139,66,0.05461479648387857,True
ETH/USDT:USDT,trend,long,2024-01-09 21:15:00+00:00,2024-01-09 21:30:00+00:00,2291.517249,2348.8648259875677,0.31162673225776405,17.148004468308315,1.4817870494369878,partial_tp,0.7230335512279392,0.0,1,0.03377207487267686,True
ETH/USDT:USDT,trend,long,2024-01-09 21:15:00+00:00,2024-01-10 11:45:00+00:00,2291.517249,2390.0664210477207,0.9348801967732921,89.15780158904576,2.5463828559785124,stop_loss,2.5454089474415076,0.42845881933090263,58,0.03377207487267686,True
ETH/USDT:USDT,trend,long,2024-01-10 15:15:00+00:00,2024-01-10 20:45:00+00:00,2429.9087539999996,2493.3761738594326,0.2848217837573242,17.306565242721305,1.4825220820860299,partial_tp,0.7011293975492363,0.0692090945681817,22,0.1396649522021396,True
ETH/USDT:USDT,trend,long,2024-01-10 15:15:00+00:00,2024-01-11 03:15:00+00:00,2429.9087539999996,2573.8190515713695,0.8544653512719727,119.9980978126281,3.361570305861706,stop_loss,2.4838014913693467,0.48446366197727186,48,0.1396649522021396,True
ETH/USDT:USDT,trend,short,2024-01-18 18:15:00+00:00,2024-01-19 10:00:00+00:00,2461.611295,2491.3645538120686,1.7051568368750478,-54.11728633257111,-1.0257596123089943,stop_loss,4.2228003157394465,-0.8394866658796182,63,-0.04157843707581932,True
ETH/USDT:USDT,trend,short,2024-01-22 05:00:00+00:00,2024-01-22 06:30:00+00:00,2416.434852,2435.9127510952544,2.6238019175403453,-57.471948468573046,-1.0389684342447705,stop_loss,6.365799472786814,0.0,6,-0.08546917356221007,True
ETH/USDT:USDT,trend,short,2024-01-22 10:00:00+00:00,2024-01-22 19:15:00+00:00,2384.144542,2352.028768428934,0.5587318833079624,16.754190891552252,1.4677617983039786,partial_tp,1.3231255167044327,-0.13320975700300597,37,-0.08546917356221007,True
ETH/USDT:USDT,trend,short,2024-01-22 10:00:00+00:00,2024-01-22 20:15:00+00:00,2384.144542,2347.6190639359515,1.6761956499238873,57.12495689897638,1.669295034994891,stop_loss,4.631729571384034,-0.5328390280120239,41,-0.08546917356221007,True
ETH/USDT:USDT,trend,short,2024-01-23 09:30:00+00:00,2024-01-23 14:00:00+00:00,2232.7399769999997,2188.4579787544894,0.41115800835837435,17.29799273172997,1.4780919641248857,partial_tp,0.908905473023066,0.0,18,-0.09291503627660047,True
ETH/USDT:USDT,trend,short,2024-01-23 09:30:00+00:00,2024-01-23 15:00:00+00:00,2232.7399769999997,2213.014014828856,1.233474025075123,21.130596461260033,0.6584342921506519,stop_loss,3.200865496460189,0.0,22,-0.09291503627660047,True
ETH/USDT:USDT,trend,long,2024-01-30 16:00:00+00:00,2024-01-30 22:45:00+00:00,2346.6137729999996,2367.242559484765,1.7580780466363886,31.43576462133822,0.9776102562750967,stop_loss,4.83125202627734,0.0,27,0.05587415803284013,True
ETH/USDT:USDT,trend,long,2024-01-30 16:00:00+00:00,2024-01-30 17:15:00+00:00,2346.6137729999996,2377.5521499978763,0.5860260155454629,16.74645173319405,1.4661877802635919,partial_tp,1.3842420663150496,0.0,5,0.05587415803284013,True
ETH/USDT:USDT,trend,short,2024-01-30 23:30:00+00:00,2024-01-31 09:45:00+00:00,2338.288303,2310.4346049854157,0.652937292588303,16.974407022218465,1.4635899543200686,partial_tp,1.5176622747666102,-0.3053511267703435,41,0.05587415803284013,False
ETH/USDT:USDT,trend,short,2024-01-30 23:30:00+00:00,2024-01-31 12:15:00+00:00,2338.288303,2303.678712911073,1.958811877764909,63.7053327774402,1.8185825218168972,stop_loss,5.309747880405629,-1.221404507081374,51,0.05587415803284013,False
ETH/USDT:USDT,trend,long,2024-01-31 15:45:00+00:00,2024-01-31 20:00:00+00:00,2329.1885469999997,2306.8734429111178,2.317356093791098,-57.6235016230081,-1.032015678508126,stop_loss,5.371703251756907,0.5397559272978883,17,0.006741017858403531,True
ETH/USDT:USDT,trend,short,2024-02-01 01:30:00+00:00,2024-02-01 14:15:00+00:00,2254.283512,2279.4750057887422,2.032804857641569,-55.45682408510555,-1.027894622849208,stop_loss,4.608123169167397,-0.36069002906452524,51,0.016030066299366208,False
ETH/USDT:USDT,trend,long,2024-02-06 20:15:00+00:00,2024-02-07 03:45:00+00:00,2383.1847409999996,2362.6982365423914,2.504990507600664,-57.719926310940444,-1.0358499715776979,stop_loss,5.944195904463633,0.45723120624974234,30,0.029700477135278014,True
ETH/USDT:USDT,trend,long,2024-02-07 17:15:00+00:00,2024-02-08 15:15:00+00:00,2421.7263,2452.2563024684882,0.5907450953945974,16.345120505176418,1.4646948757105946,partial_tp,1.4396406587234274,0.25068805674463945,88,0.0503598369143714,True
ETH/USDT:USDT,trend,long,2024-02-07 17:15:00+00:00,2024-02-08 16:15:00+00:00,2421.7263,2438.042968986005,1.7722352861837922,22.471896565334013,0.7828018185434078,stop_loss,5.021638757660858,1.4234412069838576,92,0.0503598369143714,True
ETH/USDT:USDT,trend,long,2024-02-09 09:00:00+00:00,2024-02-09 11:45:00+00:00,2472.6115609999997,2494.2631915308402,0.827805718861121,15.867539913591859,1.449877297127072,partial_tp,2.0558036625059724,0.0,11,0.08589305532494995,True
ETH/USDT:USDT,trend,long,2024-02-09 09:00:00+00:00,2024-02-09 14:15:00+00:00,2472.6115609999997,2500.61617618862,2.483417156583363,62.34842128451071,1.875297831215322,stop_loss,7.198720538424199,0.0,21,0.08589305532494995,True
ETH/USDT:USDT,trend,long,2024-02-12 17:30:00+00:00,2024-02-12 20:45:00+00:00,2605.261344,2649.620969303706,0.41390139317936847,17.273009158883582,1.4735866716375685,partial_tp,1.0875015552350131,0.0,13,0.09763552812863519,True
ETH/USDT:USDT,trend,long,2024-02-12 17:30:00+00:00,2024-02-13 03:00:00+00:00,2605.261344,2651.1469225362694,1.2417041795381054,52.8502055521489,1.5242774592547503,stop_loss,3.8026127068973437,0.3234963899633862,38,0.09763552812863519,True
ETH/USDT:USDT,trend,short,2024-02-13 13:45:00+00:00,2024-02-13 15:00:00+00:00,2643.5666920000003,2633.1929153497645,1.2755040104764435,9.30454971414738,0.35151498119561236,stop_loss,3.9272440070153554,0.0,5,0.09181150672245275,False
ETH/USDT:USDT,trend,short,2024-02-13 13:45:00+00:00,2024-02-13 14:15:00+00:00,2643.5666920000003,2600.0790513479756,0.4251680034921478,17.374838156745653,1.4735768564759357,partial_tp,1.114715195859679,0.0,2,0.09181150672245275,False
ETH/USDT:USDT,trend,long,2024-02-13 21:15:00+00:00,2024-02-14 15:15:00+00:00,2644.002963,2736.770661769859,1.3040761700552697,115.97355077474843,3.2053251893032835,stop_loss,4.083132873196115,0.9194616686943533,72,0.09181150672245275,True
ETH/USDT:USDT,trend,long,2024-02-13 21:15:00+00:00,2024-02-14 08:45:00+00:00,2644.002963,2686.609353252297,0.43469205668508987,17.132206573953642,1.4721431889754373,partial_tp,1.158587415571291,0.22986541717358833,46,0.09181150672245275,True
ETH/USDT:USDT,trend,long,2024-02-15 00:30:00+00:00,2024-02-15 01:45:00+00:00,2820.2358169999998,2792.4050231709493,1.8889656833887574,-57.87245745467845,-1.031044287701039,stop_loss,5.301042970134583,0.0,5,0.13017765685019222,True
ETH/USDT:USDT,trend,long,2024-02-16 01:15:00+00:00,2024-02-16 07:00:00+00:00,2855.676446,2826.398181203329,1.783291877036343,-57.27809054932554,-1.0298336684821154,stop_loss,5.066398763703003,0.0,23,0.1187462591277284,True
ETH/USDT:USDT,trend,long,2024-02-19 06:00:00+00:00,2024-02-19 10:15:00+00:00,2929.198496,2900.674091821773,1.8229864610748934,-57.847480945832366,-1.031477009822384,stop_loss,5.313889398695372,0.533988920000894,17,0.061383791883694805,True
ETH/USDT:USDT,trend,long,2024-02-26 15:00:00+00:00,2024-02-26 16:00:00+00:00,3117.745043,3160.110696010986,0.4339551546197599,17.022639573998035,1.4671589435767003,partial_tp,1.3621539289515296,0.0,4,0.07036182715134776,True
ETH/USDT:USDT,trend,long,2024-02-26 15:00:00+00:00,2024-02-27 02:15:00+00:00,3117.745043,3243.0556215704414,1.3018654638592797,156.3425641466727,4.339612941330533,stop_loss,4.816934119948733,1.9780162304611584,45,0.07036182715134776,True
ETH/USDT:USDT,trend,short,2024-02-27 16:00:00+00:00,2024-02-27 22:15:00+00:00,3223.23274,3265.0858527679316,1.247504453546991,-56.25904774305402,-1.0239574018298985,stop_loss,4.04710317025487,0.0,25,0.09155678148546809,False
ETH/USDT:USDT,trend,long,2024-02-28 09:00:00+00:00,2024-02-28 11:45:00+00:00,3328.138142,3292.4288161118666,1.460459483071547,-56.986558526058744,-1.028455876610792,stop_loss,4.8345348986423105,0.0,11,0.1586262336018609,True
ETH/USDT:USDT,trend,long,2024-02-28 16:30:00+00:00,2024-02-28 17:00:00+00:00,3387.696004,3459.1256872023323,0.26093054795406834,17.744913910355493,1.4785135586360023,partial_tp,0.8932724678146127,0.0,2,0.1586262336018609,True
ETH/USDT:USDT,trend,long,2024-02-28 16:30:00+00:00,2024-02-28 17:45:00+00:00,3387.696004,3419.0561968272714,0.782791643862205,21.442385835458673,0.6491204807001912,stop_loss,3.106111059636895,0.0,5,0.1586262336018609,True
ETH/USDT:USDT,trend,long,2024-02-28 23:30:00+00:00,2024-02-29 00:30:00+00:00,3379.573568,3467.154687677342,0.21419750891515388,17.573410761713696,1.4823893023897186,partial_tp,0.7332760682925417,0.4529708328803877,4,0.1586262336018609,True
ETH/USDT:USDT,trend,long,2024-02-28 23:30:00+00:00,2024-02-29 12:00:00+00:00,3379.573568,3460.4671331942654,0.6425925267454616,46.016482587331836,1.3691964217622108,stop_loss,2.5596276383416603,3.4054902299583967,50,0.1586262336018609,True
ETH/USDT:USDT,trend,short,2024-02-29 17:45:00+00:00,2024-03-01 13:15:00+00:00,3387.9333149999998,3448.48804563309,0.8558061669227972,-52.07703340268694,-1.0173761349213346,stop_loss,2.9253257800562693,-2.671404289516956,78,0.11647113435457657,False
ETH/USDT:USDT,trend,long,2024-03-04 19:00:00+00:00,2024-03-05 04:45:00+00:00,3595.4082989999997,3677.9454115717726,0.6867804886125908,52.499098667570436,1.4913848834293337,stop_loss,2.9091414189908384,1.276638414153336,39,0.07164009010737882,True
ETH/USDT:USDT,trend,long,2024-03-04 19:00:00+00:00,2024-03-05 03:30:00+00:00,3595.4082989999997,3677.3186678378806,0.22892682953753027,17.599860277462316,1.4800600853913872,partial_tp,0.8324611633051475,0.319159603538334,34,0.07164009010737882,True
ETH/USDT:USDT,trend,short,2024-03-05 17:15:00+00:00,2024-03-05 19:30:00+00:00,3648.3851560000003,3509.2195353874235,0.13646988117007808,18.503516977110497,1.4887412857696782,partial_tp,0.48839873084801755,0.0,9,0.06349700133107983,False
ETH/USDT:USDT,trend,short,2024-03-05 17:15:00+00:00,2024-03-05 20:00:00+00:00,3648.3851560000003,3381.1075497725005,0.40940964351023423,107.73811108815437,2.859234956169986,stop_loss,1.6879183957150543,0.0,11,0.06349700133107983,False
ETH/USDT:USDT,trend,long,2024-03-06 05:00:00+00:00,2024-03-06 08:00:00+00:00,3719.5855409999995,3838.0296661056022,0.1619808857964141,18.57358969910912,1.4855544217242036,partial_tp,0.6120946028777074,0.0,12,0.11250298327619035,True
ETH/USDT:USDT,trend,long,2024-03-06 05:00:00+00:00,2024-03-06 12:45:00+00:00,3719.5855409999995,3802.9518050598913,0.48594265738924225,38.38221211938667,1.0455995355310501,stop_loss,2.1290117744904378,0.0,31,0.11250298327619035,True
ETH/USDT:USDT,trend,long,2024-03-11 07:00:00+00:00,2024-03-11 08:00:00+00:00,3956.446578,4031.7340149877,0.2546368760703028,18.153915086045778,1.4762759695314502,partial_tp,1.0170426758419033,0.0,4,0.06492324113898218,True
ETH/USDT:USDT,trend,long,2024-03-11 07:00:00+00:00,2024-03-11 16:00:00+00:00,3956.446578,4005.8990804000437,0.7639106282109083,32.2002118004378,0.9696908786828273,stop_loss,3.5449888354508676,2.0320915391301035,36,0.06492324113898218,True
ETH/USDT:USDT,trend,short,2024-03-14 19:00:00+00:00,2024-03-14 21:15:00+00:00,3808.027249,3874.850890048168,0.7949231482497827,-56.17330795847868,-1.0176984385974286,stop_loss,3.053648838955801,0.0,9,-0.00592607755587693,True
ETH/USDT:USDT,trend,long,2024-03-15 00:30:00+00:00,2024-03-15 02:15:00+00:00,3908.452184,3852.532233431166,0.9479796022251163,-56.68959995714761,-1.0211107624323859,stop_loss,3.6786274604558615,0.0,7,-0.035097211701475284,False
ETH/USDT:USDT,trend,short,2024-03-15 02:30:00+00:00,2024-03-15 03:15:00+00:00,3774.087434,3689.240090283476,0.22525866587303828,18.27200984790849,1.4806912497741544,partial_tp,0.8405896005468108,0.0,3,-0.035097211701475284,True
ETH/USDT:USDT,trend,short,2024-03-15 02:30:00+00:00,2024-03-15 03:45:00+00:00,3774.087434,3732.3184615769824,0.6757759976191149,25.265071592245768,0.7289203087541746,stop_loss,2.9613974164442896,0.0,5,-0.035097211701475284,True
ETH/USDT:USDT,trend,short,2024-03-15 09:15:00+00:00,2024-03-15 13:45:00+00:00,3649.854715,3737.8348991505304,0.5969346072632686,-54.723400472049896,-1.0129061118784433,stop_loss,2.204983799202938,0.0,18,-0.035097211701475284,True
ETH/USDT:USDT,trend,short,2024-03-16 18:15:00+00:00,2024-03-16 22:00:00+00:00,3602.788839,3531.315201722669,0.26665016683838405,18.10730228819589,1.4780979482763612,partial_tp,0.9511550163505448,0.0,15,-0.13387478749643777,True
ETH/USDT:USDT,trend,short,2024-03-16 18:15:00+00:00,2024-03-17 00:00:00+00:00,3602.788839,3561.8179169634254,0.7999505005151522,29.428702087009963,0.8472919262003012,stop_loss,3.3460075027150005,0.0,23,-0.13387478749643777,True
ETH/USDT:USDT,trend,short,2024-03-17 06:45:00+00:00,2024-03-17 08:15:00+00:00,3444.206428,3495.0119495104977,1.0413200439196157,-56.09371121811668,-1.0210660233964999,stop_loss,3.612973592818518,-0.42407026537236514,6,-0.08463222043180785,True
ETH/USDT:USDT,trend,short,2024-03-19 01:00:00+00:00,2024-03-19 06:45:00+00:00,3430.640499,3352.694650436143,0.24476862423052076,18.24852431134478,1.4808963366265517,partial_tp,0.8301738061110095,0.0,23,-0.18635569203524327,True
ETH/USDT:USDT,trend,short,2024-03-19 01:00:00+00:00,2024-03-19 12:30:00+00:00,3430.640499,3304.881417169283,0.7343058726915623,90.04004570647143,2.3893018937121986,stop_loss,2.8928232269277836,-0.5872366008048523,46,-0.18635569203524327,True
ETH/USDT:USDT,trend,short,2024-03-19 23:15:00+00:00,2024-03-20 00:45:00+00:00,3160.941433,3230.8664951302717,0.7551802845329783,-54.835287478900426,-1.0140519744869132,stop_loss,2.4134836649227824,-0.3842245015471376,6,-0.18635569203524327,True
ETH/USDT:USDT,trend,short,2024-03-20 04:45:00+00:00,2024-03-20 07:30:00+00:00,3129.5608500000003,3203.295090698683,0.7117986170076427,-54.73778960557997,-1.0132012309979335,stop_loss,2.2538590501489786,0.0,11,-0.06066755674232305,True
ETH/USDT:USDT,trend,short,2024-03-20 16:30:00+00:00,2024-03-20 18:00:00+00:00,3226.941627,3318.362426408387,0.5698211853678138,-53.95833474331303,-1.0110058466104401,stop_loss,1.864826457152962,0.0,6,-0.06066755674232305,True
ETH/USDT:USDT,trend,short,2024-03-22 21:30:00+00:00,2024-03-22 23:45:00+00:00,3277.176552,3333.56732345326,0.9253601429459981,-55.24043178160836,-1.0180493265065826,stop_loss,3.0586594487844057,0.0,9,-0.08445046462973571,True
ETH/USDT:USDT,trend,long,2024-03-25 17:15:00+00:00,2024-03-25 21:15:00+00:00,3648.1741239999997,3597.9022157020363,1.0363514620996286,-55.85410657170064,-1.0219484851631415,stop_loss,3.7547409045678655,0.0,16,0.021359940872135885,True
ETH/USDT:USDT,trend,short,2024-04-01 06:00:00+00:00,2024-04-01 11:00:00+00:00,3526.161834,3561.9489226589208,1.460336081978623,-55.59331324488519,-1.0307690198072914,stop_loss,5.175511945504911,-1.8433755382096877,20,0.00043652050362497086,False
ETH/USDT:USDT,trend,short,2024-04-01 14:45:00+00:00,2024-04-01 15:00:00+00:00,3509.906712,3460.7364043687703,0.37660557637037123,17.205220511511598,1.468991842170029,partial_tp,1.3125915342561107,0.0,1,0.00043652050362497086,False
ETH/USDT:USDT,trend,short,2024-04-01 14:45:00+00:00,2024-04-01 19:15:00+00:00,3509.906712,3471.563128891927,1.1298167291111136,39.48421576615176,1.145537083228513,stop_loss,4.604815930151699,-0.7678100467404567,18,0.00043652050362497086,False
ETH/USDT:USDT,trend,long,2024-04-01 21:15:00+00:00,2024-04-02 02:15:00+00:00,3502.890552,3466.71034208132,1.4429937123076,-57.23636055635039,-1.0296052536460572,stop_loss,5.028545133726386,0.0,20,0.00043652050362497086,True
ETH/USDT:USDT,trend,short,2024-04-02 02:30:00+00:00,2024-04-02 13:15:00+00:00,3352.713884,3277.2563563012877,0.24735174955922737,17.84458412445822,1.4807127791646888,partial_tp,0.8199673692320674,0.0,43,-0.07946991994927022,True
ETH/USDT:USDT,trend,short,2024-04-02 02:30:00+00:00,2024-04-02 14:15:00+00:00,3352.713884,3303.359477781851,0.7420552486776821,33.73945927021118,0.9684878662748073,stop_loss,2.88423690933642,0.0,47,-0.07946991994927022,True
ETH/USDT:USDT,trend,long,2024-04-08 08:15:00+00:00,2024-04-08 13:30:00+00:00,3565.739401,3619.961502626775,0.9758904516001254,48.8286409542548,1.3921739545529253,stop_loss,4.0861902890069235,0.0,21,0.11599045057933344,True
ETH/USDT:USDT,trend,long,2024-04-08 08:15:00+00:00,2024-04-08 09:15:00+00:00,3565.739401,3623.073840691644,0.32529681720004183,17.481461714155667,1.4720844681936256,partial_tp,1.1692490334839034,0.0,4,0.11599045057933344,True
ETH/USDT:USDT,trend,long,2024-04-08 18:45:00+00:00,2024-04-09 06:30:00+00:00,3695.428296,3652.1131724735196,1.2082173278193813,-57.88222976774506,-1.0259588944963045,stop_loss,4.438713459540585,1.1094335068738816,47,0.11599045057933344,True
ETH/USDT:USDT,trend,short,2024-04-09 08:15:00+00:00,2024-04-09 14:30:00+00:00,3609.0669550000002,3544.241665066759,0.2886735236163528,17.680859462045422,1.4758009876371252,partial_tp,1.032485402434951,0.0,25,0.05369933776823377,False
ETH/USDT:USDT,trend,short,2024-04-09 08:15:00+00:00,2024-04-09 19:15:00+00:00,3609.0669550000002,3518.2418876632537,0.8660205708490584,75.04925758866942,2.067707282386503,stop_loss,3.6071190737039824,0.0,44,0.05369933776823377,False
ETH/USDT:USDT,trend,short,2024-04-12 17:30:00+00:00,2024-04-12 18:30:00+00:00,3340.307607,3249.0736655553414,0.20815962960830867,18.305401876304764,1.4841484603096589,partial_tp,0.6858215825215228,0.0,4,-0.06298918689000821,True
ETH/USDT:USDT,trend,short,2024-04-12 17:30:00+00:00,2024-04-12 18:45:00+00:00,3340.307607,3171.5973503471782,0.624478888824926,102.97506142484802,2.7444946878856142,stop_loss,2.3809321830743144,0.0,5,-0.06298918689000821,True
ETH/USDT:USDT,trend,short,2024-04-13 01:30:00+00:00,2024-04-13 03:45:00+00:00,3184.954227,3231.3348360613963,1.1404724382410862,-56.55460671946174,-1.0213406236727085,stop_loss,3.658800416104623,0.0,9,-0.18718628299437468,True
ETH/USDT:USDT,trend,short,2024-04-13 20:00:00+00:00,2024-04-13 23:00:00+00:00,2936.458798,3049.167088433328,0.46073917871336423,-53.30803134593918,-1.0081800212888492,stop_loss,1.3789061775003724,0.0,12,-0.18718628299437468,True
ETH/USDT:USDT,trend,long,2024-04-14 05:15:00+00:00,2024-04-14 17:15:00+00:00,3051.235096,2978.409488952055,0.7123586334114633,-54.46029933492148,-1.0124255306328676,stop_loss,2.1476346882466384,0.434714732640731,48,-0.10126694124185898,False
ETH/USDT:USDT,trend,short,2024-04-16 04:15:00+00:00,2024-04-16 06:45:00+00:00,3031.810184,3085.408416975991,0.9676505423594761,-54.82402415721007,-1.0175677650456716,stop_loss,2.9596649484829465,0.0,10,-0.12029916420074016,True
ETH/USDT:USDT,trend,long,2024-04-21 02:30:00+00:00,2024-04-21 13:45:00+00:00,3167.770046,3138.382067571821,1.7821312496642245,-57.95703354960016,-1.0331080348016228,stop_loss,5.619195373366221,-0.03539654508185753,45,0.020396710835752563,True
ETH/USDT:USDT,trend,short,2024-04-24 15:45:00+00:00,2024-04-24 18:45:00+00:00,3173.64762,3117.747921523603,0.332576352046626,17.595438376862027,1.4753220347764866,partial_tp,1.0461846892411637,-0.05070526631669637,12,0.027473804465597995,False
ETH/USDT:USDT,trend,short,2024-04-24 15:45:00+00:00,2024-04-24 22:00:00+00:00,3173.64762,3150.9806785125734,0.997729056139878,19.135414415669192,0.5982328912115706,stop_loss,3.6828727854257854,-0.20282106526678548,25,0.027473804465597995,False
ETH/USDT:USDT,trend,long,2024-04-28 02:45:00+00:00,2024-04-28 11:15:00+00:00,3310.0227090000003,3280.7552525315627,1.7886650907569872,-58.735428242448734,-1.034809751834014,stop_loss,5.894347230361003,0.4914033317436975,34,0.01374749847733403,True
ETH/USDT:USDT,trend,short,2024-04-28 11:30:00+00:00,2024-04-28 13:15:00+00:00,3282.235034,3308.564595045012,1.9850197800115397,-58.8061332882442,-1.0391625040617092,stop_loss,6.5414338148735345,0.0,7,0.01374749847733403,False
ETH/USDT:USDT,trend,short,2024-04-29 02:45:00+00:00,2024-04-29 03:45:00+00:00,3219.6638110000004,3170.257476332993,0.3723479165119535,17.206708836745552,1.4716785269098391,partial_tp,1.1896369390069101,0.0,4,0.024349759783869107,False
ETH/USDT:USDT,trend,short,2024-04-29 02:45:00+00:00,2024-04-29 10:15:00+00:00,3219.6638110000004,3195.244560704451,1.1170437495358605,23.454737238387267,0.727382157478583,stop_loss,4.182284206176254,-0.3596505335684359,30,0.024349759783869107,False
ETH/USDT:USDT,trend,short,2024-04-30 08:45:00+00:00,2024-04-30 11:15:00+00:00,3065.0802,3013.100162974849,0.35600029577677167,17.422991551939482,1.4743685005031255,partial_tp,1.0819170035018058,0.0,10,-0.044971532189548746,True
ETH/USDT:USDT,trend,short,2024-04-30 08:45:00+00:00,2024-04-30 13:15:00+00:00,3065.0802,3021.6601509487514,1.068000887330315,42.57674413788819,1.231571893272915,stop_loss,3.7959067767710133,0.0,18,-0.044971532189548746,True
ETH/USDT:USDT,trend,long,2024-04-30 22:30:00+00:00,2024-05-01 02:00:00+00:00,3017.7050400000003,2970.457392087876,1.0894820676583084,-54.79877920085566,-1.019229440870911,stop_loss,3.2619977939924523,0.06131626757038314,14,-0.044971532189548746,False
ETH/USDT:USDT,trend,long,2024-05-01 18:15:00+00:00,2024-05-01 19:30:00+00:00,2965.539395,2913.4613097982974,0.9809880723923028,-53.971595200396656,-1.0170749231011875,stop_loss,2.883614784496536,0.0,5,-0.05091725825724125,False
ETH/USDT:USDT,trend,short,2024-05-06 15:00:00+00:00,2024-05-07 08:15:00+00:00,3064.890257,3103.5079534655592,1.325670537898472,-54.454318402471735,-1.024697509701204,stop_loss,4.0886318868199245,-0.8286559302460033,69,0.030596409491653098,False
ETH/USDT:USDT,trend,short,2024-05-07 23:15:00+00:00,2024-05-08 20:15:00+00:00,3010.326631,2967.4365862010072,0.4256066897105909,17.30250576915678,1.4695078640451738,partial_tp,1.2720880073733265,-0.32030378809188637,84,0.00661685875100515,False
ETH/USDT:USDT,trend,short,2024-05-07 23:15:00+00:00,2024-05-08 21:15:00+00:00,3010.326631,2978.3255091837386,1.2768200691317726,37.67706652609899,1.0964292620269769,stop_loss,4.4638231960015435,-1.2812151523675455,88,0.00661685875100515,False
ETH/USDT:USDT,trend,short,2024-05-10 15:00:00+00:00,2024-05-10 16:00:00+00:00,2932.799896,2888.2640366955943,0.41267166328249133,17.177593067274504,1.4713817284042106,partial_tp,1.2010940675896058,0.0,4,-0.07220818820887709,True
ETH/USDT:USDT,trend,short,2024-05-10 15:00:00+00:00,2024-05-10 16:15:00+00:00,2932.799896,2930.9610424700713,1.238014989847474,-1.7718086642535114,0.06075229101689197,stop_loss,4.234853674932539,-0.18651677649341103,5,-0.07220818820887709,True
ETH/USDT:USDT,trend,long,2024-05-11 01:15:00+00:00,2024-05-11 03:30:00+00:00,2925.427365,2902.3071992644086,2.2490728407727723,-58.55243659594378,-1.0391453609444483,stop_loss,6.553499765859914,0.0,9,-0.04907071696880616,False
ETH/USDT:USDT,trend,long,2024-05-15 13:30:00+00:00,2024-05-16 02:30:00+00:00,2970.270814,3007.425899136153,1.2086431256103225,40.257900229079375,1.203608501781361,stop_loss,4.210783919748063,0.43855408245022015,52,0.04187565532770687,True
ETH/USDT:USDT,trend,long,2024-05-15 13:30:00+00:00,2024-05-15 19:30:00+00:00,2970.270814,3015.6704558883284,0.40288104187010754,16.97520537619405,1.470684154117349,partial_tp,1.2058111276929422,0.10963852061255504,24,0.04187565532770687,True
ETH/USDT:USDT,trend,short,2024-05-16 15:00:00+00:00,2024-05-17 07:00:00+00:00,2946.425807,2977.008500432165,1.685205136388805,-55.99668116976352,-1.0300720427054042,stop_loss,4.991100959973174,-0.5325318466980937,64,0.0109745918447961,False
ETH/USDT:USDT,trend,long,2024-05-17 08:15:00+00:00,2024-05-17 10:00:00+00:00,3047.6340159999995,3017.739143149706,1.716273050181449,-56.51268285773148,-1.0312389075823296,stop_loss,5.204918246171278,0.0,7,0.055589142441413664,True
ETH/USDT:USDT,trend,long,2024-05-17 13:00:00+00:00,2024-05-18 03:15:00+00:00,3083.6048039999996,3124.067977502887,0.4480991744629448,16.57700473796716,1.4660331030681215,partial_tp,1.3908265243637676,0.16368338046383918,57,0.055589142441413664,True
ETH/USDT:USDT,trend,long,2024-05-17 13:00:00+00:00,2024-05-18 04:45:00+00:00,3083.6048039999996,3096.6260325844005,1.3442975233888343,12.00475692831761,0.4717759506922096,stop_loss,4.844914887317042,0.6547335218553567,63,0.055589142441413664,True
ETH/USDT:USDT,trend,long,2024-05-20 19:30:00+00:00,2024-05-20 20:30:00+00:00,3401.650189,3502.5721244633537,0.18245216936564906,17.783580892431868,1.4845387494886282,partial_tp,0.6298451694370546,0.0,4,0.20910626728171433,True
ETH/USDT:USDT,trend,long,2024-05-20 19:30:00+00:00,2024-05-20 20:45:00+00:00,3401.650189,3490.0554115391756,0.5473565080969471,46.19274472220198,1.3004207451434302,stop_loss,2.1964291843747086,0.0,5,0.20910626728171433,True
ETH/USDT:USDT,trend,long,2024-05-20 22:00:00+00:00,2024-05-21 11:30:00+00:00,3632.979567,3782.061683798806,0.12465396939984569,18.076233930537246,1.4886668111445807,partial_tp,0.46215716258783396,0.045286532377508265,54,0.20910626728171433,True
ETH/USDT:USDT,trend,long,2024-05-20 22:00:00+00:00,2024-05-21 12:15:00+00:00,3632.979567,3749.899546542502,0.37396190819953706,41.93558208431388,1.16751020740819,stop_loss,1.6068904425409718,0.18114612951003306,57,0.20910626728171433,True
ETH/USDT:USDT,trend,short,2024-05-22 12:45:00+00:00,2024-05-22 14:15:00+00:00,3668.968979,3715.1612435490824,1.1143739500779892,-55.589797490604354,-1.0247174422573797,stop_loss,4.114341181996142,0.0,6,0.21024889337578623,False
ETH/USDT:USDT,trend,long,2024-05-22 15:45:00+00:00,2024-05-22 18:00:00+00:00,3764.4389929999998,3709.6622239630565,0.9309087603011061,-54.821462230225194,-1.0207446752797404,stop_loss,3.478853149124034,0.35043492362027745,9,0.21024889337578623,True
ETH/USDT:USDT,trend,long,2024-05-23 11:30:00+00:00,2024-05-23 12:00:00+00:00,3869.850607,3935.5698352989,0.27848408371464123,17.214916395312017,1.4735197134082711,partial_tp,1.0868426799405695,0.0,2,0.21245903529931853,True
ETH/USDT:USDT,trend,long,2024-05-23 11:30:00+00:00,2024-05-23 12:45:00+00:00,3869.850607,3880.6707418220826,0.8354522511439237,5.263264840382107,0.24260300029026702,stop_loss,3.776441154407696,0.0,5,0.21245903529931853,True
ETH/USDT:USDT,trend,short,2024-06-07 18:00:00+00:00,2024-06-07 19:15:00+00:00,3613.025767,3670.424562599849,0.884474423452916,-53.98877941057871,-1.0195530420184176,stop_loss,3.2210127655103893,0.0,5,-0.027526572550594874,True
ETH/USDT:USDT,trend,short,2024-06-11 02:00:00+00:00,2024-06-11 02:15:00+00:00,3610.3765620000004,3567.921667912513,0.4266879944375869,16.583546774652056,1.4631226861511644,partial_tp,1.5314468375981254,0.0,1,-0.08323374635721337,True
ETH/USDT:USDT,trend,short,2024-06-11 02:00:00+00:00,2024-06-11 03:15:00+00:00,3610.3765620000004,3602.7181429896664,1.2800639833127607,4.416402807003559,0.2639320350435991,stop_loss,5.386863537242753,0.0,5,-0.08323374635721337,True
ETH/USDT:USDT,trend,short,2024-06-11 15:45:00+00:00,2024-06-11 18:30:00+00:00,3447.435459,3497.101451876706,1.0208160688079002,-53.89247128509417,-1.0215729471288113,stop_loss,3.544547434526259,-0.35191975127253394,11,-0.08323374635721337,True
ETH/USDT:USDT,trend,long,2024-06-12 12:45:00+00:00,2024-06-12 16:15:00+00:00,3640.0917,3604.808488571213,1.4432061033673862,-56.67422842146995,-1.0316292804934708,stop_loss,5.2279420852167515,0.5253402558256965,14,-0.03243908669445794,False
ETH/USDT:USDT,trend,short,2024-06-13 02:45:00+00:00,2024-06-13 15:30:00+00:00,3511.436253,3467.2854369389775,0.4072439675961931,16.559132350420306,1.4654838084395225,partial_tp,1.4210211548801794,0.0,51,-0.057828256081431606,True
ETH/USDT:USDT,trend,short,2024-06-13 02:45:00+00:00,2024-06-13 18:45:00+00:00,3511.436253,3477.556513011726,1.2217319027885791,36.83661924023186,1.1245592905538344,stop_loss,4.984343331113975,-0.4290033694898489,64,-0.057828256081431606,True
ETH/USDT:USDT,trend,long,2024-06-14 21:30:00+00:00,2024-06-15 13:45:00+00:00,3500.2897719999996,3567.4989359533624,0.2709991898917409,17.066231339052166,1.4764812168260664,partial_tp,0.9576825070906776,0.18971513851966926,65,-0.06126758853943304,False
ETH/USDT:USDT,trend,long,2024-06-14 21:30:00+00:00,2024-06-15 16:45:00+00:00,3500.2897719999996,3555.8787968562406,0.8129975696752226,40.80769705173266,1.22120476188144,stop_loss,3.3426117951485814,1.043433261858181,77,-0.06126758853943304,False
ETH/USDT:USDT,trend,long,2024-06-17 18:00:00+00:00,2024-06-17 20:00:00+00:00,3566.7897159999998,3520.219212688985,1.0904903753184545,-54.64884314766351,-1.0232099986538687,stop_loss,3.8641575132656447,0.0,8,-0.014293137103456033,False
ETH/USDT:USDT,trend,short,2024-06-18 01:00:00+00:00,2024-06-18 01:30:00+00:00,3457.6423959999997,3400.144505141555,0.316311518330524,17.10264666469382,1.47386076315462,partial_tp,1.0845984935436321,0.0,2,0.0037934036285232065,False
ETH/USDT:USDT,trend,short,2024-06-18 01:00:00+00:00,2024-06-18 02:15:00+00:00,3457.6423959999997,3414.0453288866106,0.948934554991572,37.563526455492074,1.1175367591349734,stop_loss,3.8072370246895373,0.0,5,0.0037934036285232065,False
ETH/USDT:USDT,trend,long,2024-06-19 03:30:00+00:00,2024-06-19 09:30:00+00:00,3560.0677,3520.8147914084147,1.2994121374808092,-55.606198182036415,-1.0276613206154583,stop_loss,4.600492326705723,0.0,24,0.022508195637995554,True
ETH/USDT:USDT,trend,short,2024-06-23 20:45:00+00:00,2024-06-24 02:45:00+00:00,3433.0997610000004,3399.07737620605,0.5281702467873566,16.165335030588743,1.4563628013894978,partial_tp,1.8042763423265276,0.0,24,-0.018079796918164193,True
ETH/USDT:USDT,trend,short,2024-06-23 20:45:00+00:00,2024-06-24 03:15:00+00:00,3433.0997610000004,3420.286095665772,1.5845107403620697,13.967128022617512,0.5485019834806723,stop_loss,6.336262322872703,0.0,26,-0.018079796918164193,True
ETH/USDT:USDT,trend,short,2024-06-24 05:30:00+00:00,2024-06-24 08:30:00+00:00,3357.382483,3390.1671652651066,1.5583457071268907,-55.82418012339138,-1.0320053871169204,stop_loss,5.2575075139997445,-0.5231962579566071,12,-0.05812270817820364,True
ETH/USDT:USDT,trend,short,2024-06-24 09:45:00+00:00,2024-06-24 23:45:00+00:00,3305.997903,3361.5713166912665,0.9021549851488627,-52.92241769205989,-1.0184763937007832,stop_loss,3.0075904051847946,-0.2210049164410604,56,-0.05812270817820364,True
ETH/USDT:USDT,trend,long,2024-06-28 01:45:00+00:00,2024-06-28 03:00:00+00:00,3484.9351669999996,3461.360367931327,2.172591546737977,-58.76414065281252,-1.0460914123755316,stop_loss,7.5457314801677775,0.0,5,-0.01166000853955973,False
ETH/USDT:USDT,trend,long,2024-07-01 01:15:00+00:00,2024-07-01 10:30:00+00:00,3496.5886619999997,3470.116261133462,1.9137183841723608,-57.99602445616136,-1.0409478623874036,stop_loss,6.6661556442523,0.6691486004358037,37,0.02067782933225737,True
ETH/USDT:USDT,trend,short,2024-07-01 10:45:00+00:00,2024-07-01 17:30:00+00:00,3467.349483,3485.0617593025836,2.9026032032995626,-61.50175550488787,-1.0627107753493275,stop_loss,10.090045571281685,0.0,27,0.02067782933225737,False
ETH/USDT:USDT,trend,short,2024-07-03 02:00:00+00:00,2024-07-03 03:00:00+00:00,3386.893627,3356.7236152580213,0.5782003611533271,15.494730722735488,1.4515641069638774,partial_tp,1.9495809624766958,0.0,4,-0.025080559015952075,True
ETH/USDT:USDT,trend,short,2024-07-03 02:00:00+00:00,2024-07-03 05:00:00+00:00,3386.893627,3362.906345065842,1.7346010834599812,34.77510850074922,1.1540955892569156,stop_loss,6.833256731501431,0.0,12,-0.025080559015952075,True
ETH/USDT:USDT,trend,short,2024-07-03 10:15:00+00:00,2024-07-03 19:15:00+00:00,3303.6785990000003,3266.0282659243553,0.46908418565563864,16.275273371615828,1.4619653706777356,partial_tp,1.54087279736465,-0.15497033852798764,36,-0.025080559015952075,True
ETH/USDT:USDT,trend,short,2024-07-03 10:15:00+00:00,2024-07-03 21:45:00+00:00,3303.6785990000003,3293.9605074015767,1.4072525569669159,8.878566660978054,0.37735425493911523,stop_loss,5.417123943854207,-0.6198813541119506,46,-0.025080559015952075,True
ETH/USDT:USDT,trend,short,2024-07-04 02:00:00+00:00,2024-07-04 09:00:00+00:00,3204.6183260000003,3137.3492578218843,0.2663512180565711,17.157958250812236,1.4793082547461143,partial_tp,0.8445953954131241,-0.08535539945365099,28,-0.09424091520064426,True
ETH/USDT:USDT,trend,short,2024-07-04 02:00:00+00:00,2024-07-04 11:00:00+00:00,3204.6183260000003,3179.4925503388654,0.7990536541697133,17.44086389424302,0.5525387573973798,stop_loss,2.977400559449846,-0.34142159781460396,36,-0.09424091520064426,True
ETH/USDT:USDT,trend,short,2024-07-04 13:30:00+00:00,2024-07-04 15:45:00+00:00,3094.061503,3136.4046470667226,1.1743371213669564,-53.38345975466332,-1.022719379067544,stop_loss,3.6583338417218094,0.0,9,-0.09424091520064426,True
ETH/USDT:USDT,trend,short,2024-07-05 03:00:00+00:00,2024-07-05 12:30:00+00:00,2917.494489,2998.977853129649,0.6000399176379259,-50.501147333553895,-1.0111613247276658,stop_loss,1.7750597884392705,-0.1671835561008673,38,-0.13277155901103666,True
ETH/USDT:USDT,trend,long,2024-07-08 06:30:00+00:00,2024-07-08 10:45:00+00:00,2922.756564,3031.2364949717744,0.9528103284448968,99.93304708247169,2.865100150573449,stop_loss,3.3006518146569856,0.12709976176761328,17,-0.08414598983230892,False
ETH/USDT:USDT,trend,long,2024-07-08 06:30:00+00:00,2024-07-08 08:15:00+00:00,2922.756564,2978.656488955568,0.3176034428149656,16.785079126998827,1.4763918263269784,partial_tp,0.9371545515459326,0.03177494044190332,7,-0.08414598983230892,False
ETH/USDT:USDT,trend,short,2024-07-08 14:30:00+00:00,2024-07-08 22:00:00+00:00,2965.4900860000002,3030.8511608269037,0.7553620733425616,-51.426382821997784,-1.014103229589594,stop_loss,2.2647043783363454,-0.2095985534866203,30,-0.08414598983230892,True
ETH/USDT:USDT,trend,long,2024-07-15 01:00:00+00:00,2024-07-15 02:30:00+00:00,3281.9843,3324.2674818941396,0.41959347941863906,16.355777326312914,1.4654264567258481,partial_tp,1.385970085540273,0.0,6,0.12342213273445357,True
ETH/USDT:USDT,trend,long,2024-07-15 01:00:00+00:00,2024-07-15 10:45:00+00:00,3281.9843,3330.799973720767,1.2587804382559171,56.4306154475812,1.6918258411206153,stop_loss,4.850571349000205,0.1670283634033879,39,0.12342213273445357,True
ETH/USDT:USDT,trend,long,2024-07-15 14:45:00+00:00,2024-07-15 18:30:00+00:00,3371.191054,3409.4640076589985,0.46561363214583457,16.168208609541555,1.460944744470261,partial_tp,1.5785827157935421,0.07361764078046171,15,0.12342213273445357,True
ETH/USDT:USDT,trend,long,2024-07-15 14:45:00+00:00,2024-07-15 19:30:00+00:00,3371.191054,3382.417498708224,1.3968408964375036,9.88539195878795,0.4285327843180309,stop_loss,5.501694568131716,0.29447056312184683,19,0.12342213273445357,True
ETH/USDT:USDT,trend,long,2024-07-15 22:15:00+00:00,2024-07-16 05:30:00+00:00,3450.83494,3410.762568721359,1.2528346483997073,-54.61654422761468,-1.0262116864598365,stop_loss,4.298223551149616,0.1142654950461068,29,0.12342213273445357,True
ETH/USDT:USDT,trend,short,2024-07-16 05:45:00+00:00,2024-07-16 08:15:00+00:00,3413.4756500000003,3364.955628452925,0.3683330686029906,16.746370659759457,1.469436701329046,partial_tp,1.2483601965535294,-0.12320243119546896,10,0.11121762285160974,False
ETH/USDT:USDT,trend,short,2024-07-16 05:45:00+00:00,2024-07-16 10:15:00+00:00,3413.4756500000003,3398.78348479056,1.1049992058089717,12.335222165590206,0.444954600026192,stop_loss,4.392418447237286,-0.49280972478187585,18,0.11121762285160974,False
ETH/USDT:USDT,trend,long,2024-07-16 15:15:00+00:00,2024-07-17 01:15:00+00:00,3446.843743,3504.5386694306353,0.31146944888221884,16.756453777162648,1.4731471172625052,partial_tp,1.0825716244846595,0.13118153700286367,40,0.11121762285160974,True
ETH/USDT:USDT,trend,long,2024-07-16 15:15:00+00:00,2024-07-17 03:00:00+00:00,3446.843743,3466.9456921787782,0.9344083466466565,14.491758410404001,0.5132709289382235,stop_loss,3.766944538101929,0.5247261480114547,47,0.11121762285160974,True
ETH/USDT:USDT,trend,short,2024-07-24 21:15:00+00:00,2024-07-25 01:00:00+00:00,3335.1691490000003,3274.7269919121304,0.29884538264976235,17.169478902939055,1.4760162401960608,partial_tp,0.9876684707530365,-0.09428781059057195,15,-0.047952989280962144,True
ETH/USDT:USDT,trend,short,2024-07-24 21:15:00+00:00,2024-07-25 05:30:00+00:00,3335.1691490000003,3193.7876540683906,0.896536147949287,123.70569925821692,3.452579997746858,stop_loss,3.4250728414424074,-0.3771512423622878,33,-0.047952989280962144,True
ETH/USDT:USDT,trend,long,2024-07-29 06:00:00+00:00,2024-07-29 14:00:00+00:00,3367.2998869999997,3339.202739234444,1.8326081573054411,-58.253352026188594,-1.0369831425583889,stop_loss,6.1451957099138035,0.617094124100989,32,-0.0052095829934257765,False
ETH/USDT:USDT,trend,short,2024-07-29 14:15:00+00:00,2024-07-29 17:00:00+00:00,3322.0031,3304.457955889725,1.3248373997948868,18.121452393000745,0.6278459653991625,stop_loss,5.123010709082604,0.0,11,-0.0052095829934257765,True
ETH/USDT:USDT,trend,short,2024-07-29 14:15:00+00:00,2024-07-29 16:15:00+00:00,3322.0031,3281.0696529069546,0.4416124665982956,16.618720914360946,1.4647870342767846,partial_tp,1.4579996227696193,0.0,8,-0.0052095829934257765,True
ETH/USDT:USDT,trend,short,2024-08-01 04:30:00+00:00,2024-08-01 12:00:00+00:00,3159.491868,3199.562003875441,1.266591848186735,-54.540643637445854,-1.0245350832607953,stop_loss,4.027162898148864,-0.2390267162712711,30,-0.014315753177943313,True
ETH/USDT:USDT,trend,short,2024-08-01 16:30:00+00:00,2024-08-01 19:45:00+00:00,3093.181767,3129.9258944458547,1.3758920180836212,-54.83711374372798,-1.026216585745843,stop_loss,4.2811620795291905,0.0,13,-0.014315753177943313,True
ETH/USDT:USDT,trend,long,2024-08-01 20:45:00+00:00,2024-08-02 06:15:00+00:00,3171.55118,3132.0086167147706,1.2690886525967902,-54.49045515664339,-1.0243476510227445,stop_loss,3.999888104488022,0.3075486922803688,38,-0.014315753177943313,False
ETH/USDT:USDT,trend,short,2024-08-02 14:45:00+00:00,2024-08-03 00:45:00+00:00,3035.5290680000003,2961.1766311300653,0.24281015922376686,17.415992397095398,1.4822950481433552,partial_tp,0.7280305328119208,-0.0904958948433302,40,-0.08565404846344737,True
ETH/USDT:USDT,trend,short,2024-08-02 14:45:00+00:00,2024-08-03 03:15:00+00:00,3035.5290680000003,2976.892616332826,0.7284304776713006,40.51621782833854,1.1689801384585818,stop_loss,2.5583442479046496,-0.3619835793733208,50,-0.08565404846344737,True
ETH/USDT:USDT,trend,short,2024-08-04 17:00:00+00:00,2024-08-04 17:30:00+00:00,2746.455816,2670.5449091405258,0.2395691297659698,17.537036821238093,1.4843389892691923,partial_tp,0.6488730748317717,0.0,2,-0.18015234109274392,True
ETH/USDT:USDT,trend,short,2024-08-04 17:00:00+00:00,2024-08-04 18:15:00+00:00,2746.455816,2692.0542137281423,0.7187073892979094,36.81550185497209,1.06375253137627,stop_loss,2.2833316874581078,0.0,5,-0.18015234109274392,True
ETH/USDT:USDT,trend,short,2024-08-05 00:00:00+00:00,2024-08-05 00:45:00+00:00,2649.464922,2576.08091095699,0.24919827092006477,17.63607017200384,1.4843724134061114,partial_tp,0.6510984930932158,0.0,3,-0.2515503732036095,True
ETH/USDT:USDT,trend,short,2024-08-05 00:00:00+00:00,2024-08-05 01:15:00+00:00,2649.464922,2264.137416142989,0.7475948127601943,285.902031743831,7.794198105163534,stop_loss,2.1668128486939127,0.0,5,-0.2515503732036095,True
ETH/USDT:USDT,trend,short,2024-08-05 06:30:00+00:00,2024-08-05 07:45:00+00:00,2194.171551,2324.952755089526,0.39049315713220223,-51.95150883734877,-1.0053602059625948,stop_loss,0.8823435588788859,0.0,5,-0.2515503732036095,True
ETH/USDT:USDT,trend,long,2024-08-05 14:15:00+00:00,2024-08-06 00:30:00+00:00,2358.7474119999997,2526.7307094605308,0.11231035212396423,18.613222607808357,1.4932596917018086,partial_tp,0.27434488405757773,-0.02130420312907029,41,-0.2515503732036095,False
ETH/USDT:USDT,trend,long,2024-08-05 14:15:00+00:00,2024-08-06 08:30:00+00:00,2358.7474119999997,2468.572663579246,0.3369310563718927,36.22783635084873,0.9762733783269829,stop_loss,0.9456929024616847,-0.16999122240603226,73,-0.2515503732036095,False
ETH/USDT:USDT,trend,long,2024-08-08 01:15:00+00:00,2024-08-08 07:30:00+00:00,2378.9834809999998,2411.891374930799,0.8112046293918102,24.430205567042726,0.7005008589585191,stop_loss,2.26483033315625,0.0,25,-0.07593196275594949,False
ETH/USDT:USDT,trend,long,2024-08-08 01:15:00+00:00,2024-08-08 02:00:00+00:00,2378.9834809999998,2448.7151418933036,0.2704015431306034,18.202840131909376,1.4843577791724443,partial_tp,0.6527085786999192,0.0,3,-0.07593196275594949,False
ETH/USDT:USDT,trend,long,2024-08-08 23:00:00+00:00,2024-08-09 10:15:00+00:00,2698.269238,2643.512411216383,0.9455365818949076,-54.43652853299949,-1.014700514149212,stop_loss,2.525424980914501,0.1365207196924156,45,-0.07593196275594949,False
ETH/USDT:USDT,trend,short,2024-08-12 00:45:00+00:00,2024-08-12 07:30:00+00:00,2535.649077,2578.2470388682905,1.2134525750679053,-54.79334172693654,-1.0184876825002986,stop_loss,3.102735205215068,0.0,27,0.1621843248299102,False
ETH/USDT:USDT,trend,long,2024-08-16 02:45:00+00:00,2024-08-16 12:30:00+00:00,2593.7678969999997,2561.524711874026,1.603785661080868,-55.93271495038414,-1.0244225671780913,stop_loss,4.133992182394171,0.08756479537705904,39,0.014432505431272391,True
ETH/USDT:USDT,trend,long,2024-08-19 17:45:00+00:00,2024-08-20 00:15:00+00:00,2606.18162,2649.6478089761385,0.42530375392298425,17.357930768788673,1.4730532375954888,partial_tp,1.1176619930612235,0.010740578427729608,26,-0.009275063726116861,False
ETH/USDT:USDT,trend,long,2024-08-19 17:45:00+00:00,2024-08-20 08:00:00+00:00,2606.18162,2664.796704512188,1.2759112617689528,70.82782440934098,1.9864437634505137,stop_loss,3.916859715588116,0.04296231371091843,57,-0.009275063726116861,False
ETH/USDT:USDT,trend,short,2024-08-20 14:15:00+00:00,2024-08-20 15:00:00+00:00,2610.2167,2573.484093471154,0.5063364404333295,17.286708933635023,1.4691310912330873,partial_tp,1.3123483040188049,0.0,3,0.0010822468690754317,False
ETH/USDT:USDT,trend,short,2024-08-20 14:15:00+00:00,2024-08-20 17:45:00+00:00,2610.2167,2588.2465087145024,1.5190093212999884,28.763844401859547,0.878704076513487,stop_loss,4.609080951555004,0.0,14,0.0010822468690754317,False
ETH/USDT:USDT,trend,long,2024-08-23 18:00:00+00:00,2024-08-23 21:15:00+00:00,2716.364665,2767.9474762652294,0.3639562239884084,17.77586044174527,1.4762284246620314,partial_tp,0.9980247690543378,0.0,13,0.05780508451853339,True
ETH/USDT:USDT,trend,long,2024-08-23 18:00:00+00:00,2024-08-23 22:45:00+00:00,2716.364665,2754.0395522478084,1.091868671965225,37.65522869857994,1.0782029534059454,stop_loss,3.4808004071241347,0.0,19,0.05780508451853339,True
ETH/USDT:USDT,trend,short,2024-08-27 10:30:00+00:00,2024-08-27 12:30:00+00:00,2639.1080300000003,2606.8788338734507,0.5810220245580378,17.201855829099603,1.4644741826693384,partial_tp,1.524016954226312,0.0,8,-0.06331807780320364,True
ETH/USDT:USDT,trend,short,2024-08-27 10:30:00+00:00,2024-08-27 14:15:00+00:00,2639.1080300000003,2597.533658830795,1.7430660736741133,67.13627974017369,1.8891129955257684,stop_loss,5.330596179203224,0.0,15,-0.06331807780320364,True
ETH/USDT:USDT,trend,short,2024-08-27 21:15:00+00:00,2024-08-27 22:45:00+00:00,2556.272888,2461.045078903478,1.3742424352069744,126.83310086193013,3.383604596048488,stop_loss,4.032995410299018,0.0,6,-0.06331807780320364,True
ETH/USDT:USDT,trend,short,2024-08-27 21:15:00+00:00,2024-08-27 21:45:00+00:00,2556.272888,2514.8112641108096,0.4580808117356581,17.831291154649506,1.47320139444668,partial_tp,1.1614831723893757,0.0,2,-0.06331807780320364,True
ETH/USDT:USDT,trend,long,2024-08-28 10:00:00+00:00,2024-08-28 13:45:00+00:00,2524.197032,2487.258312412548,1.4448379059167813,-56.9908325786895,-1.0206231999446334,stop_loss,3.6203703227082444,0.0,15,-0.0848318716097306,False
ETH/USDT:USDT,trend,long,2024-09-04 07:45:00+00:00,2024-09-04 14:45:00+00:00,2400.82003,2443.1776229039833,0.45259475253222337,18.086690696637817,1.4744780620836677,partial_tp,1.0961839594913747,-0.012050377890136509,28,-0.029829821108202315,False
ETH/USDT:USDT,trend,long,2024-09-04 07:45:00+00:00,2024-09-04 18:00:00+00:00,2400.82003,2444.877256956493,1.35778425759667,55.84526180631915,1.5336427348656352,stop_loss,3.8330050203303374,0.1419423682406251,41,-0.029829821108202315,False
ETH/USDT:USDT,trend,short,2024-09-06 17:45:00+00:00,2024-09-06 20:45:00+00:00,2243.72668,2177.0206135201292,0.29159108385464927,18.806368977163345,1.4854605055910248,partial_tp,0.6445252473825209,0.0,12,-0.0828401146604526,True
ETH/USDT:USDT,trend,short,2024-09-06 17:45:00+00:00,2024-09-06 21:45:00+00:00,2243.72668,2216.7314727351295,0.8747732515639478,21.33661514761975,0.6011494358509344,stop_loss,2.2780700881139118,0.0,16,-0.0828401146604526,True
ETH/USDT:USDT,trend,long,2024-09-13 21:15:00+00:00,2024-09-14 06:00:00+00:00,2434.8502359999998,2411.6279023385086,2.336918202362786,-59.97968661161765,-1.0321666492989623,stop_loss,5.662911489418284,0.048080887318726874,35,0.061962898919373455,True
ETH/USDT:USDT,trend,short,2024-09-15 20:30:00+00:00,2024-09-15 23:00:00+00:00,2360.111754,2331.895167974352,0.677967930483404,17.539425321763275,1.4637211191764277,partial_tp,1.5905151113523792,0.0,10,-0.030482109874645613,True
ETH/USDT:USDT,trend,short,2024-09-15 20:30:00+00:00,2024-09-15 23:15:00+00:00,2360.111754,2315.7455285377437,2.033903791450212,84.68147221161685,2.3014754913375723,stop_loss,5.55516196840127,0.0,11,-0.030482109874645613,True
ETH/USDT:USDT,trend,long,2024-09-16 08:30:00+00:00,2024-09-16 09:45:00+00:00,2317.945175,2295.542756352349,2.4311391650396925,-60.07141296459384,-1.0317253288570758,stop_loss,5.608015598674324,0.0,5,-0.019070459383897065,False
ETH/USDT:USDT,trend,long,2024-09-17 14:15:00+00:00,2024-09-17 15:15:00+00:00,2353.795927,2389.2351735366715,0.5443906161400568,18.001762446041592,1.4702546862143293,partial_tp,1.2910308115963054,0.0,4,-0.00855645779590719,False
ETH/USDT:USDT,trend,long,2024-09-17 14:15:00+00:00,2024-09-17 18:15:00+00:00,2353.795927,2356.9989954171397,1.6331718484201705,0.523430153533234,0.132884494191813,stop_loss,4.487461032969921,0.2202699809329109,16,-0.00855645779590719,False
ETH/USDT:USDT,trend,short,2024-09-18 00:30:00+00:00,2024-09-18 03:00:00+00:00,2315.3052000000002,2335.7599736799207,2.6617519328629298,-60.635524236759,-1.035461616084889,stop_loss,6.189990857956995,0.0,10,-0.026339642761930238,True
ETH/USDT:USDT,trend,long,2024-09-19 05:00:00+00:00,2024-09-19 13:45:00+00:00,2414.534143,2422.619586327129,1.7163927648339743,8.57909787555178,0.35395035550151976,stop_loss,4.84194265395168,0.4567558976563558,35,0.019824964310098725,True
ETH/USDT:USDT,trend,long,2024-09-19 05:00:00+00:00,2024-09-19 12:00:00+00:00,2414.534143,2448.0646615917804,0.5721309216113247,17.678635961858333,1.4678402278684695,partial_tp,1.3910215677486106,0.11418897441408896,28,0.019824964310098725,True
ETH/USDT:USDT,trend,long,2024-09-19 16:30:00+00:00,2024-09-20 00:45:00+00:00,2471.751303,2444.963100309379,2.0115163406837913,-59.327129945708606,-1.0281605565904743,stop_loss,4.9450256823660865,0.4971968136090953,33,0.019824964310098725,True
ETH/USDT:USDT,trend,long,2024-09-20 04:00:00+00:00,2024-09-21 00:15:00+00:00,2538.771403,2577.5762812265834,0.4937582075159122,17.771753863511247,1.4706845679114466,partial_tp,1.2631193307959534,0.12535392172379378,81,0.10602846836728075,True
ETH/USDT:USDT,trend,long,2024-09-20 04:00:00+00:00,2024-09-21 01:15:00+00:00,2538.771403,2555.7403468679504,1.4812746225477367,20.234295142842193,0.643114088250221,stop_loss,4.399955093294298,0.5014156868951751,85,0.10602846836728075,True
ETH/USDT:USDT,trend,long,2024-09-26 02:15:00+00:00,2024-09-26 07:45:00+00:00,2593.537828,2627.2958497563336,0.5677403770782361,17.68375296092008,1.465766727836368,partial_tp,1.4820390404360677,0.0,22,0.0075476755763193015,True
ETH/USDT:USDT,trend,long,2024-09-26 02:15:00+00:00,2024-09-26 13:30:00+00:00,2593.537828,2614.37220957401,1.7032211312347083,29.955573524960293,0.9046247889363173,stop_loss,5.171339285000394,0.3586461431001278,45,0.0075476755763193015,True
ETH/USDT:USDT,trend,short,2024-09-30 10:00:00+00:00,2024-09-30 11:15:00+00:00,2593.9415839999997,2617.9701083438017,2.2604567896187855,-60.20609158339359,-1.033779762763982,stop_loss,5.890650585926041,0.0,5,0.00875954864477091,False
ETH/USDT:USDT,trend,short,2024-09-30 18:30:00+00:00,2024-09-30 20:00:00+00:00,2582.115133,2607.408420107057,2.131245680310413,-59.43628371548066,-1.0319031612316139,stop_loss,5.530074827714281,0.0,6,0.00875954864477091,False
ETH/USDT:USDT,trend,short,2024-10-01 15:00:00+00:00,2024-10-01 17:15:00+00:00,2510.356667,2455.9867367967736,0.3534683802399934,18.34032848336813,1.4799504147879015,partial_tp,0.8777226793278106,0.0,9,-0.07003127957402022,True
ETH/USDT:USDT,trend,short,2024-10-01 15:00:00+00:00,2024-10-01 17:30:00+00:00,2510.356667,2482.688234554488,1.0604051407199802,26.24875690770262,0.7531351966281598,stop_loss,3.090991093181613,0.0,10,-0.07003127957402022,True
ETH/USDT:USDT,trend,short,2024-10-02 18:15:00+00:00,2024-10-02 20:00:00+00:00,2410.146739,2362.8807783016287,0.4077575770695892,18.299934544363552,1.4778429172174308,partial_tp,0.9731190678706945,0.0,7,-0.12271257420559645,True
ETH/USDT:USDT,trend,short,2024-10-02 18:15:00+00:00,2024-10-03 02:45:00+00:00,2410.146739,2391.9033586338114,1.2232727312087677,18.95943255136019,0.5704073303899679,stop_loss,3.4284862665053266,-0.07128909083785591,34,-0.12271257420559645,True
ETH/USDT:USDT,trend,short,2024-10-03 15:00:00+00:00,2024-10-03 18:15:00+00:00,2315.745068,2350.0529825886706,1.5579409502220056,-56.91750781459386,-1.020974381555874,stop_loss,3.634518924239048,-0.16671616405380427,13,-0.12160514604136297,True
ETH/USDT:USDT,trend,long,2024-10-04 16:00:00+00:00,2024-10-05 03:00:00+00:00,2418.32528,2390.427397662569,1.9156012306469037,-58.51029869987597,-1.0263918027735213,stop_loss,4.605826273603506,0.4632546882472518,44,-0.0914505138726801,False
ETH/USDT:USDT,trend,long,2024-10-07 01:00:00+00:00,2024-10-07 09:15:00+00:00,2489.566646,2467.0922672122583,2.382187043903696,-59.99107447940336,-1.0340640837927082,stop_loss,5.903844322052008,0.5490561894085509,33,0.02486246297079986,True
ETH/USDT:USDT,trend,short,2024-10-07 09:30:00+00:00,2024-10-07 11:45:00+00:00,2452.5440160000003,2471.5424485435015,2.819413106850166,-60.505946681454645,-1.0405999101671226,stop_loss,6.941516958698722,0.0,9,0.02486246297079986,False
ETH/USDT:USDT,trend,long,2024-10-07 14:15:00+00:00,2024-10-07 15:30:00+00:00,2505.6614729999997,2479.6161911370114,2.0225163328303988,-57.718410710771046,-1.0294100224929286,stop_loss,5.041402749705842,0.0,5,0.02486246297079986,True
ETH/USDT:USDT,trend,long,2024-10-14 14:00:00+00:00,2024-10-14 14:30:00+00:00,2581.17412,2618.2777316788247,0.5036059378423297,17.376361743836686,1.4688941839137666,partial_tp,1.309237413015376,0.0,2,0.10941931127616478,True
ETH/USDT:USDT,trend,long,2024-10-14 14:00:00+00:00,2024-10-15 00:00:00+00:00,2581.17412,2622.477534722553,1.510817813526989,57.43113422390446,1.6351601075094702,stop_loss,4.580832114390489,0.389968384031085,40,0.10941931127616478,True
ETH/USDT:USDT,trend,long,2024-10-15 14:00:00+00:00,2024-10-15 15:15:00+00:00,2659.917736,2625.828885539423,1.5392237411143088,-56.53834128090944,-1.0236626001075202,stop_loss,4.067973344694115,0.0,5,0.09277473126393998,True
ETH/USDT:USDT,trend,long,2024-10-20 14:00:00+00:00,2024-10-20 14:30:00+00:00,2692.017363,2714.165459541409,0.8324647243364897,16.187280835382126,1.446794287969132,partial_tp,2.2502282465398,0.0,2,0.05388389928372206,True
ETH/USDT:USDT,trend,long,2024-10-20 14:00:00+00:00,2024-10-20 15:15:00+00:00,2692.017363,2698.436755309507,2.497394173009469,8.180203849555134,0.4193380730603041,stop_loss,7.851549098469948,0.0,5,0.05388389928372206,True
ETH/USDT:USDT,trend,long,2024-10-20 22:15:00+00:00,2024-10-21 08:15:00+00:00,2744.503104,2720.8212643495153,2.234675265641105,-60.25444854474157,-1.0357086765152665,stop_loss,6.106612592328128,1.2266146405968072,40,0.05388389928372206,True
ETH/USDT:USDT,trend,short,2024-10-22 00:45:00+00:00,2024-10-22 06:15:00+00:00,2637.0486480000004,2658.6465315243395,2.442022347372583,-59.208617209021966,-1.038333388626701,stop_loss,6.46610298663585,0.0,22,0.0064375952491544375,False
ETH/USDT:USDT,trend,short,2024-10-22 09:30:00+00:00,2024-10-22 11:15:00+00:00,2617.81442,2638.2673847726146,2.5684074462222424,-59.281426841969775,-1.0402428050500578,stop_loss,6.749879822665614,0.0,7,0.0064375952491544375,False
ETH/USDT:USDT,trend,short,2024-10-23 15:15:00+00:00,2024-10-23 16:45:00+00:00,2539.2380000000003,2505.9274178619817,0.552698465915049,17.156823347769453,1.466903743917219,partial_tp,1.3942275933699873,-0.14034329471931975,6,-0.04440178561286734,True
ETH/USDT:USDT,trend,short,2024-10-23 15:15:00+00:00,2024-10-23 18:45:00+00:00,2539.2380000000003,2486.6813029916634,1.658095397745147,82.83694730262567,2.314448162149053,stop_loss,4.868443306461086,-0.561373178877279,14,-0.04440178561286734,True
ETH/USDT:USDT,trend,long,2024-10-24 01:00:00+00:00,2024-10-24 08:30:00+00:00,2557.577043,2532.9443783986667,2.123898277212196,-58.26635209597391,-1.0318403875288549,stop_loss,5.405874838510204,0.5432033475465162,30,-0.04232752271053275,False
ETH/USDT:USDT,trend,short,2024-10-25 23:15:00+00:00,2024-10-26 00:30:00+00:00,2385.754059,2425.097913601794,1.3054390295769944,-54.18969469010146,-1.0188341864986665,stop_loss,3.1401369652759277,-0.31144564635903355,5,-0.11171541110601468,True
ETH/USDT:USDT,trend,long,2024-10-29 02:15:00+00:00,2024-10-29 18:15:00+00:00,2624.58714,2646.9979498443554,1.2435500444641998,23.612082005596225,0.7410885028039816,stop_loss,3.8217075122109088,0.4351740606196223,64,0.040975944529244135,True
ETH/USDT:USDT,trend,long,2024-10-29 02:15:00+00:00,2024-10-29 16:45:00+00:00,2624.58714,2669.146749777969,0.4145166814880666,17.26473755607615,1.473512770186759,partial_tp,1.0971705023358393,0.10879351515490558,58,0.040975944529244135,True
ETH/USDT:USDT,trend,long,2024-10-30 10:00:00+00:00,2024-10-30 11:15:00+00:00,2696.018563,2671.745680308282,2.144975693548676,-57.821605301391926,-1.0341596091718028,stop_loss,5.756861915297983,0.0,5,0.08985697307487417,True
ETH/USDT:USDT,trend,long,2024-10-30 14:15:00+00:00,2024-10-30 15:30:00+00:00,2713.643849,2681.925054680158,1.6191987600365405,-55.72728167180736,-1.026034146458971,stop_loss,4.368249239265315,0.0,5,0.08985697307487417,True
ETH/USDT:USDT,trend,short,2024-10-30 20:00:00+00:00,2024-10-31 13:45:00+00:00,2651.634271,2608.935845668031,0.4293028688054514,17.429038407083283,1.4730072329888642,partial_tp,1.129188921318907,-0.22767083991263035,71,0.08985697307487417,False
ETH/USDT:USDT,trend,short,2024-10-30 20:00:00+00:00,2024-11-01 01:45:00+00:00,2651.634271,2525.820915804667,1.287908606416354,159.72657719058338,4.340300157874165,stop_loss,3.9032216469919376,-1.5936958793884124,119,0.08985697307487417,False
ETH/USDT:USDT,trend,short,2024-11-03 14:00:00+00:00,2024-11-03 16:00:00+00:00,2435.659083,2453.0904095107253,3.0345091667075703,-60.31299765904895,-1.0440658332264434,stop_loss,7.41747757438039,0.0,8,-0.06895441180928141,True
ETH/USDT:USDT,trend,long,2024-11-05 04:00:00+00:00,2024-11-05 14:15:00+00:00,2423.596861,2459.2709862084625,0.5186607815767791,17.23649363570443,1.4695979304507583,partial_tp,1.2662760269846332,0.0,41,-0.038497123139173306,False
ETH/USDT:USDT,trend,long,2024-11-05 04:00:00+00:00,2024-11-05 15:00:00+00:00,2423.596861,2451.492541868754,1.5559823447303374,38.9838980850135,1.1491644051165346,stop_loss,4.421288840999516,0.0,44,-0.038497123139173306,False
ETH/USDT:USDT,trend,long,2024-11-06 01:00:00+00:00,2024-11-06 02:30:00+00:00,2508.902445,2554.92524359946,0.4058806664386231,17.652109288429703,1.4754205275539558,partial_tp,1.0276548784895505,0.0,6,0.0839793435978291,True
ETH/USDT:USDT,trend,long,2024-11-06 01:00:00+00:00,2024-11-06 03:15:00+00:00,2508.902445,2574.648166694124,1.2176419993158691,76.45062214667132,2.107707274183419,stop_loss,3.604129863426367,0.0,9,0.0839793435978291,True
ETH/USDT:USDT,trend,long,2024-11-06 23:00:00+00:00,2024-11-07 01:15:00+00:00,2733.8098969999996,2788.081414365705,0.3478139565597698,17.821010027442846,1.4772263782060642,partial_tp,0.9602954323495609,0.09508572367578266,9,0.0839793435978291,True
ETH/USDT:USDT,trend,long,2024-11-06 23:00:00+00:00,2024-11-07 06:00:00+00:00,2733.8098969999996,2821.7981618776535,1.0434418696793095,88.056391070615,2.394968708429503,stop_loss,3.3739056484592824,0.38034289470313065,28,0.0839793435978291,True
ETH/USDT:USDT,trend,long,2024-11-07 17:15:00+00:00,2024-11-08 00:00:00+00:00,2865.0192479999996,2921.982303149641,0.3348192922646357,18.103529928589282,1.477259878922616,partial_tp,0.9687998818451358,0.0,27,0.16127221177329254,True
ETH/USDT:USDT,trend,long,2024-11-07 17:15:00+00:00,2024-11-08 01:30:00+00:00,2865.0192479999996,2895.271340465929,1.0044578767939072,26.72655696624517,0.7845471479009266,stop_loss,3.3726164855731655,0.2877791150819756,33,0.16127221177329254,True
ETH/USDT:USDT,trend,long,2024-11-10 04:45:00+00:00,2024-11-10 12:45:00+00:00,3184.535074,3184.1599853988337,1.0718455134647504,-4.8391645367940805,-0.010335155493882298,stop_loss,3.9820168849438877,0.455110617538405,32,0.3154223554773645,True
ETH/USDT:USDT,trend,long,2024-11-10 04:45:00+00:00,2024-11-10 12:00:00+00:00,3184.535074,3238.0021275587255,0.3572818378215835,17.841701556556735,1.4732260874125416,partial_tp,1.1473279474251958,0.11377765438460125,29,0.3154223554773645,True
ETH/USDT:USDT,trend,long,2024-11-13 14:45:00+00:00,2024-11-13 16:30:00+00:00,3322.956588,3262.410288967116,0.8718143758682887,-56.029282010033505,-1.0164354785864516,stop_loss,2.870608756853394,0.37353935069137,7,0.0765600313289132,True
ETH/USDT:USDT,trend,long,2024-11-21 19:00:00+00:00,2024-11-22 00:30:00+00:00,3386.5856710000003,3330.855633403088,0.9437422364608099,-56.856971512733175,-1.018263251811341,stop_loss,3.1697665399557957,1.092414653022537,22,0.07136203552470399,True
ETH/USDT:USDT,trend,long,2024-11-22 04:30:00+00:00,2024-11-22 06:15:00+00:00,3411.553159,3363.036144234482,1.0812367752112129,-56.120848133748375,-1.0212431133992652,stop_loss,3.662467545804815,0.0,7,0.08185595612863827,True
ETH/USDT:USDT,trend,long,2024-11-23 14:00:00+00:00,2024-11-23 16:15:00+00:00,3458.4872349999996,3415.4962098342553,1.2173305463774846,-58.07624097052413,-1.0244234539659098,stop_loss,4.183955011344933,1.5579978048355045,9,0.057888540031397095,True
ETH/USDT:USDT,trend,long,2024-11-27 14:45:00+00:00,2024-11-27 18:30:00+00:00,3523.3766960000003,3590.3903325005485,0.279751393129349,17.752115051381843,1.476264724058447,partial_tp,0.995043118310329,0.0,15,0.09784537769703161,True
ETH/USDT:USDT,trend,long,2024-11-27 14:45:00+00:00,2024-11-28 01:30:00+00:00,3523.3766960000003,3620.314733851066,0.839254179388047,77.39354845984346,2.1354788841790477,stop_loss,3.4905212139932824,0.47158373434704004,43,0.09784537769703161,True
ETH/USDT:USDT,trend,short,2024-11-28 03:30:00+00:00,2024-11-28 08:45:00+00:00,3591.412253,3637.711545689031,1.1341261935934257,-55.93776791946283,-1.0241324272419945,stop_loss,4.099369328411418,-0.6708419924273111,21,0.05454416973615639,False
ETH/USDT:USDT,trend,long,2024-12-04 01:00:00+00:00,2024-12-04 02:15:00+00:00,3702.250342,3657.36687957178,1.164580580718579,-56.5558423881991,-1.0250660314525848,stop_loss,4.285433648882259,0.0,5,0.06850744192516345,True
ETH/USDT:USDT,trend,long,2024-12-04 20:15:00+00:00,2024-12-05 00:15:00+00:00,3865.8994219999995,3807.88985255869,0.8917224695379138,-55.14988168034703,-1.0200944763835564,stop_loss,3.4214451613115155,0.0,16,0.06850744192516345,True
ETH/USDT:USDT,trend,short,2024-12-05 00:45:00+00:00,2024-12-05 02:30:00+00:00,3798.36015,3849.4202034744867,1.010582653130758,-55.464761389332935,-1.023133282120758,stop_loss,3.8643570800877667,0.0,7,0.022014555836501914,False
ETH/USDT:USDT,trend,short,2024-12-05 19:45:00+00:00,2024-12-05 22:30:00+00:00,3832.789818,3718.2661663068498,0.7201991217374112,79.30063944673628,2.1926044874540054,stop_loss,3.1791939208318567,0.0,11,0.022014555836501914,False
ETH/USDT:USDT,trend,short,2024-12-05 19:45:00+00:00,2024-12-05 22:15:00+00:00,3832.789818,3755.568469368506,0.2400663739124704,17.627394325594885,1.4784358779470415,partial_tp,0.9108548289986007,0.0,10,0.022014555836501914,False
ETH/USDT:USDT,trend,long,2024-12-06 04:00:00+00:00,2024-12-06 12:45:00+00:00,3899.5595169999997,3840.748666353623,0.8782957669530347,-55.92719760371676,-1.0199896765132925,stop_loss,3.39913995617571,0.8747364739211475,35,0.0782784190728707,True
ETH/USDT:USDT,trend,long,2024-12-09 14:45:00+00:00,2024-12-09 16:00:00+00:00,3934.790083,3890.9105996893823,1.1790961033293428,-56.351754378044575,-1.027337219011775,stop_loss,4.613626590390414,0.0,5,-0.033378897350777814,False
ETH/USDT:USDT,trend,short,2024-12-09 20:00:00+00:00,2024-12-09 21:00:00+00:00,3787.803318,3717.1119596757503,0.2615355205870134,17.50690023828162,1.4767123213231508,partial_tp,0.9814009620541789,0.0,4,-0.033378897350777814,True
ETH/USDT:USDT,trend,short,2024-12-09 20:00:00+00:00,2024-12-09 21:15:00+00:00,3787.803318,3586.6955176344936,0.7846065617610403,154.40213714370964,4.201056165192752,stop_loss,3.3883626443961607,0.0,5,-0.033378897350777814,True
ETH/USDT:USDT,trend,short,2024-12-10 15:30:00+00:00,2024-12-10 21:00:00+00:00,3589.402856,3661.263340511475,0.7198618020593639,-54.08096929364124,-1.015517408190568,stop_loss,2.609738817175832,-0.25838740082371875,22,-0.04195854049444059,True
ETH/USDT:USDT,trend,long,2024-12-12 03:30:00+00:00,2024-12-12 14:45:00+00:00,3919.185403,3981.322232924211,0.3000207305308917,17.339595383718795,1.4717023876155075,partial_tp,1.185158036247435,0.11758368676940671,45,-0.029819065500938824,False
ETH/USDT:USDT,trend,long,2024-12-12 03:30:00+00:00,2024-12-12 18:30:00+00:00,3919.185403,3918.0096473791,0.900062191592675,-5.643487838341026,-0.027847612384496675,stop_loss,4.114899910338773,0.47033474707762685,60,-0.029819065500938824,False
ETH/USDT:USDT,trend,short,2024-12-18 20:00:00+00:00,2024-12-19 01:45:00+00:00,3720.5335050000003,3612.0248995194033,0.17357779812284058,18.237719900382807,1.4851729561573623,partial_tp,0.6363846712318035,-0.039419754912595036,23,-0.07174313805817278,True
ETH/USDT:USDT,trend,short,2024-12-18 20:00:00+00:00,2024-12-19 02:45:00+00:00,3720.5335050000003,3637.9188769761345,0.5207333943685217,40.939077745107994,1.1307583465901776,stop_loss,2.2387969499028606,-0.15767901965038014,27,-0.07174313805817278,True
ETH/USDT:USDT,trend,short,2024-12-19 17:30:00+00:00,2024-12-19 17:45:00+00:00,3515.64499,3432.061432304029,0.22613197855058656,18.115365976254854,1.481752604493028,partial_tp,0.7855492998321136,0.0,1,-0.11681228351341577,True
ETH/USDT:USDT,trend,short,2024-12-19 17:30:00+00:00,2024-12-19 18:45:00+00:00,3515.64499,3473.19787022518,0.6783959356517597,26.02785236098335,0.7524940552105598,stop_loss,2.768101174377869,0.0,5,-0.11681228351341577,True
ETH/USDT:USDT,trend,short,2024-12-19 20:15:00+00:00,2024-12-20 10:00:00+00:00,3369.18894,3217.8769530755753,0.12619394919735355,18.72155038734934,1.4904935757156204,partial_tp,0.41562392933519976,-0.04251712579306455,55,-0.11681228351341577,True
ETH/USDT:USDT,trend,short,2024-12-19 20:15:00+00:00,2024-12-20 10:30:00+00:00,3369.18894,3239.7578508727106,0.37858184759206065,47.70673008850572,1.274956536909769,stop_loss,1.4635992723284283,-0.1700685031722582,57,-0.11681228351341577,True
ETH/USDT:USDT,trend,long,2024-12-20 14:30:00+00:00,2024-12-20 21:00:00+00:00,3337.190857,3398.532465612216,0.40322229686565114,23.15203577638086,0.639426828707189,stop_loss,1.582268541670715,0.0,26,-0.12318302387267899,False
ETH/USDT:USDT,trend,long,2024-12-20 14:30:00+00:00,2024-12-20 19:30:00+00:00,3337.190857,3480.044797878876,0.13440743228855037,18.742487815991,1.489113905733357,partial_tp,0.458143569839112,0.0,20,-0.12318302387267899,False
ETH/USDT:USDT,trend,long,2025-01-02 09:00:00+00:00,2025-01-02 14:00:00+00:00,3442.352396,3448.8217314981025,1.662222019813901,4.072482237861356,0.27687234080117806,stop_loss,6.680989680647988,0.0,20,0.015367931016240899,True
ETH/USDT:USDT,trend,long,2025-01-02 09:00:00+00:00,2025-01-02 12:00:00+00:00,3442.352396,3476.3578310290536,0.5540740066046337,16.924788884867947,1.4553526245807218,partial_tp,1.9167387480132214,0.0,12,0.015367931016240899,True
ETH/USDT:USDT,trend,long,2025-01-03 15:45:00+00:00,2025-01-03 18:30:00+00:00,3565.389296,3615.460306643477,0.3803840914210715,17.544853677495272,1.468186601931234,partial_tp,1.3657404758664506,0.13562173679213738,11,0.07522962574430925,True
ETH/USDT:USDT,trend,long,2025-01-03 15:45:00+00:00,2025-01-04 01:00:00+00:00,3565.389296,3593.7829985230755,1.1411522742632145,26.689224494586778,0.8325626562728768,stop_loss,4.762961556829289,0.9493521575449616,37,0.07522962574430925,True
ETH/USDT:USDT,trend,short,2025-01-07 19:45:00+00:00,2025-01-08 17:00:00+00:00,3383.344692,3294.912557042886,0.2185393584122629,18.744049804950883,1.4834236099915916,partial_tp,0.7297310272589381,-0.14787879565544307,85,-0.021838990630508537,True
ETH/USDT:USDT,trend,short,2025-01-07 19:45:00+00:00,2025-01-08 18:00:00+00:00,3383.344692,3275.8037457735354,0.6556180752367887,68.54467732687638,1.8039684188393577,stop_loss,2.552626029883185,-0.5915151826217723,89,-0.021838990630508537,True
ETH/USDT:USDT,trend,long,2025-01-08 22:45:00+00:00,2025-01-09 07:30:00+00:00,3332.309393,3285.464899058344,1.1458725611056868,-57.721741416530556,-1.0214994818508836,stop_loss,3.791562988430134,0.2523581814753973,35,-0.07830338508103063,False
ETH/USDT:USDT,trend,short,2025-01-09 13:45:00+00:00,2025-01-09 15:15:00+00:00,3218.73409,3261.15660830095,1.260951389382154,-57.578146982206654,-1.0235991361617347,stop_loss,4.08541358953354,0.0,6,-0.1197350102161111,True
ETH/USDT:USDT,trend,short,2025-01-09 19:45:00+00:00,2025-01-10 02:00:00+00:00,3192.691905,3242.6507576455615,1.0609397421037747,-56.160570909317386,-1.0198525404064966,stop_loss,3.4137553924283006,-0.25651672469326764,25,-0.1197350102161111,True
ETH/USDT:USDT,trend,long,2025-01-13 21:00:00+00:00,2025-01-14 08:15:00+00:00,3105.141263,3188.26097872711,0.23055241409667115,18.34579973646785,1.4829304465780055,partial_tp,0.7254795398557936,0.09217184359058894,45,-0.05690778196777513,False
ETH/USDT:USDT,trend,long,2025-01-13 21:00:00+00:00,2025-01-14 11:30:00+00:00,3105.141263,3209.693720455525,0.6916572422900135,69.40397744173558,1.8653098253412523,stop_loss,2.541799582234594,0.36868737436235577,58,-0.05690778196777513,False
ETH/USDT:USDT,trend,long,2025-01-15 19:00:00+00:00,2025-01-15 19:45:00+00:00,3376.552662,3428.605114871169,0.36827565723693595,17.91656431548524,1.4709250894392554,partial_tp,1.253086976439138,0.0,3,0.056432053700482765,True
ETH/USDT:USDT,trend,long,2025-01-15 19:00:00+00:00,2025-01-15 22:15:00+00:00,3376.552662,3419.6731379379735,1.104826971710808,43.26458698907918,1.2185206734197545,stop_loss,4.376077860200755,0.0,13,0.056432053700482765,True
ETH/USDT:USDT,trend,short,2025-01-18 05:15:00+00:00,2025-01-18 08:00:00+00:00,3332.79986,3268.2641891469434,0.3001301112440842,18.378509028639606,1.4775584432483326,partial_tp,0.9905890436998985,0.0,11,0.05438532718564848,False
ETH/USDT:USDT,trend,short,2025-01-18 05:15:00+00:00,2025-01-18 11:30:00+00:00,3332.79986,3295.027024566225,0.9003903337322525,30.526343475605067,0.8648174131122508,stop_loss,3.483952426625124,0.0,25,0.05438532718564848,False
ETH/USDT:USDT,trend,long,2025-01-19 14:00:00+00:00,2025-01-19 21:15:00+00:00,3365.60938,3292.9676138124073,0.7352031972573593,-56.10160298074672,-1.0137911706265912,stop_loss,2.4477035475175892,0.24744067768953587,29,-0.003052118648010582,False
ETH/USDT:USDT,trend,long,2025-01-24 06:00:00+00:00,2025-01-24 20:15:00+00:00,3398.409217,3349.552909334577,1.0950508686803158,-57.9391092367076,-1.0210061331440665,stop_loss,3.694680894132275,0.7442861930414083,57,0.029391907658323335,True
ETH/USDT:USDT,trend,short,2025-01-27 05:45:00+00:00,2025-01-27 06:45:00+00:00,3138.8180720000005,3084.2462087894005,0.352112742571975,18.119838306791802,1.4749986835969864,partial_tp,1.0956101155552256,0.0,4,-0.01881863047501553,True
ETH/USDT:USDT,trend,short,2025-01-27 05:45:00+00:00,2025-01-27 09:00:00+00:00,3138.8180720000005,3083.283281320471,1.056338227715925,54.954631616015156,1.5010252230169314,stop_loss,3.838930678000903,-0.13003993102691452,13,-0.01881863047501553,True
ETH/USDT:USDT,trend,short,2025-01-27 18:45:00+00:00,2025-01-27 20:15:00+00:00,3052.763896,3101.042275672885,1.1082775624916998,-56.915907596907786,-1.019642368766049,stop_loss,3.410062651994002,0.0,6,-0.01881863047501553,True
ETH/USDT:USDT,trend,long,2025-01-27 21:15:00+00:00,2025-01-28 19:00:00+00:00,3180.563883,3125.1591724386294,0.958206685519209,-56.71826076003289,-1.0172183366351704,stop_loss,3.0210929943769544,0.6080036964941014,87,-0.01881863047501553,False
ETH/USDT:USDT,trend,long,2025-01-31 15:30:00+00:00,2025-01-31 18:15:00+00:00,3400.5198499999997,3359.8453933712326,1.3085936629354704,-58.09461161869025,-1.0254185195775816,stop_loss,4.4232855583024016,0.44498987263962764,11,0.02135892276737339,True
ETH/USDT:USDT,trend,short,2025-01-31 18:45:00+00:00,2025-02-01 09:30:00+00:00,3312.10607,3242.217185180246,0.27315595392879055,18.359812875545526,1.479416677024529,partial_tp,0.895176210563208,-0.16442408414948545,59,0.02135892276737339,False
ETH/USDT:USDT,trend,short,2025-01-31 18:45:00+00:00,2025-02-01 12:30:00+00:00,3312.10607,3265.477493624836,0.8194678617863717,35.72089620106153,0.9870395513283614,stop_loss,3.147419915834507,-0.6576963365979418,71,0.02135892276737339,False
ETH/USDT:USDT,trend,short,2025-02-01 22:00:00+00:00,2025-02-02 03:15:00+00:00,3138.748093,3081.3877268310125,0.3338378844449779,18.11080480131771,1.4762165157162248,partial_tp,1.038258491526407,0.0,21,-0.02036158554412304,True
ETH/USDT:USDT,trend,short,2025-02-01 22:00:00+00:00,2025-02-02 05:45:00+00:00,3138.748093,3123.2294679391593,1.0015136533349338,11.882470355752542,0.39938466481419993,stop_loss,3.659644523665192,0.0,31,-0.02036158554412304,True
ETH/USDT:USDT,trend,short,2025-02-02 11:45:00+00:00,2025-02-02 14:15:00+00:00,3062.570953,3099.2609782887125,1.4551473806610575,-57.872580992702325,-1.0259923315356412,stop_loss,4.483186797444218,0.0,10,-0.06759190626666145,True
ETH/USDT:USDT,trend,short,2025-02-02 17:00:00+00:00,2025-02-02 17:45:00+00:00,3020.4935800000003,2959.8887828055217,0.3155718666738157,18.181548767222782,1.478346130978016,partial_tp,0.9436202128268516,0.0,3,-0.06759190626666145,True
ETH/USDT:USDT,trend,short,2025-02-02 17:00:00+00:00,2025-02-02 19:30:00+00:00,3020.4935800000003,2969.6518826873657,0.9467156000214472,44.82055450081927,1.2401926909069223,stop_loss,3.312073476620348,0.0,10,-0.06759190626666145,True
ETH/USDT:USDT,trend,short,2025-02-02 22:45:00+00:00,2025-02-03 02:00:00+00:00,2873.597662,2562.142688018686,0.4624643111914125,142.61575955055898,3.688819058979742,stop_loss,1.4784073522930603,-0.05735689344426129,13,-0.06759190626666145,True
ETH/USDT:USDT,trend,short,2025-02-02 22:45:00+00:00,2025-02-03 01:30:00+00:00,2873.597662,2747.773501545893,0.1541547703971375,18.977453198059795,1.49023968129365,partial_tp,0.4332805905167535,-0.014339223361065322,11,-0.06759190626666145,True
ETH/USDT:USDT,trend,long,2025-02-03 15:30:00+00:00,2025-02-03 22:00:00+00:00,2703.120693,2834.7246468516723,0.149684605044466,19.386264231480535,1.4903664452652658,partial_tp,0.41446509624651706,-0.10164347314932332,26,-0.07513453599138975,False
ETH/USDT:USDT,trend,long,2025-02-03 15:30:00+00:00,2025-02-04 02:30:00+00:00,2703.120693,2826.3352402693076,0.44905381513339804,54.42202809061675,1.395359496764797,stop_loss,1.4438194178829074,-0.5358849772825854,44,-0.07513453599138975,False
ETH/USDT:USDT,trend,long,2025-02-17 10:15:00+00:00,2025-02-17 14:00:00+00:00,2760.2978409999996,2808.6226413377995,0.4060558733647143,18.491922571263597,1.4742867571658451,partial_tp,1.1306464350771606,0.0,15,0.0021409208151574877,True
ETH/USDT:USDT,trend,long,2025-02-17 10:15:00+00:00,2025-02-17 15:30:00+00:00,2760.2978409999996,2798.296261794818,1.218167620094143,42.34237857703707,1.1592509059410698,stop_loss,3.9460672499224456,0.0,21,0.0021409208151574877,True
ETH/USDT:USDT,trend,short,2025-02-17 16:30:00+00:00,2025-02-18 06:00:00+00:00,2734.57938,2667.5338679808783,0.29594982404332804,19.081107177091308,1.4823123175089357,partial_tp,0.7993772326010362,-0.038376924738409396,54,0.0021409208151574877,False
ETH/USDT:USDT,trend,short,2025-02-17 16:30:00+00:00,2025-02-18 09:15:00+00:00,2734.57938,2693.2463825755817,0.8878494721299841,33.99806745854209,0.9138331464200969,stop_loss,2.8141952622298865,-0.11478277595210049,67,0.0021409208151574877,False
ETH/USDT:USDT,trend,short,2025-02-21 15:45:00+00:00,2025-02-21 19:30:00+00:00,2721.433325,2631.3784266234043,0.22212121954727002,19.43417507288182,1.4869692639783467,partial_tp,0.5944865371387746,-0.02555775640569281,15,0.0003195488721803308,False
ETH/USDT:USDT,trend,short,2025-02-21 15:45:00+00:00,2025-02-22 00:30:00+00:00,2721.433325,2675.390100179322,0.66636365864181,28.742405354195796,0.7602569250201541,stop_loss,2.10036754585595,-0.16124115287735336,35,0.0003195488721803308,False
ETH/USDT:USDT,trend,short,2025-02-24 04:30:00+00:00,2025-02-24 14:45:00+00:00,2704.908284,2651.9301748866296,0.3769281683444167,18.968790674836104,1.4778141315988444,partial_tp,1.0095716542125328,-0.009420698595256497,41,-0.07434986698893908,True
ETH/USDT:USDT,trend,short,2025-02-24 04:30:00+00:00,2025-02-24 22:30:00+00:00,2704.908284,2592.7050293032635,1.1307845050332501,123.50464519238562,3.1298881401634198,stop_loss,3.5050075866844734,-0.1319509537010926,72,-0.07434986698893908,True
ETH/USDT:USDT,trend,short,2025-02-25 07:15:00+00:00,2025-02-25 11:45:00+00:00,2364.760359,2433.357998651617,0.8068961541079636,-57.277976014101746,-1.0107530804390579,stop_loss,1.9357916248719542,-0.008987226543991755,18,-0.0885756356714057,True
ETH/USDT:USDT,trend,short,2025-02-26 18:30:00+00:00,2025-02-26 22:00:00+00:00,2317.514537,2373.850343248117,0.979362338419493,-57.47043998365281,-1.0127992099075624,stop_loss,2.2972730397494407,0.0,14,-0.12233684724805982,True
ETH/USDT:USDT,trend,short,2025-02-28 02:45:00+00:00,2025-02-28 13:00:00+00:00,2166.0000050000003,2139.4848759029633,0.6436818146511993,15.466251595299337,0.4199485282049768,stop_loss,1.6180502961719458,-0.01699547857964794,41,-0.20647214515316437,True
ETH/USDT:USDT,trend,short,2025-02-28 02:45:00+00:00,2025-02-28 06:45:00+00:00,2166.0000050000003,2071.912896114823,0.21456060488373313,19.732742416411405,1.4901584206809249,partial_tp,0.45464457775388645,0.0,16,-0.20647214515316437,True
ETH/USDT:USDT,trend,long,2025-02-28 14:15:00+00:00,2025-02-28 16:30:00+00:00,2165.6695059999997,2236.293051279255,0.28595013513269857,19.557712888972848,1.4858806504866438,partial_tp,0.6293708940515411,0.007728533128910437,9,-0.20647214515316437,False
ETH/USDT:USDT,trend,long,2025-02-28 14:15:00+00:00,2025-03-01 06:15:00+00:00,2165.6695059999997,2236.378994665626,0.8578504053980958,58.33926591188656,1.487688852189648,stop_loss,2.1977862893857756,0.12111131602732485,64,-0.20647214515316437,False
ETH/USDT:USDT,trend,long,2025-03-02 21:45:00+00:00,2025-03-03 01:00:00+00:00,2524.097002,2460.185822145843,0.8667331026609305,-57.55395666807012,-1.011686612442087,stop_loss,2.1600214583557555,0.0,13,0.009088175750165295,True
ETH/USDT:USDT,trend,short,2025-03-03 18:30:00+00:00,2025-03-03 19:45:00+00:00,2191.652307,2109.2543784344703,0.24599213333521588,19.740247624824487,1.488571914733095,partial_tp,0.5289946054128589,0.0,5,-0.08012143894010704,True
ETH/USDT:USDT,trend,short,2025-03-03 18:30:00+00:00,2025-03-04 03:45:00+00:00,2191.652307,2086.475255867973,0.7379764000056477,75.77003835555405,1.9000915085513312,stop_loss,1.8481432020691098,0.0,37,-0.08012143894010704,True
ETH/USDT:USDT,trend,short,2025-03-09 17:00:00+00:00,2025-03-09 23:00:00+00:00,2048.905144,1995.0229262511136,0.37818886135832464,19.612970301760964,1.4835263933689629,partial_tp,0.7646842761516179,0.0,24,-0.06971172673703419,True
ETH/USDT:USDT,trend,short,2025-03-09 17:00:00+00:00,2025-03-10 00:45:00+00:00,2048.905144,2042.4872919990391,1.134566584074974,4.474292225502043,0.17670120551706145,stop_loss,2.7084151218310955,0.09877307449556999,31,-0.06971172673703419,True
ETH/USDT:USDT,trend,short,2025-03-10 14:15:00+00:00,2025-03-10 17:00:00+00:00,2019.394,1950.048247226476,0.29527991134161086,19.91082996836758,1.4874552965853491,partial_tp,0.5860482774183393,-0.0204705149024722,11,-0.1677966479948224,True
ETH/USDT:USDT,trend,short,2025-03-10 14:15:00+00:00,2025-03-10 21:00:00+00:00,2019.394,1890.9393854768539,0.8858397340248325,111.84197603934452,2.755330919361409,stop_loss,2.0301075837115103,-0.0818820596098888,27,-0.1677966479948224,True
ETH/USDT:USDT,trend,short,2025-03-11 00:30:00+00:00,2025-03-11 02:00:00+00:00,1813.235866,1868.8212050234288,1.0126882116433427,-58.15500546443673,-1.010185908875331,stop_loss,1.86438789521172,0.0,6,-0.1266183324702228,True
ETH/USDT:USDT,trend,long,2025-03-19 10:45:00+00:00,2025-03-19 11:00:00+00:00,1973.471864,1999.7444459224869,0.7735399197879415,18.786170200103754,1.46650297364941,partial_tp,1.536720712838791,0.0,1,0.07558130406795094,True
ETH/USDT:USDT,trend,long,2025-03-19 10:45:00+00:00,2025-03-19 12:30:00+00:00,1973.471864,1999.2869062664038,2.3206197593638245,54.53398628780444,1.4409636768955536,stop_loss,5.372910884424233,0.0,7,0.07558130406795094,True
ETH/USDT:USDT,trend,long,2025-03-19 15:45:00+00:00,2025-03-19 17:30:00+00:00,2048.484361,2019.6179851251322,1.9744601629449101,-61.281683109208885,-1.0214458809707918,stop_loss,4.0161530106034,0.27002088508543026,7,0.07558130406795094,True
ETH/USDT:USDT,trend,long,2025-03-24 08:30:00+00:00,2025-03-25 01:30:00+00:00,2082.9246900000003,2061.477085377374,2.664194604120023,-62.831647460667114,-1.029700390309531,stop_loss,5.5207464236329225,0.17030853013331276,68,0.012261520720510122,True
ETH/USDT:USDT,trend,short,2025-03-28 04:45:00+00:00,2025-03-28 11:15:00+00:00,1935.729107,1893.2805871302007,0.4810232727792743,19.497804565119917,1.480200061820967,partial_tp,0.9209213872870388,0.0,26,-0.05435411471321694,True
ETH/USDT:USDT,trend,short,2025-03-28 04:45:00+00:00,2025-03-28 11:30:00+00:00,1935.729107,1890.9815218447218,1.443069818337823,61.347218899952956,1.560369560972751,stop_loss,3.226670681130806,0.0,27,-0.05435411471321694,True
ETH/USDT:USDT,trend,short,2025-03-29 17:00:00+00:00,2025-03-30 01:00:00+00:00,1815.475194,1835.9220161793528,2.793623005947709,-62.27539565890704,-1.0276741852067428,stop_loss,5.100313625105161,0.05436919504031157,32,-0.12165390475915805,True
ETH/USDT:USDT,trend,long,2025-03-30 01:15:00+00:00,2025-03-30 13:30:00+00:00,1835.9206109999998,1818.1045571994246,3.2003281389698635,-62.746805874166164,-1.0315912306335613,stop_loss,5.847039783146354,-0.1174522123620379,49,-0.12503752626838782,False
ETH/USDT:USDT,trend,short,2025-04-06 17:00:00+00:00,2025-04-06 17:15:00+00:00,1719.234075,1684.1201950899342,0.5785969843162506,19.33219976499015,1.4787296792146203,partial_tp,0.9845852586169351,0.0,1,-0.17027008575734814,True
ETH/USDT:USDT,trend,short,2025-04-06 17:00:00+00:00,2025-04-06 22:00:00+00:00,1719.234075,1607.0111345886223,1.7357909529487519,191.41135968276546,4.725977109338665,stop_loss,3.3842049966108974,0.0,20,-0.17027008575734814,True
ETH/USDT:USDT,trend,short,2025-04-07 06:30:00+00:00,2025-04-07 10:15:00+00:00,1467.7295490000001,1513.5556505070167,1.2344817907255243,-58.42914369035575,-1.0100046020739677,stop_loss,1.8401711458754622,0.017484694128820265,15,-0.13469706259405823,True
ETH/USDT:USDT,trend,long,2025-04-07 14:00:00+00:00,2025-04-07 16:15:00+00:00,1587.816202,1531.8631504688858,1.0040656849823333,-57.69170218689747,-1.0082838180692666,stop_loss,1.566181492980957,-0.055018318523432475,9,-0.13469706259405823,False
ETH/USDT:USDT,trend,short,2025-04-09 01:15:00+00:00,2025-04-09 02:30:00+00:00,1396.390957,1433.8789988684864,1.495776996227024,-58.19047700702768,-1.0116043662891487,stop_loss,2.1167263465502786,0.0,5,-0.08110266138757793,True
ETH/USDT:USDT,trend,long,2025-04-09 07:45:00+00:00,2025-04-09 11:00:00+00:00,1483.3448700000001,1451.700584131952,1.7668041108067358,-58.50207954209353,-1.013958980516206,stop_loss,2.592825186882478,0.0,13,-0.08110266138757793,False
ETH/USDT:USDT,trend,long,2025-04-09 21:00:00+00:00,2025-04-10 01:30:00+00:00,1674.142092,1629.9508799573257,1.2550215420618966,-57.74438545076556,-1.0111924192887534,stop_loss,2.0733539283908793,0.21010843899325696,18,-0.08110266138757793,False
ETH/USDT:USDT,trend,long,2025-04-21 00:30:00+00:00,2025-04-21 02:00:00+00:00,1614.264134,1634.481193518144,0.9880151307921385,18.36985593421237,1.4644700980130414,partial_tp,1.6049047698390941,0.0,6,0.0013066257341842746,True
ETH/USDT:USDT,trend,long,2025-04-21 00:30:00+00:00,2025-04-21 10:00:00+00:00,1614.264134,1638.2264157668928,2.9640453923764154,65.40756735334836,1.735764050963198,stop_loss,5.617723508635731,0.0,38,0.0013066257341842746,True
ETH/USDT:USDT,trend,short,2025-04-21 11:30:00+00:00,2025-04-21 14:30:00+00:00,1623.982659,1637.8523255588004,4.1093836189608295,-63.6978461838329,-1.036716363496909,stop_loss,6.7020656266496434,0.0,12,0.0013066257341842746,False
ETH/USDT:USDT,trend,short,2025-04-21 17:00:00+00:00,2025-04-22 00:30:00+00:00,1582.515103,1549.7225572930272,0.6163160791637432,19.245348979018885,1.4790372183557048,partial_tp,0.9652242169004075,0.0,30,0.0013066257341842746,False
ETH/USDT:USDT,trend,short,2025-04-21 17:00:00+00:00,2025-04-22 00:45:00+00:00,1582.515103,1559.9719389267034,1.8489482374912296,38.28833079029341,1.0167609121244645,stop_loss,3.392812690503887,0.0,31,0.0013066257341842746,False
ETH/USDT:USDT,trend,long,2025-04-22 07:45:00+00:00,2025-04-22 13:30:00+00:00,1619.08558,1645.0482243659155,0.7788274698588205,18.94904466885126,1.4720106872428265,partial_tp,1.271098536067476,0.0002774174316663862,23,0.10912663314043125,True
ETH/USDT:USDT,trend,long,2025-04-22 07:45:00+00:00,2025-04-22 16:45:00+00:00,1619.08558,1686.0434539161147,2.3364824095764614,151.6464935190655,3.796327701078638,stop_loss,4.491682087440873,0.30771898113431007,36,0.10912663314043125,True
ETH/USDT:USDT,trend,long,2025-04-22 21:30:00+00:00,2025-04-22 21:45:00+00:00,1728.808487,1768.3422219343906,0.5222783043123674,19.734369073574612,1.480132165680856,partial_tp,0.9132429710935237,0.0,1,0.10912663314043125,True
ETH/USDT:USDT,trend,long,2025-04-22 21:30:00+00:00,2025-04-23 07:00:00+00:00,1728.808487,1775.3579704196566,1.5668349129371024,69.55775313234963,1.742799859907124,stop_loss,3.1966847556497164,0.18091791310531427,38,0.10912663314043125,True
ETH/USDT:USDT,trend,long,2025-04-30 18:15:00+00:00,2025-05-01 02:00:00+00:00,1780.03385,1812.8210470828756,0.6328060128787542,19.54998097284589,1.4755180097358487,partial_tp,1.1367900911374607,0.0611643955010391,31,0.005011856909803436,True
ETH/USDT:USDT,trend,long,2025-04-30 18:15:00+00:00,2025-05-01 13:30:00+00:00,1780.03385,1834.7344476331402,1.8984180386362626,99.45349877971074,2.461683953861598,stop_loss,3.9943787325624833,0.3967237586641984,77,0.005011856909803436,True
ETH/USDT:USDT,trend,long,2025-05-06 19:00:00+00:00,2025-05-06 20:30:00+00:00,1786.215704,1767.876637798727,3.1917742275686902,-64.20608902837542,-1.029790315614595,stop_loss,5.671930169476216,0.0,6,-0.011414170553943781,False
ETH/USDT:USDT,trend,long,2025-05-06 22:30:00+00:00,2025-05-07 00:15:00+00:00,1805.1413799999998,1834.5862747679073,0.706605271311344,19.51999248271291,1.4724687591714407,partial_tp,1.2859253734983396,0.0,7,-0.011414170553943781,False
ETH/USDT:USDT,trend,long,2025-05-06 22:30:00+00:00,2025-05-07 02:45:00+00:00,1805.1413799999998,1820.5046491250557,2.119815813934032,28.086688743599673,0.7682803421000518,stop_loss,4.480612101418327,0.0,17,-0.011414170553943781,False
ETH/USDT:USDT,trend,long,2025-05-08 04:00:00+00:00,2025-05-08 08:45:00+00:00,1907.1919859999998,1946.91622031277,0.5280326431557782,19.95814496991768,1.4782582941636908,partial_tp,1.0175474715938537,0.0,19,0.20408174401789858,True
ETH/USDT:USDT,trend,long,2025-05-08 04:00:00+00:00,2025-05-08 21:45:00+00:00,1907.1919859999998,2161.2844115597554,1.5840979294673347,398.7813228911246,9.455543752221029,stop_loss,3.725962331417114,0.0,71,0.20408174401789858,True
ETH/USDT:USDT,trend,long,2025-05-09 07:15:00+00:00,2025-05-09 08:45:00+00:00,2309.562661,2398.4386369439767,1.1163404778381791,96.15827353023242,2.247821752123016,stop_loss,3.0575759234010995,0.0,6,0.29671934375812437,True
ETH/USDT:USDT,trend,long,2025-05-09 07:15:00+00:00,2025-05-09 07:30:00+00:00,2309.562661,2368.160067153847,0.37211349261272636,20.93456359103094,1.4820261917982522,partial_tp,0.8703218709236296,0.0,1,0.29671934375812437,True
ETH/USDT:USDT,trend,long,2025-05-10 17:15:00+00:00,2025-05-10 21:45:00+00:00,2479.573649,2541.696380157673,0.3544361130160573,21.12867964569784,1.4818065027868719,partial_tp,0.8898597157693353,0.0,18,0.4190763041172234,True
ETH/USDT:USDT,trend,long,2025-05-10 17:15:00+00:00,2025-05-11 00:15:00+00:00,2479.573649,2534.738372841314,1.063308339048172,55.28815063118095,1.3158379386931423,stop_loss,3.1053051167509853,0.26365513382658046,28,0.4190763041172234,True
ETH/USDT:USDT,trend,long,2025-05-13 17:15:00+00:00,2025-05-13 18:45:00+00:00,2602.590543,2662.2699959757942,0.3709121354012774,21.15943301028132,1.4801849662920403,partial_tp,0.976400332550716,0.0,6,0.21393221967424125,True
ETH/USDT:USDT,trend,long,2025-05-13 17:15:00+00:00,2025-05-13 20:00:00+00:00,2602.590543,2666.7840437402306,1.112736406203832,68.01606663709221,1.592143526648699,stop_loss,3.4143786782352135,0.0,11,0.21393221967424125,True
ETH/USDT:USDT,trend,long,2025-05-18 16:00:00+00:00,2025-05-18 17:15:00+00:00,2572.7716,2544.839105123909,2.2181674174637678,-67.63480868330333,-1.0281087291721693,stop_loss,5.675858660684816,0.0,5,-0.06780059658253046,False
ETH/USDT:USDT,trend,short,2025-05-18 19:45:00+00:00,2025-05-18 20:00:00+00:00,2406.0579660000003,2337.8369100850314,0.3260568090634966,21.47055018966267,1.4847406039361282,partial_tp,0.7733896129144785,0.0,1,-0.06780059658253046,True
ETH/USDT:USDT,trend,short,2025-05-18 19:45:00+00:00,2025-05-18 21:00:00+00:00,2406.0579660000003,2381.772422043767,0.9781704271904899,21.021488066819916,0.5285425843516337,stop_loss,2.733912839402074,0.0,5,-0.06780059658253046,True
ETH/USDT:USDT,trend,long,2025-05-19 00:00:00+00:00,2025-05-19 01:15:00+00:00,2480.483922,2422.5818472197648,1.0518439499269006,-63.48257707852904,-1.012715200834003,stop_loss,2.5786300327237472,0.0,5,-0.03138296648956962,False
ETH/USDT:USDT,trend,short,2025-05-19 04:45:00+00:00,2025-05-19 07:15:00+00:00,2364.170536,2412.137940479219,1.2662322518193705,-63.76183250643029,-1.0153125192444146,stop_loss,3.0239579187781143,0.0,10,-0.03138296648956962,True
ETH/USDT:USDT,trend,long,2025-05-22 08:30:00+00:00,2025-05-23 02:15:00+00:00,2660.577934,2722.849167529027,0.35368886147269757,21.07261258820153,1.4805724806140723,partial_tp,0.952029101180533,0.0,71,0.07664636290514881,True
ETH/USDT:USDT,trend,long,2025-05-22 08:30:00+00:00,2025-05-23 04:30:00+00:00,2660.577934,2684.079776385254,1.0610665844180927,21.630992386264634,0.5587841946814243,stop_loss,3.3060272409890734,0.0,80,0.07664636290514881,True
ETH/USDT:USDT,trend,short,2025-05-23 12:00:00+00:00,2025-05-23 14:00:00+00:00,2542.017166,2587.9994325060807,1.3209845756597862,-64.13020120816266,-1.0171695188876915,stop_loss,3.3883363997526077,0.0,8,0.01137774431513261,False
ETH/USDT:USDT,trend,long,2025-05-27 13:15:00+00:00,2025-05-27 14:30:00+00:00,2667.2899469999998,2635.627109956347,1.9239465926214885,-66.01887204420815,-1.0256195800250758,stop_loss,5.101264601342768,0.0,5,-0.0014566095535565315,False
ETH/USDT:USDT,trend,short,2025-05-30 01:00:00+00:00,2025-05-30 02:30:00+00:00,2593.251791,2630.40666843705,1.6242046873909277,-64.58927137026532,-1.0216929413809248,stop_loss,4.242145277573465,0.0,6,-0.007999905883460223,True
ETH/USDT:USDT,trend,short,2025-05-30 16:45:00+00:00,2025-05-30 18:15:00+00:00,2538.528213,2575.8013068260793,1.6093678546983998,-64.10153781262098,-1.0211642809425105,stop_loss,4.115418763771597,0.0,6,-0.007999905883460223,True
ETH/USDT:USDT,trend,short,2025-05-30 22:45:00+00:00,2025-05-31 01:30:00+00:00,2524.762344,2478.906239379148,0.4701415286141624,20.42287020633024,1.4760690141215937,partial_tp,1.176216198234267,-0.0402272818259941,11,-0.007999905883460223,True
ETH/USDT:USDT,trend,short,2025-05-30 22:45:00+00:00,2025-05-31 04:15:00+00:00,2524.762344,2525.0162116300303,1.4104245858424873,-4.3518157474982,-0.008171783134965038,stop_loss,4.154663727858198,-0.1609091273039764,22,-0.007999905883460223,True
ETH/USDT:USDT,trend,long,2025-06-02 22:15:00+00:00,2025-06-03 00:00:00+00:00,2580.293856,2615.6504652157523,0.607016707729061,19.885040014905137,1.4674226407198636,partial_tp,1.5770125077039485,0.0,7,-0.027577973436800463,False
ETH/USDT:USDT,trend,long,2025-06-02 22:15:00+00:00,2025-06-03 03:00:00+00:00,2580.293856,2611.849409807993,1.8210501231871832,51.80020454744389,1.3096655795169658,stop_loss,5.5107173076238976,0.1533232942184204,19,-0.027577973436800463,False
ETH/USDT:USDT,trend,short,2025-06-05 20:15:00+00:00,2025-06-05 20:45:00+00:00,2471.65828,2402.2414270858108,0.3147102249318277,21.079260358128057,1.4845918748651732,partial_tp,0.7669330365560724,0.0,2,-0.045182582268863625,True
ETH/USDT:USDT,trend,short,2025-06-05 20:15:00+00:00,2025-06-06 02:45:00+00:00,2471.65828,2433.7068102533826,0.9441306747954832,33.126565848338046,0.8116536728432254,stop_loss,2.7045808930162734,0.0,26,-0.045182582268863625,True
ETH/USDT:USDT,trend,long,2025-06-09 21:15:00+00:00,2025-06-09 23:30:00+00:00,2639.4515979999996,2679.3884103435907,0.5442830316230851,20.28945211350231,1.4703961499067189,partial_tp,1.4474771822297023,0.0,9,0.027813797177954624,True
ETH/USDT:USDT,trend,long,2025-06-09 21:15:00+00:00,2025-06-10 02:00:00+00:00,2639.4515979999996,2683.134701561195,1.6328490948692553,65.83313902611134,1.6083273431978293,stop_loss,5.063794469591916,0.4309826152745509,19,0.027813797177954624,True
ETH/USDT:USDT,trend,long,2025-06-10 11:30:00+00:00,2025-06-10 13:15:00+00:00,2789.626637,2753.9100452888956,1.7071508408583287,-65.70543622645444,-1.0236863541106491,stop_loss,4.731826654249239,0.0,7,0.1669526296158148,True
ETH/USDT:USDT,trend,long,2025-06-10 19:30:00+00:00,2025-06-10 21:15:00+00:00,2782.124387,2744.477810518954,1.60862177475033,-65.00420898987016,-1.022366204058587,stop_loss,4.445106317656007,0.0,7,0.1669526296158148,True
ETH/USDT:USDT,trend,long,2025-06-11 15:45:00+00:00,2025-06-11 17:45:00+00:00,2864.869203,2824.7101117435773,1.498527152299561,-64.44248320357823,-1.0215628753461077,stop_loss,4.2629945441525905,0.0,8,0.11915746269259664,True
ETH/USDT:USDT,trend,short,2025-06-12 20:00:00+00:00,2025-06-13 03:45:00+00:00,2682.8049170000004,2514.955029608226,1.2569916381731565,207.11082318032612,4.801652686787466,stop_loss,3.8288142863120855,0.046267453127958345,31,0.046754379012443614,False
ETH/USDT:USDT,trend,short,2025-06-12 20:00:00+00:00,2025-06-12 20:45:00+00:00,2682.8049170000004,2631.1589920483666,0.4189972127243855,20.52623057010273,1.477426039177606,partial_tp,1.113268033204623,0.0,3,0.046754379012443614,False
ETH/USDT:USDT,trend,long,2025-06-13 16:15:00+00:00,2025-06-13 17:45:00+00:00,2567.16992,2527.106137882645,1.5195157510123762,-64.74796432742785,-1.019294013287737,stop_loss,3.8704163549789574,0.0,6,0.027815430248134154,True
ETH/USDT:USDT,trend,short,2025-06-17 15:00:00+00:00,2025-06-17 16:30:00+00:00,2519.433943,2474.498453227236,0.48766885324086634,20.695946124885204,1.4756294126535923,partial_tp,1.217692642415274,0.0,6,-0.050121527383413356,True
ETH/USDT:USDT,trend,short,2025-06-17 15:00:00+00:00,2025-06-17 19:00:00+00:00,2519.433943,2499.0095692325376,1.463006559722599,25.595660180127418,0.6707127666507714,stop_loss,4.285332619896224,0.0,16,-0.050121527383413356,True
ETH/USDT:USDT,trend,short,2025-06-21 21:30:00+00:00,2025-06-21 23:30:00+00:00,2296.820747,2224.3809031601277,0.3058853537517445,21.466802575609442,1.4863122302889336,partial_tp,0.6914846830711009,0.0,8,-0.097710686086382,True
ETH/USDT:USDT,trend,short,2025-06-21 21:30:00+00:00,2025-06-21 23:45:00+00:00,2296.820747,2275.3919141850783,0.9176560612552336,17.215157073945672,0.4396742815188714,stop_loss,2.449141244292425,0.0,9,-0.097710686086382,True
ETH/USDT:USDT,trend,short,2025-06-22 09:30:00+00:00,2025-06-22 12:00:00+00:00,2255.8930290000003,2284.5844845445527,2.13617534072049,-66.13960787341581,-1.0244648576586675,stop_loss,4.84962804976488,0.0,10,-0.1126588786722944,True
ETH/USDT:USDT,trend,short,2025-06-22 13:30:00+00:00,2025-06-22 20:15:00+00:00,2181.1654540000004,2118.5267975741076,0.35260701394794336,21.32877877718389,1.4849377187429929,partial_tp,0.7580508228613277,0.0,27,-0.1126588786722944,True
ETH/USDT:USDT,trend,short,2025-06-22 13:30:00+00:00,2025-06-22 20:45:00+00:00,2181.1654540000004,2172.8395689145773,1.05782104184383,6.119870251737236,0.19737685178307693,stop_loss,2.6874261835970588,0.0,29,-0.1126588786722944,True
ETH/USDT:USDT,trend,long,2025-06-22 22:45:00+00:00,2025-06-23 14:00:00+00:00,2233.519855,2304.117470597304,0.3136853168096447,21.417703067268064,1.4854512875310382,partial_tp,0.7116951010236295,0.01603724635411026,61,-0.1126588786722944,False
ETH/USDT:USDT,trend,long,2025-06-22 22:45:00+00:00,2025-06-23 14:15:00+00:00,2233.519855,2273.0349280917753,0.941055950428934,34.65097439029358,0.831440491359914,stop_loss,2.470771288939398,0.06414898541644104,62,-0.1126588786722944,False
ETH/USDT:USDT,trend,long,2025-06-23 22:15:00+00:00,2025-06-24 22:15:00+00:00,2426.007584,2438.108348,1.1135991461204633,10.722567431980274,0.22491528912661252,time_stop,2.708337674253071,0.044495351572178043,96,-0.04481888178673188,False
ETH/USDT:USDT,trend,long,2025-07-02 03:30:00+00:00,2025-07-02 08:15:00+00:00,2427.0779049999996,2453.8823745990194,0.8165165615822775,19.797208613440937,1.4598930958027745,partial_tp,1.992692452358931,0.0963922862284171,19,0.06082012832052053,True
ETH/USDT:USDT,trend,long,2025-07-02 03:30:00+00:00,2025-07-02 12:15:00+00:00,2427.0779049999996,2438.890011248292,2.4495496847468323,21.598182251328424,0.6433409284622248,stop_loss,6.950589740458561,0.3855691449136684,35,0.06082012832052053,True
ETH/USDT:USDT,trend,long,2025-07-02 15:15:00+00:00,2025-07-02 23:30:00+00:00,2488.886442,2581.4516508648358,1.9551755719985797,175.2134996035222,4.010188019912436,stop_loss,5.767735585951074,0.0,33,0.06082012832052053,True
ETH/USDT:USDT,trend,long,2025-07-02 15:15:00+00:00,2025-07-02 16:00:00+00:00,2488.886442,2522.753155356358,0.6517251906661933,20.43868433334114,1.4672023089559385,partial_tp,1.6331058860686585,0.0,3,0.06082012832052053,True
ETH/USDT:USDT,trend,short,2025-07-04 14:15:00+00:00,2025-07-04 16:00:00+00:00,2515.405152,2484.0851995677695,0.7151742137011863,20.611469063334333,1.4651487704691737,partial_tp,1.7877532905445734,0.0,7,0.0030449134740422323,False
ETH/USDT:USDT,trend,short,2025-07-04 14:15:00+00:00,2025-07-04 22:00:00+00:00,2515.405152,2499.092795053986,2.145522641103559,28.719695266989376,0.7630927848508463,stop_loss,6.278835890446577,0.0,31,0.0030449134740422323,False
ETH/USDT:USDT,trend,long,2025-07-06 21:30:00+00:00,2025-07-06 23:00:00+00:00,2596.0685869999998,2573.0164842390395,2.7557821070736437,-70.64900839370814,-1.0346560932899422,stop_loss,7.122436074631018,0.0,6,0.06884945811578214,True
ETH/USDT:USDT,trend,long,2025-07-09 05:45:00+00:00,2025-07-09 09:00:00+00:00,2627.558031,2605.2660384229443,2.8379814644344523,-70.68959059682881,-1.0363462518902806,stop_loss,7.42532885783439,0.0,13,0.1040504854678761,True
ETH/USDT:USDT,trend,long,2025-07-09 18:15:00+00:00,2025-07-09 19:30:00+00:00,2718.6253429999997,2761.3902548359924,0.5220841228155938,20.896366914974486,1.4714866596143952,partial_tp,1.430514568205988,0.0,5,0.1040504854678761,True
ETH/USDT:USDT,trend,long,2025-07-09 18:15:00+00:00,2025-07-09 20:00:00+00:00,2718.6253429999997,2749.7301811501984,1.5662523684467815,43.72593846356568,1.0702782356483207,stop_loss,4.992087959336844,0.0,7,0.1040504854678761,True
ETH/USDT:USDT,trend,long,2025-07-10 02:15:00+00:00,2025-07-10 14:15:00+00:00,2784.2650289999997,2756.983308278491,2.306429270630125,-69.49392953261933,-1.0312743399320943,stop_loss,6.390248680464811,0.18032162691097434,48,0.17309213795845335,True
ETH/USDT:USDT,trend,long,2025-07-10 21:30:00+00:00,2025-07-11 09:30:00+00:00,2958.497283,3035.469415590911,0.2921095327862663,21.6088462827626,1.482456115850199,partial_tp,0.8754474059309151,0.0,48,0.17309213795845335,True
ETH/USDT:USDT,trend,long,2025-07-10 21:30:00+00:00,2025-07-11 11:00:00+00:00,2958.497283,2985.9607884106754,0.8763285983587988,21.03030326815204,0.5289374243419118,stop_loss,3.0367519344042675,0.0,54,0.17309213795845335,True
ETH/USDT:USDT,trend,long,2025-07-16 14:45:00+00:00,2025-07-16 17:45:00+00:00,3251.67521,3311.686715957226,0.3742351074612287,21.230292152978976,1.4755643200356974,partial_tp,1.2281202278337697,0.0,12,0.13988156635429316,True
ETH/USDT:USDT,trend,long,2025-07-16 14:45:00+00:00,2025-07-16 21:30:00+00:00,3251.67521,3348.412224956249,1.122705322383686,104.29373940635767,2.378571999141979,stop_loss,4.313422156533218,0.0,27,0.13988156635429316,True
ETH/USDT:USDT,trend,long,2025-07-17 07:45:00+00:00,2025-07-17 13:30:00+00:00,3449.4045109999997,3400.509589533364,1.284787207415326,-67.6630856909337,-1.0213153101319026,stop_loss,4.400341004129562,0.4431750788933518,23,0.18178233572523617,True
ETH/USDT:USDT,trend,long,2025-07-18 01:00:00+00:00,2025-07-18 08:30:00+00:00,3576.262557,3600.8619646223547,0.7524969167583394,15.09296260700484,0.40348588017772447,stop_loss,3.148903128132546,0.26911265476607954,30,0.193911869565071,True
ETH/USDT:USDT,trend,long,2025-07-18 01:00:00+00:00,2025-07-18 05:45:00+00:00,3576.262557,3666.6130551398037,0.25083230558611314,21.754450164827553,1.481952363491307,partial_tp,0.9083735944332287,0.0,19,0.193911869565071,True
ETH/USDT:USDT,trend,short,2025-07-18 15:30:00+00:00,2025-07-18 17:15:00+00:00,3545.2161160000005,3609.0965338608285,0.9770120903039913,-65.56049366125708,-1.0172362814754397,stop_loss,3.4949249783644074,-0.3463719008072558,7,0.193911869565071,False
ETH/USDT:USDT,trend,long,2025-07-20 12:00:00+00:00,2025-07-20 16:30:00+00:00,3751.1149969999997,3805.7431568838665,0.41034406527632356,20.711960479801473,1.4692829222714923,partial_tp,1.5504559477906197,0.15392477771879642,18,0.19698051389269589,True
ETH/USDT:USDT,trend,long,2025-07-20 12:00:00+00:00,2025-07-20 17:00:00+00:00,3751.1149969999997,3764.1769032300426,1.2310321958289707,10.068520963494786,0.35131397061356123,stop_loss,5.3954070337119155,0.6156991108751857,20,0.19698051389269589,True
ETH/USDT:USDT,trend,short,2025-07-23 14:00:00+00:00,2025-07-23 15:45:00+00:00,3586.333777,3634.8790725093595,1.2892279786815397,-67.24084802683086,-1.022971931980789,stop_loss,4.654894822801056,0.0,7,0.02287697808457123,False
ETH/USDT:USDT,trend,short,2025-07-23 17:00:00+00:00,2025-07-23 22:30:00+00:00,3562.970788,3615.784808252721,1.1761989718794021,-66.34161879791145,-1.020963044504797,stop_loss,4.221822475842977,0.0,22,0.02287697808457123,False
ETH/USDT:USDT,trend,long,2025-07-23 23:15:00+00:00,2025-07-24 05:00:00+00:00,3630.0887,3582.595942553213,1.3036549279070566,-67.0888315264999,-1.0231614735148378,stop_loss,4.701425938852022,0.47323830224947205,23,0.02287697808457123,True
ETH/USDT:USDT,trend,long,2025-07-24 14:45:00+00:00,2025-07-24 16:30:00+00:00,3735.000164,3678.1747610858174,1.0799607531868112,-65.77553927817196,-1.0198088924237105,stop_loss,4.002968987800632,0.40336535902663034,7,0.03199111187839532,True
ETH/USDT:USDT,trend,long,2025-07-29 00:15:00+00:00,2025-07-29 01:45:00+00:00,3808.982352,3766.513208201315,1.4477491082386256,-66.96837353307751,-1.027342149815848,stop_loss,5.4837084708735615,0.0,6,0.023028978468512262,True
ETH/USDT:USDT,trend,short,2025-07-31 23:45:00+00:00,2025-08-01 00:45:00+00:00,3695.471026,3634.2637196123305,0.3582427452748336,20.614161322494375,1.4737560169698873,partial_tp,1.3129121487022477,0.0,4,-0.011609625668449253,True
ETH/USDT:USDT,trend,short,2025-07-31 23:45:00+00:00,2025-08-01 01:00:00+00:00,3695.471026,3687.0921703331155,1.0747282358245007,4.375930366451145,0.20174697569898453,stop_loss,4.629062402647911,0.0,5,-0.011609625668449253,True
ETH/USDT:USDT,trend,short,2025-08-01 08:15:00+00:00,2025-08-01 12:00:00+00:00,3602.908803,3652.6753023551196,1.2253366843832627,-65.42598399862412,-1.0225077228057204,stop_loss,4.445266685459871,0.0,15,-0.09945834527969988,True
ETH/USDT:USDT,trend,long,2025-08-01 12:45:00+00:00,2025-08-01 14:00:00+00:00,3662.648465,3618.0830826425167,1.36411603889083,-65.75823419264445,-1.0249714776172008,stop_loss,4.9658813394988055,0.0,5,-0.09945834527969988,False
ETH/USDT:USDT,trend,short,2025-08-01 19:30:00+00:00,2025-08-02 00:45:00+00:00,3522.0130790000003,3505.5977766531987,0.7733048342567634,9.522858313207719,0.2869560457951205,stop_loss,3.1711743473603393,0.0,21,-0.09945834527969988,True
ETH/USDT:USDT,trend,short,2025-08-01 19:30:00+00:00,2025-08-01 22:30:00+00:00,3522.0130790000003,3437.236536115412,0.25776827808558783,20.955766586381262,1.4819794974462894,partial_tp,0.8969368950280449,0.0,12,-0.09945834527969988,True
ETH/USDT:USDT,trend,long,2025-08-03 02:45:00+00:00,2025-08-03 11:00:00+00:00,3442.942573,3504.366053933747,0.35495056646628337,20.49903006504874,1.4747509360022564,partial_tp,1.2329755662731154,0.07029372044267285,33,-0.0782133955770068,False
ETH/USDT:USDT,trend,long,2025-08-03 02:45:00+00:00,2025-08-03 12:00:00+00:00,3442.942573,3474.6580540126183,1.0648516993988502,29.19696237175101,0.7614748398836395,stop_loss,4.294146600017085,0.2811748817706914,37,-0.0782133955770068,False
ETH/USDT:USDT,trend,long,2025-08-04 16:45:00+00:00,2025-08-05 04:00:00+00:00,3684.154915,3644.327782929915,1.5331260081063924,-66.68605867937826,-1.0282346357379757,stop_loss,5.617743712077028,0.008302962365576858,45,-0.023433377005621425,False
ETH/USDT:USDT,trend,long,2025-08-07 10:15:00+00:00,2025-08-07 12:45:00+00:00,3798.93934,3848.6724458517338,0.435145701276044,19.977234525667757,1.4659562080139787,partial_tp,1.663912696820696,0.0,10,0.15209791240471393,True
ETH/USDT:USDT,trend,long,2025-08-07 10:15:00+00:00,2025-08-07 14:30:00+00:00,3798.93934,3810.8338878297013,1.305437103828132,9.733997846882463,0.35060923571621444,stop_loss,5.793586223268157,0.0,17,0.15209791240471393,True
ETH/USDT:USDT,trend,long,2025-08-07 19:45:00+00:00,2025-08-07 22:45:00+00:00,3866.639644,3920.281615298536,0.40496298699985295,20.1463054792665,1.4678090596734268,partial_tp,1.576707446349096,0.0,12,0.15209791240471393,True
ETH/USDT:USDT,trend,long,2025-08-07 19:45:00+00:00,2025-08-08 01:45:00+00:00,3866.639644,3875.556957198247,1.2148889609995588,5.347667804040814,0.24400507258557047,stop_loss,5.485877562285172,0.0,24,0.15209791240471393,True
ETH/USDT:USDT,trend,long,2025-08-08 17:45:00+00:00,2025-08-09 05:00:00+00:00,4033.0395489999996,4105.577430646535,0.3015758507234461,20.64846819755584,1.4749482695572542,partial_tp,1.2272051696745936,0.0,45,0.14708154506437765,True
ETH/USDT:USDT,trend,long,2025-08-08 17:45:00+00:00,2025-08-09 05:15:00+00:00,4033.0395489999996,4155.112426368469,0.9047275521703384,106.13053851473255,2.4821675950210103,stop_loss,4.312157013232407,0.0,46,0.14708154506437765,True
ETH/USDT:USDT,trend,long,2025-08-12 16:00:00+00:00,2025-08-12 20:15:00+00:00,4467.179752,4561.010036675754,0.23618881263832112,21.095484813851677,1.478433907138955,partial_tp,1.0661787132303708,0.0,17,0.1742170709241635,True
ETH/USDT:USDT,trend,long,2025-08-12 16:00:00+00:00,2025-08-13 06:15:00+00:00,4467.179752,4604.8018731754955,0.7085664379149633,93.45628702195854,2.168438591243175,stop_loss,3.741599793223716,0.3165293644400489,57,0.1742170709241635,True
ETH/USDT:USDT,trend,short,2025-08-14 21:45:00+00:00,2025-08-14 23:15:00+00:00,4474.85714,4555.712531122054,0.7615208151437093,-65.01154674461264,-1.0171885716062175,stop_loss,3.438483388582463,0.0,6,0.06718790354769788,False
ETH/USDT:USDT,trend,short,2025-08-15 15:00:00+00:00,2025-08-15 22:45:00+00:00,4480.095568,4454.297155099292,0.7047636151436596,14.711641175261828,0.40264688245993985,stop_loss,3.674552182104459,-0.20441061649436973,31,0.04433989130972016,False
ETH/USDT:USDT,trend,short,2025-08-15 15:00:00+00:00,2025-08-15 16:00:00+00:00,4480.095568,4385.302682855553,0.23492120504788652,21.227523787939113,1.47947316874469,partial_tp,1.041335020160206,0.0,4,0.04433989130972016,False
ETH/USDT:USDT,trend,long,2025-08-18 12:45:00+00:00,2025-08-18 14:00:00+00:00,4342.9224859999995,4284.887217380623,1.0641031419306213,-66.34595138733948,-1.0226584165194124,stop_loss,4.590439706673411,0.0,5,-0.09195576587334187,False
ETH/USDT:USDT,trend,short,2025-08-19 23:45:00+00:00,2025-08-20 02:00:00+00:00,4072.717818,4127.155050613251,1.1288743486355701,-65.62134991213438,-1.023266688090627,stop_loss,4.628313071725134,-0.459758667397123,9,-0.10369483813907243,True
ETH/USDT:USDT,trend,long,2025-08-22 17:15:00+00:00,2025-08-23 02:15:00+00:00,4844.1228009999995,4736.480834870241,0.562295813179995,-63.22019353331956,-1.0133813094851847,stop_loss,2.693566656093437,0.0,36,0.0804601557711837,True
ETH/USDT:USDT,trend,short,2025-08-23 02:30:00+00:00,2025-08-23 05:45:00+00:00,4694.611194000001,4763.827883567672,0.8764282998381764,-64.80828739815853,-1.0210763023729816,stop_loss,4.144821839937803,0.0,13,0.10796826331890008,False
ETH/USDT:USDT,trend,short,2025-08-25 08:00:00+00:00,2025-08-25 13:15:00+00:00,4588.083162,4653.68455631076,0.9202803903784266,-64.62418556747224,-1.0217377350391685,stop_loss,4.252508801796884,0.0,21,0.00917060791325408,False
ETH/USDT:USDT,trend,short,2025-08-25 19:45:00+00:00,2025-08-26 01:00:00+00:00,4417.4243750000005,4313.8725639500735,0.2101809995675644,20.840185484854224,1.4814902986956076,partial_tp,0.9175763590748709,0.006861309576115498,21,0.00917060791325408,False
ETH/USDT:USDT,trend,short,2025-08-25 19:45:00+00:00,2025-08-26 01:45:00+00:00,4417.4243750000005,4418.7496023125,0.6305429987026931,-4.113081195573347,-0.01895970130438841,stop_loss,3.2500231536824753,0.02744523830446199,24,0.00917060791325408,False
ETH/USDT:USDT,trend,short,2025-08-29 09:00:00+00:00,2025-08-29 12:30:00+00:00,4324.582236,4374.730850608685,1.2049934187850122,-65.67005807330766,-1.0268656283208282,stop_loss,5.241307508656899,0.0,14,-0.08782793952686296,True
ETH/USDT:USDT,trend,short,2025-08-29 14:15:00+00:00,2025-08-29 19:30:00+00:00,4293.631524,4361.240713411518,0.8826297191919983,-63.493403591361286,-1.0197278424954381,stop_loss,3.819523726274576,0.0,21,-0.08782793952686296,True
ETH/USDT:USDT,trend,long,2025-09-02 03:00:00+00:00,2025-09-02 12:00:00+00:00,4382.4143300000005,4329.3649370043095,1.1246711705385304,-64.56206640966988,-1.025105205345292,stop_loss,4.898943492847519,0.0,36,-0.04091947395267348,False
ETH/USDT:USDT,trend,long,2025-09-12 14:15:00+00:00,2025-09-12 17:30:00+00:00,4558.56716,4606.978427841969,0.43589137910803183,19.104463150723486,1.4583529793735444,partial_tp,1.9975911532809862,0.0,13,0.09456438901074393,True
ETH/USDT:USDT,trend,long,2025-09-12 14:15:00+00:00,2025-09-12 23:00:00+00:00,4558.56716,4685.855777978875,1.3076741373240954,159.41416724839777,3.8344737402002638,stop_loss,7.037866458304794,0.0,35,0.09456438901074393,True
ETH/USDT:USDT,trend,long,2025-09-13 03:45:00+00:00,2025-09-13 05:30:00+00:00,4756.176425,4714.513297959791,1.4602272099313025,-67.75231117007847,-1.0351512166714465,stop_loss,6.914679415141318,0.0,7,0.08382009210079988,True
ETH/USDT:USDT,trend,short,2025-09-22 00:30:00+00:00,2025-09-22 02:15:00+00:00,4357.702297000001,4303.226829107489,0.39293378459144546,19.703665936594632,1.465285844084204,partial_tp,1.7015858297998483,0.0,7,-0.08531264302682917,True
ETH/USDT:USDT,trend,short,2025-09-22 00:30:00+00:00,2025-09-22 06:15:00+00:00,4357.702297000001,4089.942861306706,1.1788013537743365,309.7999932788579,7.202216445676276,stop_loss,5.835192002250105,0.0,23,-0.08531264302682917,True
ETH/USDT:USDT,trend,short,2025-09-25 01:30:00+00:00,2025-09-25 03:15:00+00:00,4081.425205,4031.5938762298797,0.44141825778769456,20.20584095483492,1.464465960850351,partial_tp,1.790617374117408,0.0,7,-0.13513477302619104,True
ETH/USDT:USDT,trend,short,2025-09-25 01:30:00+00:00,2025-09-25 05:15:00+00:00,4081.425205,4039.6672706028626,1.3242547733630836,49.02013841168075,1.2272013415925243,stop_loss,6.278005539511,0.0,15,-0.13513477302619104,True
ETH/USDT:USDT,trend,short,2025-09-25 17:15:00+00:00,2025-09-26 02:00:00+00:00,3897.870288,3958.635625666306,1.014242099849173,-65.26010743946485,-1.0199273634874926,stop_loss,3.9841995276771804,-0.35485576093067206,35,-0.13513477302619104,True
ETH/USDT:USDT,trend,long,2025-10-02 06:30:00+00:00,2025-10-02 14:45:00+00:00,4403.060522,4363.827711329594,1.5847874064262348,-69.12249130202673,-1.0345313363853266,stop_loss,6.946827032863542,0.0,33,0.11568056838295138,True
ETH/USDT:USDT,trend,long,2025-10-02 18:30:00+00:00,2025-10-03 03:00:00+00:00,4482.514351,4551.021049464514,0.32069902629877284,20.521508489031223,1.4706812186282316,partial_tp,1.4485230034822325,0.0,34,0.11568056838295138,True
ETH/USDT:USDT,trend,long,2025-10-02 18:30:00+00:00,2025-10-03 03:45:00+00:00,4482.514351,4501.9303944465955,0.9620970788963186,13.639395667275991,0.41681778682954707,stop_loss,5.040723016417761,0.0,37,0.11568056838295138,True
ETH/USDT:USDT,trend,long,2025-10-06 14:00:00+00:00,2025-10-06 17:15:00+00:00,4641.712095999999,4704.868256950607,0.34803697388056426,20.35420136807722,1.4672000900185176,partial_tp,1.6264777710862328,0.0,13,0.0774486003888768,True
ETH/USDT:USDT,trend,long,2025-10-06 14:00:00+00:00,2025-10-06 21:15:00+00:00,4641.712095999999,4670.954893163526,1.0441109216416928,24.863251525534114,0.6793483641964007,stop_loss,5.669472372257175,0.0,29,0.0774486003888768,True
ETH/USDT:USDT,trend,short,2025-10-07 15:00:00+00:00,2025-10-07 18:30:00+00:00,4550.414466,4448.667909208699,0.21882697013848704,21.379845120614103,1.480585123458533,partial_tp,0.9846209650967896,-0.09957534104691215,14,-0.008019278398821772,True
ETH/USDT:USDT,trend,short,2025-10-07 15:00:00+00:00,2025-10-08 02:15:00+00:00,4550.414466,4488.412592061385,0.6564809104154611,37.674022844859586,0.902232518475878,stop_loss,3.464785413316582,-0.43576160748949694,45,-0.008019278398821772,True
ETH/USDT:USDT,trend,short,2025-10-09 08:30:00+00:00,2025-10-09 11:30:00+00:00,4335.708897,4382.481658160564,1.3297180276830187,-67.99095129469951,-1.0289132454126202,stop_loss,5.796367574986414,0.0,12,-0.026525210767951224,True
ETH/USDT:USDT,trend,short,2025-10-10 19:00:00+00:00,2025-10-10 21:15:00+00:00,4027.9212610000004,3764.9295492511533,0.7116756382525424,183.9140410378511,4.151819536801945,stop_loss,3.2507532761383597,0.0,9,-0.15343480322848024,True
ETH/USDT:USDT,trend,short,2025-10-10 19:00:00+00:00,2025-10-10 20:45:00+00:00,4027.9212610000004,3934.0855463729595,0.23722521275084746,21.315802986626224,1.4813735027907338,partial_tp,0.9443943794013732,0.0,7,-0.15343480322848024,True
ETH/USDT:USDT,trend,long,2025-10-12 15:00:00+00:00,2025-10-12 16:45:00+00:00,4031.209,4137.623135713103,0.2129462571606245,21.829900995275533,1.482699592203149,partial_tp,0.8697611143367681,-0.03917020052428088,7,-0.06652855754696618,False
ETH/USDT:USDT,trend,long,2025-10-12 15:00:00+00:00,2025-10-12 21:15:00+00:00,4031.209,4096.889075729533,0.6388387714818735,39.09017216320579,0.9151398998588096,stop_loss,3.0254875287827296,-0.1566808020971235,25,-0.06652855754696618,False
ETH/USDT:USDT,trend,short,2025-10-14 05:45:00+00:00,2025-10-14 06:30:00+00:00,4067.319438,3989.990875620759,0.2933978338867937,21.50603400316403,1.4771416387103908,partial_tp,1.1819986964850266,0.0,3,-0.05560912816119723,True
ETH/USDT:USDT,trend,short,2025-10-14 05:45:00+00:00,2025-10-14 11:00:00+00:00,4067.319438,3976.6661807931,0.880193501660381,75.66820630593496,1.7316719305903316,stop_loss,4.136803290973049,-0.012601699047536026,21,-0.05560912816119723,True
ETH/USDT:USDT,trend,long,2025-10-14 15:45:00+00:00,2025-10-15 08:30:00+00:00,4084.474975,4205.760499795202,0.18948816209738242,22.17587770718261,1.4845516380153982,partial_tp,0.7854507417367318,0.02084273353999837,67,-0.05560912816119723,False
ETH/USDT:USDT,trend,long,2025-10-14 15:45:00+00:00,2025-10-15 09:30:00+00:00,4084.474975,4140.630597436189,0.5684644862921473,29.114286091404598,0.6873526038015463,stop_loss,2.7248200350395595,0.08337093415999348,71,-0.05560912816119723,False
ETH/USDT:USDT,trend,short,2025-10-17 08:00:00+00:00,2025-10-17 11:15:00+00:00,3739.997664,3793.76796095126,1.1813988712581946,-67.97435922825736,-1.0216176104269636,stop_loss,4.450191102820604,0.0,13,-0.0771086195388423,True
ETH/USDT:USDT,trend,long,2025-10-21 15:00:00+00:00,2025-10-21 17:15:00+00:00,4032.1992969999997,3966.5800448983077,0.9598191724909669,-67.12024000871516,-1.0184751055043795,stop_loss,3.838690884439337,0.2989328725537359,9,-0.005372531487505161,False
ETH/USDT:USDT,trend,short,2025-10-21 20:30:00+00:00,2025-10-21 23:30:00+00:00,3952.104013,3862.3570771859613,0.253716706508417,21.778967308490145,1.4808862683444275,partial_tp,0.9913296654700781,0.0,12,-0.005372531487505161,True
ETH/USDT:USDT,trend,short,2025-10-21 20:30:00+00:00,2025-10-22 04:30:00+00:00,3952.104013,3882.84857873787,0.761150119525251,49.230637108577035,1.1427623759715675,stop_loss,3.4831449578165063,0.0,32,-0.005372531487505161,True
ETH/USDT:USDT,trend,long,2025-10-26 13:00:00+00:00,2025-10-26 22:00:00+00:00,4070.4407659999997,4121.727445787907,0.4416557284925638,20.66222356575811,1.4646761638063006,partial_tp,1.8090590097554058,0.17977334817935595,36,0.07368945857906373,True
ETH/USDT:USDT,trend,long,2025-10-26 13:00:00+00:00,2025-10-26 22:15:00+00:00,4070.4407659999997,4125.9910311417625,1.3249671854776914,66.55431673919738,1.5864382249491016,stop_loss,6.328868325506168,0.7190933927174238,37,0.07368945857906373,True
ETH/USDT:USDT,trend,long,2025-10-27 05:15:00+00:00,2025-10-27 07:30:00+00:00,4247.143760999999,4207.783204461859,1.6351488334832553,-71.27290009097248,-1.0331439704693202,stop_loss,6.912531982380539,0.0,9,0.08268816723756767,True
ETH/USDT:USDT,trend,short,2025-10-27 08:30:00+00:00,2025-10-27 17:15:00+00:00,4177.54636,4220.067551931977,1.5013562202287363,-69.6524526568797,-1.0306780671141114,stop_loss,6.303904940879223,-0.49090828261211095,35,0.08268816723756767,False
ETH/USDT:USDT,trend,short,2025-10-30 13:45:00+00:00,2025-10-30 19:45:00+00:00,3763.530602,3685.7452473235294,0.29276730327921563,21.682556322352852,1.478982478862495,partial_tp,1.090452200894719,0.0,24,-0.03781390347270541,True
ETH/USDT:USDT,trend,short,2025-10-30 13:45:00+00:00,2025-10-30 20:45:00+00:00,3763.530602,3754.8178728037096,0.8783019098376469,3.799797428299194,0.16566066810369398,stop_loss,3.8526092647007006,0.0,28,-0.03781390347270541,True
ETH/USDT:USDT,trend,short,2025-11-03 15:30:00+00:00,2025-11-03 17:15:00+00:00,3600.139634,3658.799079397895,1.0722053360073125,-66.76627990800836,-1.0190630617365246,stop_loss,3.89153641112764,-0.020226865971958156,7,-0.07646178064701392,True
ETH/USDT:USDT,trend,short,2025-11-04 05:45:00+00:00,2025-11-04 14:45:00+00:00,3489.25291,3542.214562616356,1.1827633231156023,-66.79938116336069,-1.0204693612976867,stop_loss,4.158280917145493,0.0,36,-0.13608919743347003,True
ETH/USDT:USDT,trend,short,2025-11-04 17:00:00+00:00,2025-11-04 18:30:00+00:00,3382.954809,3285.040184858066,0.23148646952130666,21.89413534716501,1.4850573597862773,partial_tp,0.7717753099569753,0.0,6,-0.13608919743347003,True
ETH/USDT:USDT,trend,short,2025-11-04 17:00:00+00:00,2025-11-04 21:45:00+00:00,3382.954809,3183.6242827443875,0.69445940856392,135.7552939233942,3.023218111084935,stop_loss,2.671665448813273,0.0,19,-0.13608919743347003,True
ETH/USDT:USDT,trend,long,2025-11-05 03:00:00+00:00,2025-11-05 17:15:00+00:00,3316.624689,3441.2879091574114,0.1844894273379757,22.37165043716812,1.4876762561782433,partial_tp,0.6233817126170762,0.004013947163570028,57,-0.11006598343394636,False
ETH/USDT:USDT,trend,long,2025-11-05 03:00:00+00:00,2025-11-05 22:00:00+00:00,3316.624689,3412.932786692154,0.5534682820139271,51.11918218287455,1.1492986466529531,stop_loss,2.1682394021769595,0.01605578865428011,76,-0.11006598343394636,False
ETH/USDT:USDT,trend,long,2025-11-07 20:45:00+00:00,2025-11-08 00:30:00+00:00,3464.1789419999996,3411.9938593925626,1.2158887748551155,-67.63158681885811,-1.0200133261956061,stop_loss,4.180330661588635,0.0,15,-0.12047736119647612,False
ETH/USDT:USDT,trend,long,2025-11-10 00:45:00+00:00,2025-11-10 05:30:00+00:00,3635.2302419999996,3588.290533702073,1.3489802388588885,-68.19293230240808,-1.0234788957502607,stop_loss,4.872193390704362,0.0,19,0.04186897103760967,True
ETH/USDT:USDT,trend,short,2025-11-12 15:45:00+00:00,2025-11-13 04:15:00+00:00,3425.3120980000003,3481.5397578775687,1.114955848820623,-66.27291303107354,-1.0189213890191304,stop_loss,3.8504174368241357,-0.26886265174216023,50,-0.006085558881421926,True
ETH/USDT:USDT,trend,short,2025-11-13 17:00:00+00:00,2025-11-13 18:45:00+00:00,3292.91183,3197.917656164808,0.23916258721981853,21.942870598676834,1.4850069571915503,partial_tp,0.7761817865569305,0.0,7,-0.04998426502983766,True
ETH/USDT:USDT,trend,short,2025-11-13 17:00:00+00:00,2025-11-13 23:15:00+00:00,3292.91183,3243.42926039361,0.7174877616594556,32.764495082477524,0.7735417569154281,stop_loss,2.738643025569392,0.0,25,-0.04998426502983766,True
ETH/USDT:USDT,trend,short,2025-11-14 04:45:00+00:00,2025-11-14 06:45:00+00:00,3160.5615470000002,3223.281871655316,0.9953965576865249,-65.60882314075229,-1.0156540522643147,stop_loss,3.17722788186964,0.0,8,-0.1312676087800274,True
ETH/USDT:USDT,trend,long,2025-11-17 00:30:00+00:00,2025-11-17 13:00:00+00:00,3125.23729,3176.804043035045,0.7254038415840187,34.743115063895736,0.8157435676109883,stop_loss,2.663605685740384,0.0,50,-0.11232005062312145,False
ETH/USDT:USDT,trend,long,2025-11-17 00:30:00+00:00,2025-11-17 11:30:00+00:00,3125.23729,3219.0928959632215,0.24180128052800623,21.927372125109738,1.484718395914849,partial_tp,0.7670335815291955,0.0,44,-0.11232005062312145,False
ETH/USDT:USDT,trend,short,2025-11-18 03:15:00+00:00,2025-11-18 07:30:00+00:00,2963.5406709999997,3026.0141473246003,0.9977051405138021,-65.31801329063717,-1.0147408115693006,stop_loss,2.987904815815833,0.0,17,-0.03341052344804529,True
ETH/USDT:USDT,trend,short,2025-11-19 17:15:00+00:00,2025-11-19 21:15:00+00:00,2932.839884,2992.143601517826,1.0460861828429224,-65.13582116550394,-1.0153643219592643,stop_loss,3.0990216788863485,0.0,16,-0.027998842890203046,True
ETH/USDT:USDT,trend,long,2025-11-19 23:15:00+00:00,2025-11-20 15:45:00+00:00,3012.7935669999997,2958.7762170261135,1.1438550395497133,-65.71801292278316,-1.0167119972544023,stop_loss,3.4153050957405315,0.5146898362923077,66,-0.027998842890203046,False
ETH/USDT:USDT,trend,short,2025-11-21 02:45:00+00:00,2025-11-21 07:30:00+00:00,2780.785514,2694.810366797944,0.2611840350475065,21.740266746818214,1.4860307189711626,partial_tp,0.7150691132181561,0.0,19,-0.10644947560640583,True
ETH/USDT:USDT,trend,short,2025-11-21 02:45:00+00:00,2025-11-21 07:45:00+00:00,2780.785514,2728.7218425008646,0.7835521051425194,38.272957970279954,0.8998904649539063,stop_loss,2.521641434316312,0.0,20,-0.10644947560640583,True
ETH/USDT:USDT,trend,long,2025-11-21 17:15:00+00:00,2025-11-21 20:15:00+00:00,2794.198008,2720.0982839222665,0.8288892823068221,-63.70583765784521,-1.0111385909194297,stop_loss,2.2853705479193094,0.0,12,-0.10644947560640583,False
ETH/USDT:USDT,trend,long,2025-11-27 02:30:00+00:00,2025-11-27 03:45:00+00:00,3066.1195599999996,3032.9953705590788,1.8757466784473598,-67.85278560630088,-1.028253900799697,stop_loss,5.720197286232445,0.0,5,0.08838378366665944,True
ETH/USDT:USDT,trend,short,2025-12-01 01:00:00+00:00,2025-12-01 15:15:00+00:00,2846.455807,2780.7036483917914,0.33839300906736264,21.2979750938002,1.481213181238226,partial_tp,0.9520957103059449,0.0,57,-0.0752226431560784,True
ETH/USDT:USDT,trend,short,2025-12-01 01:00:00+00:00,2025-12-01 21:00:00+00:00,2846.455807,2770.6313496413395,1.015179027202088,73.56936101123163,1.708114046401246,stop_loss,3.3327849105482477,0.07325293771109324,80,-0.0752226431560784,True
ETH/USDT:USDT,trend,long,2025-12-02 15:00:00+00:00,2025-12-02 15:30:00+00:00,2954.976227,3014.7279314429447,0.3744065879345818,21.25388350128774,1.4776275082488037,partial_tp,1.1175482824707537,0.0,2,-0.006360740593270964,False
ETH/USDT:USDT,trend,long,2025-12-02 15:00:00+00:00,2025-12-02 20:15:00+00:00,2954.976227,2981.563829443549,1.1232197638037453,25.838877126548255,0.6574971059860655,stop_loss,3.8872008432944356,0.13764256690807775,21,-0.006360740593270964,False
ETH/USDT:USDT,trend,long,2025-12-03 02:15:00+00:00,2025-12-03 13:00:00+00:00,3041.1620749999997,3086.8348846044746,0.4892462290067747,20.8297293659657,1.4701820118050482,partial_tp,1.4990497019257352,0.0164707992423033,43,0.05190771668096894,True
ETH/USDT:USDT,trend,long,2025-12-03 02:15:00+00:00,2025-12-03 14:00:00+00:00,3041.1620749999997,3056.8861567250515,1.4677386870203242,17.793850677753056,0.5061493327106071,stop_loss,5.219109191005453,0.0658831969692132,47,0.05190771668096894,True
ETH/USDT:USDT,trend,long,2025-12-03 22:00:00+00:00,2025-12-04 05:00:00+00:00,3166.5496799999996,3184.6911282342376,1.0760288445701134,15.535779295839447,0.4267594564267176,stop_loss,3.98494228647613,0.0,28,0.05190771668096894,True
ETH/USDT:USDT,trend,long,2025-12-03 22:00:00+00:00,2025-12-04 01:00:00+00:00,3166.5496799999996,3229.345247362425,0.3586762815233711,21.376252692924897,1.4772030241234915,partial_tp,1.1470279047802732,0.0,12,0.05190771668096894,True
ETH/USDT:USDT,trend,short,2025-12-11 02:15:00+00:00,2025-12-11 21:30:00+00:00,3217.094582,3268.1169308468884,1.2224390997121917,-66.2272956324831,-1.0195862868533945,stop_loss,3.9638880616038454,-0.10830661871217924,77,0.06561436903307394,False
ETH/USDT:USDT,trend,short,2025-12-15 15:00:00+00:00,2025-12-15 16:30:00+00:00,3032.3700160000003,2967.941995512439,0.3493042973736117,21.47874164167236,1.479558918446127,partial_tp,1.0479673856018976,-0.021724599693999754,6,-0.10820425004288559,True
ETH/USDT:USDT,trend,short,2025-12-15 15:00:00+00:00,2025-12-15 19:00:00+00:00,3032.3700160000003,2957.423486781881,1.0479128921208352,74.95633173089296,1.7211114802550884,stop_loss,3.6680008552612184,-0.08689839877599902,16,-0.10820425004288559,True
ETH/USDT:USDT,trend,long,2025-12-17 15:00:00+00:00,2025-12-17 16:15:00+00:00,3020.215793,2974.3208010126646,1.362695150175307,-66.6287854153168,-1.0198336856390604,stop_loss,4.084362972104731,0.003539444735699413,5,-0.08151549942594727,False
ETH/USDT:USDT,trend,short,2025-12-23 15:00:00+00:00,2025-12-23 16:15:00+00:00,2912.9658480000003,2943.1154062940736,2.0839744026911906,-68.93286945430904,-1.0301593325082086,stop_loss,6.1019617170142855,0.0,5,0.04809889293672409,False
ETH/USDT:USDT,trend,long,2025-12-23 20:45:00+00:00,2025-12-24 02:30:00+00:00,2969.600613,2933.9859909642228,1.7460269201733887,-67.3379993943158,-1.0253485295750633,stop_loss,5.153910568048264,0.0,23,0.04809889293672409,True
ETH/USDT:USDT,trend,short,2025-12-29 09:45:00+00:00,2025-12-29 12:00:00+00:00,2974.457395,2932.8365858863367,0.5321429103051696,20.576456185492127,1.4689560388370904,partial_tp,1.571762305508533,0.0,9,-0.0033194964412147643,True
ETH/USDT:USDT,trend,short,2025-12-29 09:45:00+00:00,2025-12-29 14:30:00+00:00,2974.457395,2946.3760703177513,1.5964287309155087,39.312320990031786,0.9910963373605474,stop_loss,5.517512534876662,0.0,19,-0.0033194964412147643,True
ETH/USDT:USDT,trend,long,2026-01-02 09:15:00+00:00,2026-01-02 10:00:00+00:00,3039.751652,3066.547711713347,0.82004365323317,19.470222680609766,1.45019679489991,partial_tp,2.5037160189774372,0.0,3,0.05908936804990517,True
ETH/USDT:USDT,trend,long,2026-01-02 09:15:00+00:00,2026-01-02 11:15:00+00:00,3039.751652,3039.9764684327833,2.46013095969951,-8.17175034609031,0.012167015365358549,stop_loss,8.724828212630023,0.0,8,0.05908936804990517,True
ETH/USDT:USDT,trend,long,2026-01-02 15:00:00+00:00,2026-01-02 16:30:00+00:00,3074.512077,3126.90680697085,0.42656000969439367,20.895711484531144,1.4736086828406947,partial_tp,1.3226386496328009,0.13114639013706503,6,0.05908936804990517,True
ETH/USDT:USDT,trend,long,2026-01-02 15:00:00+00:00,2026-01-02 18:45:00+00:00,3074.512077,3097.276848829562,1.2796800290831811,24.002348849641944,0.6402622067065407,stop_loss,4.604689466735739,0.5245855605482601,15,0.05908936804990517,True
ETH/USDT:USDT,trend,long,2026-01-04 00:15:00+00:00,2026-01-04 01:45:00+00:00,3139.281502,3140.114050434339,2.7011087100647475,-7.645117950833335,0.049242561418161045,stop_loss,9.893921778377338,0.0,6,0.05756639818048481,True
ETH/USDT:USDT,trend,long,2026-01-04 00:15:00+00:00,2026-01-04 00:45:00+00:00,3139.281502,3163.6927448647643,0.9003695700215825,19.141637135587086,1.4438464796538937,partial_tp,2.8375031062533678,0.0,2,0.05756639818048481,True
ETH/USDT:USDT,trend,long,2026-01-05 01:00:00+00:00,2026-01-05 04:15:00+00:00,3190.276796,3162.039176172968,2.233450070939994,-70.16110428520308,-1.034772473878196,stop_loss,7.093790279341485,0.0,13,0.08527807702666301,True
ETH/USDT:USDT,trend,long,2026-01-06 21:30:00+00:00,2026-01-07 00:45:00+00:00,3290.58688,3254.8527931756153,1.7434360413488903,-68.00587259066722,-1.0281019468086263,stop_loss,5.705777716344635,0.0,13,0.0975756788532185,True
ETH/USDT:USDT,trend,short,2026-01-08 03:45:00+00:00,2026-01-08 07:00:00+00:00,3140.407595,3101.861752230454,0.57240772679895,20.27737663370821,1.4646515644246387,partial_tp,1.786561603557475,0.0,13,-0.00640543662233195,True
ETH/USDT:USDT,trend,short,2026-01-08 03:45:00+00:00,2026-01-08 07:30:00+00:00,3140.407595,3126.084432381595,1.71722318039685,18.316787393985045,0.5442465653683926,stop_loss,6.2792794709339175,0.0,15,-0.00640543662233195,True
ETH/USDT:USDT,trend,long,2026-01-08 17:00:00+00:00,2026-01-08 20:00:00+00:00,3123.466759,3087.088494689188,1.7051330291863636,-67.32469146716326,-1.026131336237384,stop_loss,5.294911446326164,0.0,12,-0.00640543662233195,False
ETH/USDT:USDT,trend,short,2026-01-12 08:45:00+00:00,2026-01-12 14:15:00+00:00,3113.3857040000003,3076.653867673767,0.5986677372063033,20.137276845062743,1.463242720778574,partial_tp,1.8528884917957045,0.0,22,-0.023261100166691917,True
ETH/USDT:USDT,trend,short,2026-01-12 08:45:00+00:00,2026-01-12 14:30:00+00:00,3113.3857040000003,3094.2654507155407,1.7960032116189097,27.83361381338477,0.7616709164618268,stop_loss,6.50642249247154,0.0,23,-0.023261100166691917,True
ETH/USDT:USDT,trend,long,2026-01-12 15:45:00+00:00,2026-01-12 17:30:00+00:00,3129.5985979999996,3098.249453019416,1.9840426037269907,-68.78991995391758,-1.0305645091762115,stop_loss,6.178157931380313,0.4137227906448807,7,-0.023261100166691917,False
ETH/USDT:USDT,trend,long,2026-01-13 16:00:00+00:00,2026-01-13 22:00:00+00:00,3177.2628929999996,3222.584429700035,0.48615708650573825,20.477720673809337,1.468661871271015,partial_tp,1.555665564242699,0.0,24,0.070598463990726,True
ETH/USDT:USDT,trend,long,2026-01-13 16:00:00+00:00,2026-01-13 22:15:00+00:00,3177.2628929999996,3323.040525072936,1.4584712595172147,207.09990936659023,4.723980374423834,stop_loss,5.512577292262282,0.0,25,0.070598463990726,True
ETH/USDT:USDT,trend,long,2026-01-14 15:00:00+00:00,2026-01-14 18:15:00+00:00,3359.537559,3326.618580600698,1.915600831627558,-69.4636255287379,-1.0312739152961763,stop_loss,6.4040031307054,0.0,13,0.08620248449216916,True
ETH/USDT:USDT,trend,short,2026-01-15 03:30:00+00:00,2026-01-15 05:45:00+00:00,3282.0450910000004,3315.0921987090055,1.896865173112652,-68.94284766886032,-1.0310184121664476,stop_loss,6.256939983545903,0.0,9,0.07503881094290343,False
ETH/USDT:USDT,trend,short,2026-01-19 00:00:00+00:00,2026-01-20 00:00:00+00:00,3215.744987,3191.827261,1.7705084741840198,36.67420608419651,0.7004605806106255,time_stop,5.672330482015175,0.0,96,-0.04928323695974368,True
ETH/USDT:USDT,trend,short,2026-01-20 05:00:00+00:00,2026-01-20 16:15:00+00:00,3154.8132720000003,3042.118541487213,2.0373191535822657,222.21134212545957,5.048378671683695,stop_loss,7.383790856033915,0.0,45,-0.11418751884232747,True
ETH/USDT:USDT,trend,short,2026-01-20 05:00:00+00:00,2026-01-20 06:30:00+00:00,3154.8132720000003,3122.2652379729766,0.6791063845274219,19.97217566541633,1.458052209181308,partial_tp,2.131402046151263,0.0,6,-0.11418751884232747,True
ETH/USDT:USDT,trend,short,2026-01-20 22:45:00+00:00,2026-01-21 04:00:00+00:00,2949.1150000000002,2985.1946698269226,1.757869910970487,-68.63923819198149,-1.0254456612188418,stop_loss,5.215872205484976,0.0,21,-0.11418751884232747,True
ETH/USDT:USDT,trend,short,2026-01-21 16:45:00+00:00,2026-01-21 19:15:00+00:00,2889.073018,2942.661276105354,1.1669769721161083,-65.93901299912267,-1.0167445496937593,stop_loss,3.402749814360368,0.0,10,-0.09533594150729796,True
ETH/USDT:USDT,trend,long,2026-01-21 19:45:00+00:00,2026-01-21 23:30:00+00:00,3054.986221,2991.7136886942526,0.9807922728184172,-65.0224890408708,-1.0143933796606777,stop_loss,2.965278273739972,0.0,15,-0.09533594150729796,False
ETH/USDT:USDT,trend,short,2026-01-25 18:15:00+00:00,2026-01-25 19:45:00+00:00,2852.953857,2807.956180392986,0.4978060405083506,20.99109761811858,1.4724431384388412,partial_tp,1.4090176056942907,0.0,6,-0.041776709867131334,True
ETH/USDT:USDT,trend,short,2026-01-25 18:15:00+00:00,2026-01-26 00:00:00+00:00,2852.953857,2831.7727184069695,1.4934181215250517,26.677350535898356,0.6931029452478096,stop_loss,4.954945673467007,0.0,23,-0.041776709867131334,True
ETH/USDT:USDT,trend,long,2026-01-26 01:15:00+00:00,2026-01-26 08:15:00+00:00,2875.2723229999997,2931.514504859658,0.40104956263544117,21.391497777663645,1.4768989232241496,partial_tp,1.1644046588151782,0.0,28,-0.017365281514832187,False
ETH/USDT:USDT,trend,long,2026-01-26 01:15:00+00:00,2026-01-26 09:00:00+00:00,2875.2723229999997,2892.3264466046026,1.2031486879063236,16.472443638461776,0.4478349871102002,stop_loss,4.046202799808421,0.0,31,-0.017365281514832187,False
ETH/USDT:USDT,trend,long,2026-01-26 14:45:00+00:00,2026-01-26 16:00:00+00:00,2922.27642,2890.5150746657687,1.9835359257435812,-68.76470989965952,-1.0280771896075025,stop_loss,5.76494037926314,0.0,5,-0.017365281514832187,False
ETH/USDT:USDT,trend,long,2026-01-27 20:30:00+00:00,2026-01-28 20:30:00+00:00,3001.50018,3011.7062170000004,1.5410301456187487,10.04189547329074,0.2581063107614306,time_stop,4.633266164802251,1.0526490462079297,96,0.02497619620426872,True
ETH/USDT:USDT,trend,short,2026-01-29 15:15:00+00:00,2026-01-29 18:30:00+00:00,2833.6096620000003,2782.6325474495984,0.44139881534392594,21.247140367998583,1.475839236771684,partial_tp,1.2395013289678032,0.014596275232622044,13,-0.04440582773560431,True
ETH/USDT:USDT,trend,short,2026-01-29 15:15:00+00:00,2026-01-29 20:45:00+00:00,2833.6096620000003,2810.922778702553,1.3241964460317779,25.620894260365365,0.6568083114498096,stop_loss,4.362610872721651,0.058385100930488175,22,-0.04440582773560431,True
ETH/USDT:USDT,trend,short,2026-01-30 01:45:00+00:00,2026-01-30 18:30:00+00:00,2744.826305,2703.660113232712,0.9615552947586901,36.51333673118151,0.8621061467515428,stop_loss,3.0593941930638504,0.010838734642184397,67,-0.039009195557433984,True
ETH/USDT:USDT,trend,short,2026-01-30 01:45:00+00:00,2026-01-30 18:15:00+00:00,2744.826305,2674.0021806407144,0.32051843158623,21.82931037081962,1.4832052790696604,partial_tp,0.8684172036261739,0.002709683660546099,66,-0.039009195557433984,True
ETH/USDT:USDT,trend,short,2026-01-31 14:30:00+00:00,2026-01-31 17:00:00+00:00,2520.183718,2455.9412606337555,0.35498955106632946,21.922164913733443,1.482996940620806,partial_tp,0.8832361861075727,0.0,10,-0.1633787428727509,True
ETH/USDT:USDT,trend,short,2026-01-31 14:30:00+00:00,2026-01-31 18:45:00+00:00,2520.183718,2310.597157550039,1.0649686531989884,220.18348246620798,4.838174638472722,stop_loss,3.019634544795724,0.0,17,-0.1633787428727509,True
ETH/USDT:USDT,trend,short,2026-02-01 15:30:00+00:00,2026-02-01 18:00:00+00:00,2299.180039,2348.655333738702,1.2860573953396677,-66.83284881917652,-1.01444273425326,stop_loss,2.9886915267159546,0.21608860714264042,10,-0.24988429446067995,True
ETH/USDT:USDT,trend,short,2026-02-01 23:15:00+00:00,2026-02-02 00:30:00+00:00,2255.303206,2321.870855264446,0.9471200273881526,-65.54197768013438,-1.010571407934894,stop_loss,2.167566611132562,0.3268572744946869,5,-0.24988429446067995,True
ETH/USDT:USDT,trend,short,2026-02-02 03:30:00+00:00,2026-02-02 04:45:00+00:00,2177.9164290000003,2249.2542080999365,0.878255019204525,-64.59685496987653,-1.0095463245441691,stop_loss,1.9440924164539573,0.0,5,-0.2205817848313263,True
ETH/USDT:USDT,trend,long,2026-02-02 09:30:00+00:00,2026-02-02 15:15:00+00:00,2289.366604,2376.9452633231263,0.2622152651864747,22.352672277223057,1.4878817234313078,partial_tp,0.6117891018664638,0.0,23,-0.2205817848313263,False
ETH/USDT:USDT,trend,long,2026-02-02 09:30:00+00:00,2026-02-02 19:45:00+00:00,2289.366604,2328.3107659283874,0.7866457955594242,28.71554810301465,0.6616258711361218,stop_loss,2.1163916797404925,-0.196678540203694,41,-0.2205817848313263,False
ETH/USDT:USDT,trend,short,2026-02-03 18:00:00+00:00,2026-02-03 20:15:00+00:00,2173.4977550000003,2224.346634724408,1.2353622486800306,-65.53325186652205,-1.0132937475360004,stop_loss,2.716465467317401,0.0,9,-0.20870967741935487,True
ETH/USDT:USDT,trend,short,2026-02-05 04:15:00+00:00,2026-02-05 15:00:00+00:00,2096.1109779999997,2016.3158795760612,0.28761730215401554,22.356009870732535,1.4887180081048748,partial_tp,0.5914025590408714,0.0030385040339191856,43,-0.25523796309143887,True
ETH/USDT:USDT,trend,short,2026-02-05 04:15:00+00:00,2026-02-06 00:30:00+00:00,2096.1109779999997,1854.2101965576783,0.8628519064620466,206.20553223954633,4.513084846321701,stop_loss,2.005709970556129,0.5133082320634549,81,-0.25523796309143887,True
ETH/USDT:USDT,trend,long,2026-02-11 14:15:00+00:00,2026-02-11 15:30:00+00:00,1987.306013,1954.9128455245182,1.9746837319180783,-67.8585785629261,-1.0184443281560709,stop_loss,3.8923177237945117,0.0,5,-0.059378242361360245,False
ETH/USDT:USDT,trend,short,2026-02-15 14:00:00+00:00,2026-02-15 21:30:00+00:00,1996.0610020000001,1966.4220176232077,1.7172932315789564,46.58008353190411,1.086388839978781,stop_loss,3.9736763096816254,0.34506741955436654,30,-0.02772185148725459,True
ETH/USDT:USDT,trend,short,2026-02-15 14:00:00+00:00,2026-02-15 17:45:00+00:00,1996.0610020000001,1955.7243720783715,0.5724310771929855,21.87261128222451,1.4785008835702176,partial_tp,1.1310623792595838,0.08626685488859163,15,-0.02772185148725459,True
ETH/USDT:USDT,trend,short,2026-02-23 02:00:00+00:00,2026-02-23 07:30:00+00:00,1860.54167,1887.6063155287688,2.370349422714139,-68.59487711195251,-1.0213639015808065,stop_loss,4.44221020687264,0.0,22,-0.05079881520588092,True
ETH/USDT:USDT,trend,long,2026-02-23 09:45:00+00:00,2026-02-23 14:30:00+00:00,1917.455064,1898.2981314462918,3.360784110542473,-70.79427588774016,-1.0306478718829721,stop_loss,6.4119613545037835,0.0,19,-0.05079881520588092,False
ETH/USDT:USDT,trend,long,2026-02-24 15:00:00+00:00,2026-02-25 01:00:00+00:00,1839.1115679999998,1873.4275880329174,0.6678291259763723,21.677566775707753,1.4758217169186294,partial_tp,1.2396708898632611,0.0,40,-0.049821625644842604,False
ETH/USDT:USDT,trend,long,2026-02-24 15:00:00+00:00,2026-02-25 03:15:00+00:00,1839.1115679999998,1910.0773559801662,2.003487377929117,137.80922800420905,3.052010430082157,stop_loss,4.369832478848194,0.0,49,-0.049821625644842604,False
ETH/USDT:USDT,trend,long,2026-02-25 15:00:00+00:00,2026-02-25 16:15:00+00:00,1989.4066429999998,2028.3778829801959,0.5960526798559554,21.963287845122647,1.4769316463373527,partial_tp,1.1974056168971428,0.06821856548562143,5,0.04504916533272363,True
ETH/USDT:USDT,trend,long,2026-02-25 15:00:00+00:00,2026-02-25 21:45:00+00:00,1989.4066429999998,2100.039495041291,1.7881580395678665,193.30696598101386,4.192762672867844,stop_loss,4.249183575000844,0.2728742619424857,27,0.04504916533272363,True
ETH/USDT:USDT,trend,long,2026-02-28 14:00:00+00:00,2026-02-28 18:45:00+00:00,1898.229298,1939.2113430507368,0.5773113370662608,22.551700230251903,1.47899847625937,partial_tp,1.107698993698705,0.0,19,0.058211666046877664,True
ETH/USDT:USDT,trend,long,2026-02-28 14:00:00+00:00,2026-03-01 01:00:00+00:00,1898.229298,1945.379777914157,1.7319340111987824,77.78514651846639,1.7016107385954538,stop_loss,3.8763732892073905,0.0,44,0.058211666046877664,True
ETH/USDT:USDT,trend,long,2026-03-01 02:00:00+00:00,2026-03-01 04:00:00+00:00,2047.163965,2009.0244629457516,1.7180374201937039,-69.00943346803712,-1.0160613370127622,stop_loss,3.484341751283737,0.0,8,0.04725864220540332,True
ETH/USDT:USDT,trend,long,2026-03-04 19:15:00+00:00,2026-03-04 22:30:00+00:00,2175.0223109999997,2135.658097333566,1.656476084067386,-68.7761480077975,-1.0165504825102303,stop_loss,3.570269501231193,0.0,13,0.1024008296603578,True
ETH/USDT:USDT,trend,long,2026-03-13 13:00:00+00:00,2026-03-13 14:45:00+00:00,2152.565576,2168.2335192072687,2.098353987550122,27.590800673621906,0.6870782788442882,stop_loss,5.286090432059353,0.0,7,0.08008388559740087,True
ETH/USDT:USDT,trend,long,2026-03-13 13:00:00+00:00,2026-03-13 13:15:00+00:00,2152.565576,2186.1151301496616,0.699451329183374,21.94893225008108,1.4712313936936352,partial_tp,1.5173479934093206,0.0,1,0.08008388559740087,True
ETH/USDT:USDT,trend,short,2026-03-13 17:45:00+00:00,2026-03-14 17:45:00+00:00,2101.3893940000003,2074.5921909999997,1.8167234762123425,44.79944227574175,0.7601025561516261,time_stop,3.793301890849964,0.09036362033707694,96,0.08008388559740087,False
ETH/USDT:USDT,trend,long,2026-03-15 22:45:00+00:00,2026-03-16 07:45:00+00:00,2184.385119,2245.8271405554588,1.8297397266868929,107.29809636810715,2.3322291969659696,stop_loss,4.719210389584959,0.40560097028311215,36,0.06993254364028512,True
ETH/USDT:USDT,trend,long,2026-03-15 22:45:00+00:00,2026-03-16 03:30:00+00:00,2184.385119,2223.2350903131864,0.6099132422289643,22.249578755368944,1.4746753948536686,partial_tp,1.3441329661880559,0.10140024257077804,19,0.06993254364028512,True
ETH/USDT:USDT,trend,long,2026-03-16 12:15:00+00:00,2026-03-16 14:30:00+00:00,2299.729712,2271.0241636007363,2.316576097394287,-71.79283687197322,-1.0243188270828847,stop_loss,5.294249587644483,0.0,9,0.14659749681860967,True
ETH/USDT:USDT,trend,long,2026-03-16 17:45:00+00:00,2026-03-16 21:30:00+00:00,2314.134032,2362.9826621739835,0.4885275163595378,22.721449875297495,1.4785369279223195,partial_tp,1.142450101164274,0.0,15,0.14659749681860967,True
ETH/USDT:USDT,trend,long,2026-03-16 17:45:00+00:00,2026-03-16 23:00:00+00:00,2314.134032,2336.8250270830777,1.4655825490786134,29.282085122663684,0.6868048099228462,stop_loss,3.9734412923236446,0.0,21,0.14659749681860967,True
ETH/USDT:USDT,trend,short,2026-03-17 03:45:00+00:00,2026-03-17 15:00:00+00:00,2318.414267,2353.7399417584465,1.872365912914579,-70.51658040860193,-1.0203903815829172,stop_loss,4.373991140179851,0.0,45,0.11765415420245096,False
ETH/USDT:USDT,trend,short,2026-03-18 15:00:00+00:00,2026-03-18 18:00:00+00:00,2179.216039,2211.4300521655196,2.043318034600976,-70.30921723879396,-1.0210210327945508,stop_loss,4.485743170814394,0.0,12,0.05305570035533047,False
ETH/USDT:USDT,trend,short,2026-03-22 08:00:00+00:00,2026-03-22 18:30:00+00:00,2090.642619,2064.502641468311,0.8985256798814346,21.620688723662127,1.4652923272185496,partial_tp,1.866752360084205,0.0,42,-0.11379481534244207,True
ETH/USDT:USDT,trend,short,2026-03-22 08:00:00+00:00,2026-03-22 22:15:00+00:00,2090.642619,2053.33677173447,2.695577039644304,94.03632944391602,2.0912019412526415,stop_loss,6.524455889524554,0.0,57,-0.11379481534244207,True
ETH/USDT:USDT,trend,long,2026-03-23 11:15:00+00:00,2026-03-23 12:30:00+00:00,2167.3900219999996,2121.303286347069,1.4234280393205014,-68.65347492270705,-1.0140061563883775,stop_loss,3.0523231535737114,0.0,5,-0.023134040282476676,False
ETH/USDT:USDT,trend,short,2026-03-26 11:15:00+00:00,2026-03-26 13:45:00+00:00,2066.319918,2086.7984841957928,3.2414587983470584,-73.11150966557192,-1.0315247465369461,stop_loss,6.731081092687315,0.0,10,-0.011615795561997988,True
ETH/USDT:USDT,trend,short,2026-03-26 18:00:00+00:00,2026-03-26 20:00:00+00:00,2049.365006,2070.5683889264237,3.108782370381365,-72.32069118675768,-1.0301706438744869,stop_loss,6.403988152646356,0.0,8,-0.011615795561997988,True
ETH/USDT:USDT,trend,short,2026-03-27 11:00:00+00:00,2026-03-28 11:00:00+00:00,1992.4120970000001,1996.848875,2.477594377050174,-16.828105367487353,-0.17277180724389848,time_stop,4.941885276406456,0.8936838660615359,96,-0.02984631122585668,True
ETH/USDT:USDT,trend,long,2026-04-01 06:15:00+00:00,2026-04-01 12:30:00+00:00,2143.6429,2121.512130673458,2.956177800039296,-72.02980212900029,-1.0296194723747523,stop_loss,6.3042783077014,0.3030348403858146,25,0.07392120828688786,True
ETH/USDT:USDT,trend,short,2026-04-02 03:45:00+00:00,2026-04-03 03:45:00+00:00,2054.113581,2053.6159,2.1218412735530405,-3.4322069587691924,0.01671407067182683,time_stop,4.3579749766882045,0.1302320689447413,96,0.03134217549210416,False
ETH/USDT:USDT,trend,long,2026-04-05 23:00:00+00:00,2026-04-06 06:15:00+00:00,2097.02892,2122.352755616445,2.50871336475544,57.360827844552695,1.3410825918894544,stop_loss,6.169417013292033,0.0,29,0.0023093481080926903,True
ETH/USDT:USDT,trend,long,2026-04-05 23:00:00+00:00,2026-04-06 00:00:00+00:00,2097.02892,2124.7160074541266,0.8362377882518133,21.387797455424423,1.4662340874120192,partial_tp,1.7651913203487755,0.0,4,0.0023093481080926903,True
ETH/USDT:USDT,trend,long,2026-04-06 09:15:00+00:00,2026-04-06 13:15:00+00:00,2158.327304,2136.793425215933,3.042069447307236,-72.04058250244937,-1.0306916760763942,stop_loss,6.533027771421883,0.0,16,-0.01527024499719487,False
ETH/USDT:USDT,trend,short,2026-04-06 17:15:00+00:00,2026-04-06 23:00:00+00:00,2132.869947,2097.348967613132,0.6555673496891236,21.89979761378219,1.473899748298332,partial_tp,1.386596701228866,0.0,23,-0.01527024499719487,True
ETH/USDT:USDT,trend,short,2026-04-06 17:15:00+00:00,2026-04-07 00:00:00+00:00,2132.869947,2114.6867806636537,1.9667020490673708,30.884911283119123,0.7544883263076804,stop_loss,4.875959209106188,0.0,27,-0.01527024499719487,True
ETH/USDT:USDT,trend,long,2026-04-07 23:00:00+00:00,2026-04-08 14:45:00+00:00,2230.598979,2194.8990085804508,1.8110230590758933,-69.30044983380543,-1.0187968837965258,stop_loss,4.007339451701078,0.6396407439735996,63,0.08909706414521668,True
ETH/USDT:USDT,trend,short,2026-04-09 01:15:00+00:00,2026-04-09 08:45:00+00:00,2168.469264,2190.425605234685,2.963185545598986,-71.51882011650899,-1.03084266573056,stop_loss,6.458107135650901,0.0,30,0.06030235948906015,False
ETH/USDT:USDT,trend,long,2026-04-11 19:15:00+00:00,2026-04-11 20:30:00+00:00,2320.926069,2297.4357303943734,2.752369806033656,-71.00981849662976,-1.0302372940750473,stop_loss,6.35571978499617,0.0,5,0.0843771069349617,True
ETH/USDT:USDT,trend,short,2026-04-12 01:45:00+00:00,2026-04-12 15:30:00+00:00,2217.264621,2177.639768009142,0.5809766641855069,21.69838118264765,1.4756779074677684,partial_tp,1.2766684456703872,0.04606528115175437,55,-0.02166903364684658,True
ETH/USDT:USDT,trend,short,2026-04-12 01:45:00+00:00,2026-04-12 17:30:00+00:00,2217.264621,2193.577041661424,1.7429299925565207,36.40188704895742,0.8821543771882449,stop_loss,4.487983614697795,0.3959218166105063,63,-0.02166903364684658,True
ETH/USDT:USDT,trend,long,2026-04-13 22:15:00+00:00,2026-04-13 23:15:00+00:00,2325.3974099999996,2373.01858110791,0.48640360079209544,22.020445872777103,1.4778997289835842,partial_tp,1.1426632280470246,0.0,4,0.08220223220200396,True
ETH/USDT:USDT,trend,long,2026-04-13 22:15:00+00:00,2026-04-14 04:30:00+00:00,2325.3974099999996,2362.196158633381,1.4592108023762864,49.71149709676167,1.1420311463775703,stop_loss,3.985634422998024,0.0,25,0.08220223220200396,True
ETH/USDT:USDT,trend,short,2026-04-14 15:00:00+00:00,2026-04-15 15:00:00+00:00,2340.2977,2346.853845,2.1746315069519024,-19.178032858517543,-0.22612305274716074,time_stop,5.096413713807644,-0.17558033643531398,96,0.06041792299398785,False
ETH/USDT:USDT,trend,short,2026-04-19 22:15:00+00:00,2026-04-20 01:30:00+00:00,2261.671295,2285.8579509795086,2.6787989499674576,-70.93830980180789,-1.0291710428668015,stop_loss,6.090958284538106,0.056162876138316595,13,-0.025405291297061483,True
ETH/USDT:USDT,trend,long,2026-04-20 07:30:00+00:00,2026-04-20 23:00:00+00:00,2296.918869,2313.8670076484746,1.9410661444642487,27.763159755186916,0.7006908656316301,stop_loss,5.217998757800968,-0.0837003707480186,62,-0.01961956360460715,False
ETH/USDT:USDT,trend,long,2026-04-20 07:30:00+00:00,2026-04-20 18:15:00+00:00,2296.918869,2332.50054062157,0.6470220481547496,21.545382927954588,1.4710613835686561,partial_tp,1.49766821409035,-0.02092509268700465,43,-0.01961956360460715,False
ETH/USDT:USDT,trend,short,2026-04-23 17:30:00+00:00,2026-04-23 19:45:00+00:00,2292.3121,2315.233144115673,2.8275287880849627,-71.32389550010105,-1.0312400033311393,stop_loss,6.513983410070512,0.0,9,-0.008535583378388,True
ETH/USDT:USDT,trend,long,2026-04-27 01:00:00+00:00,2026-04-27 05:00:00+00:00,2386.785821,2363.27453694191,2.740536854740347,-70.94239820005541,-1.0311021995191818,stop_loss,6.508857736590464,0.0,16,-0.02981829214846765,False
ETH/USDT:USDT,trend,short,2026-04-27 05:30:00+00:00,2026-04-27 15:15:00+00:00,2323.4527550000003,2288.7365189885927,0.6581631383535751,21.210887919695125,1.4709167953116862,partial_tp,1.517786483624515,0.12027244177175131,39,-0.02981829214846765,True
ETH/USDT:USDT,trend,short,2026-04-27 05:30:00+00:00,2026-04-27 17:30:00+00:00,2323.4527550000003,2290.6954618094483,1.9744894150607253,58.87794001836936,1.3879169592895764,stop_loss,5.319898885329319,0.48108976708700524,48,-0.02981829214846765,True
ETH/USDT:USDT,trend,long,2026-04-29 10:00:00+00:00,2026-04-29 11:15:00+00:00,2343.852945,2329.0351861284666,4.429238044702139,-75.9800482755342,-1.0495026715544917,stop_loss,10.34866694451564,0.0,5,-0.026950403651010424,False
ETH/USDT:USDT,trend,short,2026-04-29 12:30:00+00:00,2026-04-29 15:00:00+00:00,2312.5160370000003,2288.227370688314,0.9332728917933067,20.521079294264183,1.4587829253318143,partial_tp,2.1468745522461328,0.0,10,-0.026950403651010424,True
ETH/USDT:USDT,trend,short,2026-04-29 12:30:00+00:00,2026-04-29 21:45:00+00:00,2312.5160370000003,2252.7046454407955,2.79981867537992,159.99105176137368,3.592286032803794,stop_loss,7.469999326548897,0.0,37,-0.026950403651010424,True
ETH/USDT:USDT,trend,long,2026-05-01 14:00:00+00:00,2026-05-01 15:45:00+00:00,2318.305283,2300.4512105905,3.6739308921085314,-74.07912425766943,-1.0402210048856433,stop_loss,8.48449608246451,0.0,7,-0.03123733279286578,False
ETH/USDT:USDT,trend,long,2026-05-04 02:15:00+00:00,2026-05-04 10:00:00+00:00,2363.6988969999998,2337.778519337679,2.485759767041061,-70.78332446043875,-1.0278182579309367,stop_loss,5.8433717035921795,0.5081208173397159,31,0.04201161881750992,True
ETH/USDT:USDT,trend,short,2026-05-04 10:15:00+00:00,2026-05-04 14:15:00+00:00,2322.483046,2346.0033145400116,2.731950887809657,-70.633256248109,-1.0308366493223469,stop_loss,6.377037728702279,0.0,16,0.04201161881750992,False
ETH/USDT:USDT,trend,short,2026-05-07 14:45:00+00:00,2026-05-08 02:15:00+00:00,2297.180639,2270.864547546542,0.8609365317914457,20.690086016260885,1.4621596092913476,partial_tp,1.9663984899859939,0.0,46,-0.01122241893000575,True
ETH/USDT:USDT,trend,short,2026-05-07 14:45:00+00:00,2026-05-08 04:15:00+00:00,2297.180639,2284.0875535707996,2.582809595374337,26.911811590097926,0.7274705177794281,stop_loss,6.905135089497113,0.0,54,-0.01122241893000575,True
ETH/USDT:USDT,trend,short,2026-05-13 14:00:00+00:00,2026-05-14 14:00:00+00:00,2261.531337,2256.3767099999995,3.131616801762183,9.459503254792034,0.2594439868069357,time_stop,7.074178374400885,-0.39136510917484096,96,-0.02108691033184895,True
ETH/USDT:USDT,trend,short,2026-05-15 14:00:00+00:00,2026-05-16 07:00:00+00:00,2219.713886,2191.0407348331137,0.7960998240645983,21.070990110517158,1.4663940101876298,partial_tp,1.755700488818678,0.0,68,-0.06182996443353128,True
ETH/USDT:USDT,trend,short,2026-05-15 14:00:00+00:00,2026-05-16 07:30:00+00:00,2219.713886,2198.209899500042,2.388299472193795,45.19874016830204,1.099750662742326,stop_loss,6.159219439610255,0.0,70,-0.06182996443353128,True
ETH/USDT:USDT,trend,long,2026-05-18 11:45:00+00:00,2026-05-18 12:45:00+00:00,2133.619894,2154.3719382699555,1.0969937572360995,20.412912878488704,1.45468112051353,partial_tp,2.351950135539763,0.0,4,-0.05694251264650907,False
ETH/USDT:USDT,trend,long,2026-05-18 11:45:00+00:00,2026-05-18 13:30:00+00:00,2133.619894,2133.2759784015398,3.2909812717082985,-9.323240847798605,-0.024107867235732015,stop_loss,8.19142105421783,0.0,7,-0.05694251264650907,False
ETH/USDT:USDT,trend,short,2026-05-23 08:00:00+00:00,2026-05-23 13:15:00+00:00,2028.171366,2044.9202466696393,3.882906584488931,-72.94205615599229,-1.0380086591332058,stop_loss,7.907717121030791,0.0,21,-0.005716325581613613,True
ETH/USDT:USDT,trend,long,2026-05-23 18:15:00+00:00,2026-05-23 20:30:00+00:00,2075.682518,2095.7080416193357,1.1309006503212338,20.28816353582126,1.4543268990630542,partial_tp,2.358714148308681,0.0,9,-0.005716325581613613,False
ETH/USDT:USDT,trend,long,2026-05-23 18:15:00+00:00,2026-05-23 21:15:00+00:00,2075.682518,2118.998876128904,3.3927019509637013,138.67014550307582,3.1457926391241915,stop_loss,8.289347229499445,0.0,12,-0.005716325581613613,False
ETH/USDT:USDT,trend,short,2026-05-24 14:15:00+00:00,2026-05-24 21:30:00+00:00,2092.941929,2069.086924005683,0.9665218586365887,21.12989740300894,1.4619697998029897,partial_tp,2.0113459313530813,-0.08485956946973038,29,-0.00568924680246341,True
ETH/USDT:USDT,trend,short,2026-05-24 14:15:00+00:00,2026-05-24 22:00:00+00:00,2092.941929,2082.689115459296,2.899565575909766,23.002948398001447,0.6283504766857808,stop_loss,7.065195078724923,-0.3394382778789215,31,-0.00568924680246341,True
ETH/USDT:USDT,trend,short,2026-05-28 03:30:00+00:00,2026-05-28 16:15:00+00:00,1983.194863,2005.0325328990489,2.9809151221107477,-70.89018867594375,-1.0283160537939966,stop_loss,5.944283677425921,-0.1503354352198262,51,-0.05097268544325928,True
ETH/USDT:USDT,trend,long,2026-05-28 16:45:00+00:00,2026-05-29 13:00:00+00:00,2013.10375,1992.9622950346984,3.221001465471164,-71.88202275319782,-1.0306020708354517,stop_loss,6.4517723009155175,0.5545944923244317,81,-0.05097268544325928,False
ETH/USDT:USDT,trend,short,2026-06-01 08:00:00+00:00,2026-06-01 12:30:00+00:00,1977.166672,1992.8333407687828,4.153552035070937,-73.31712476349362,-1.039662272059004,stop_loss,8.244800816133711,0.0,18,-0.008746355685131268,True
ETH/USDT:USDT,trend,long,2026-06-01 19:30:00+00:00,2026-06-01 22:00:00+00:00,2006.311713,1988.7111629801816,3.6593841966727836,-71.71683638412658,-1.035097676612629,stop_loss,7.309661788854066,0.0,10,-0.008746355685131268,False
ETH/USDT:USDT,trend,short,2026-06-02 02:00:00+00:00,2026-06-02 03:15:00+00:00,1971.328424,1989.5724127168562,3.505619092131536,-70.8991799600605,-1.0338121328033083,stop_loss,6.942704797617194,0.0,5,-0.07464707404973814,True
ETH/USDT:USDT,trend,short,2026-06-02 09:15:00+00:00,2026-06-02 14:15:00+00:00,1967.8194770000002,1942.6191228556286,0.8946343300455906,20.79589563837843,1.4661048903011769,partial_tp,1.7492063084831289,0.0,20,-0.07464707404973814,True
ETH/USDT:USDT,trend,short,2026-06-02 09:15:00+00:00,2026-06-02 16:00:00+00:00,1967.8194770000002,1922.616569423908,2.6839029901367715,115.21920290765527,2.6298124015825555,stop_loss,6.101015898694784,0.0,27,-0.07464707404973814,True
ETH/USDT:USDT,trend,short,2026-06-02 23:00:00+00:00,2026-06-03 03:30:00+00:00,1870.788595,1825.7569511206086,0.5116665187344484,22.09548516119418,1.4819798481746935,partial_tp,0.945699295463431,0.0,18,-0.07464707404973814,True
ETH/USDT:USDT,trend,short,2026-06-02 23:00:00+00:00,2026-06-03 05:00:00+00:00,1870.788595,1856.8121015298584,1.5349995562033452,18.114368622662084,0.45996281473468953,stop_loss,3.3395426512841864,0.0,24,-0.07464707404973814,True
ETH/USDT:USDT,trend,short,2026-06-04 02:00:00+00:00,2026-06-04 03:15:00+00:00,1744.3765300000002,1784.9678388829425,1.5576033341774325,-65.9738173329131,-1.0133645404347478,stop_loss,2.748659278216209,0.0,5,-0.12451646731764265,True
ETH/USDT:USDT,trend,short,2026-06-04 09:30:00+00:00,2026-06-04 12:30:00+00:00,1751.294454,1778.892591016522,2.2930835996964487,-67.33234238315582,-1.0197123603371987,stop_loss,4.047507008394128,0.0,12,-0.12451646731764265,True
ETH/USDT:USDT,trend,short,2026-06-05 05:45:00+00:00,2026-06-05 06:15:00+00:00,1682.864989,1637.0334316190713,0.4996878058961194,22.072013969679762,1.4841018124864083,partial_tp,0.8294563787985679,0.0,2,-0.2113133065179359,True
ETH/USDT:USDT,trend,short,2026-06-05 05:45:00+00:00,2026-06-05 07:30:00+00:00,1682.864989,1671.4310620782883,1.4990634176883582,14.205576760739593,0.3702495101205213,stop_loss,2.934604808120395,0.0,7,-0.2113133065179359,True
ETH/USDT:USDT,trend,short,2026-06-05 14:00:00+00:00,2026-06-05 16:00:00+00:00,1614.2855690000001,1560.2347993116143,0.4258138773038879,22.339690398965548,1.4871256083803872,partial_tp,0.6758774133054675,0.0,8,-0.2113133065179359,True
ETH/USDT:USDT,trend,short,2026-06-05 14:00:00+00:00,2026-06-05 16:15:00+00:00,1614.2855690000001,1606.1141466389538,1.2774416319116637,8.037886183251835,0.22482439232711374,stop_loss,2.4006289326826433,0.0,9,-0.2113133065179359,True
ETH/USDT:USDT,trend,long,2026-06-07 09:00:00+00:00,2026-06-07 10:45:00+00:00,1642.4926,1623.492671207628,3.352182821465359,-69.16532476750494,-1.026316693019676,stop_loss,5.474089860650546,0.0,7,-0.09107242759392342,False
ETH/USDT:USDT,trend,short,2026-06-08 04:45:00+00:00,2026-06-08 07:30:00+00:00,1655.523194,1679.0677601203324,2.6783669746509373,-67.52661747192626,-1.0218553589608792,stop_loss,4.465629142742829,0.0,11,-0.06800150072277455,True
ETH/USDT:USDT,trend,long,2026-06-14 21:30:00+00:00,2026-06-15 19:15:00+00:00,1716.1046769999998,1822.3638085462028,2.849980485305524,296.97902408632154,6.578973325795882,stop_loss,5.857427205869558,0.0,87,0.052543572718839915,True
ETH/USDT:USDT,trend,long,2026-06-14 21:30:00+00:00,2026-06-15 10:45:00+00:00,1716.1046769999998,1739.8095639054297,0.9499934951018414,20.877940338038265,1.4676745082752787,partial_tp,1.6415480242449882,0.0,53,0.052543572718839915,True
ETH/USDT:USDT,trend,short,2026-06-15 22:30:00+00:00,2026-06-16 03:15:00+00:00,1792.232169,1764.5623567333091,0.8373148941832,21.723822089415066,1.471849558820766,partial_tp,1.4890785159728854,-0.044554675234568096,19,0.10763117626733809,False
ETH/USDT:USDT,trend,short,2026-06-15 22:30:00+00:00,2026-06-16 08:00:00+00:00,1792.232169,1778.0040758366665,2.5119446825496,30.683952345593777,0.7568397083243998,stop_loss,5.234449319800641,-0.17821870093827238,38,0.10763117626733809,False
ETH/USDT:USDT,trend,short,2026-06-16 14:30:00+00:00,2026-06-16 18:00:00+00:00,1778.336339,1804.218834518705,2.494966936728206,-69.04514891265212,-1.0213525490274264,stop_loss,4.469178353466875,0.0,14,0.07159640553160695,False
ETH/USDT:USDT,trend,short,2026-06-18 15:30:00+00:00,2026-06-19 15:30:00+00:00,1697.2106840000001,1708.532406,2.8519405853524615,-37.14536693870493,-0.5134941782174152,time_stop,4.856488470827351,0.0,96,0.017715914568468438,False
ETH/USDT:USDT,trend,short,2026-06-26 02:15:00+00:00,2026-06-26 03:45:00+00:00,1536.278978,1559.023754104742,2.814310463632401,-68.36643281808766,-1.0209885740604847,stop_loss,4.355571433536166,0.0,6,-0.07527940409421507,True
ETH/USDT:USDT,trend,long,2026-06-26 06:45:00+00:00,2026-06-26 09:45:00+00:00,1570.621045,1548.5839675040736,2.8904182281230533,-68.20427400148355,-1.0215421280911252,stop_loss,4.507903512697285,0.0,12,-0.07527940409421507,False
ETH/USDT:USDT,trend,long,2026-07-02 12:30:00+00:00,2026-07-02 13:15:00+00:00,1659.5177059999999,1685.111276787681,0.8910042758793629,21.313941644398056,1.4709368099825988,partial_tp,1.490039362446934,0.0,3,0.08060517449621774,True
ETH/USDT:USDT,trend,long,2026-07-02 12:30:00+00:00,2026-07-02 14:30:00+00:00,1659.5177059999999,1693.4688917311994,2.6730128276380887,85.53134819373078,1.951273202511271,stop_loss,5.2206067792888,0.0,8,0.08060517449621774,True
ETH/USDT:USDT,trend,short,2026-07-08 15:15:00+00:00,2026-07-08 16:30:00+00:00,1715.98505,1732.859538738713,3.8243455457941877,-70.83092104345316,-1.0317767487759526,stop_loss,6.594786720539643,-0.29774152253732955,5,-0.008381652545507268,True
ETH/USDT:USDT,trend,long,2026-07-10 10:30:00+00:00,2026-07-10 14:15:00+00:00,1799.529697,1786.734932371162,5.073359612884587,-74.00964719019524,-1.043739257728266,stop_loss,9.097205065884083,0.0,15,0.006139815245340463,True
ETH/USDT:USDT,trend,long,2026-07-15 13:00:00+00:00,2026-07-15 14:15:00+00:00,1938.621412,1919.8704427222633,3.4015248075790776,-70.34426504621418,-1.0316995429861602,stop_loss,6.562377881839793,0.0,5,0.0673039982628354,True
ETH/USDT:USDT,trend,short,2026-07-16 12:45:00+00:00,2026-07-16 14:00:00+00:00,1871.1684810000002,1886.3980904006698,4.191968083540832,-71.71783610194653,-1.0385812271696107,stop_loss,7.875799569545782,0.0,5,0.04311300162310405,False
ETH/USDT:USDT,trend,long,2026-07-20 18:00:00+00:00,2026-07-20 19:15:00+00:00,1914.77426,1895.0518712837377,3.190602052033023,-69.00411344528067,-1.0296906650700868,stop_loss,6.0778195361814635,0.0,5,-0.006995633597821516,False
ETH/USDT:USDT,trend,short,2026-07-23 18:00:00+00:00,2026-07-24 07:00:00+00:00,1877.8764680000002,1893.606027014913,4.007929993632782,-70.68661593522057,-1.0374571056125974,stop_loss,7.557918906115636,0.08572566661874773,52,0.00841681213911638,False
ETH/USDT:USDT,trend,long,2026-07-24 07:15:00+00:00,2026-07-24 09:00:00+00:00,1897.6291179999998,1883.2554901741064,4.3750928311332205,-71.30426554177912,-1.0409274680481624,stop_loss,8.270860572282235,0.14744891105353145,7,-0.005834922975810786,False
