entry_idx,exit_idx,direction,exit_reason,return
632,633,long,target,0.001235976421372742
632,638,short,target,-0.0008944897846099309
676,687,long,target,0.0009038867128652317
679,687,long,target,0.0004993144333573785
710,711,short,target,-0.0005781811845586571
720,725,long,target,0.0014434134348479954
1572,1581,long,target,0.0005490261170446598
1572,1573,short,target,0.0006388102797350026
1586,1598,short,target,0.001351618435565305
1594,1598,short,target,0.0031559015358721965
1628,1629,short,target,0.0023756892039534794
1632,1638,long,target,0.00700583606599281
1645,1659,short,target,0.004348705501618255
1666,1680,long,target,0.0010648074790049478
1689,1694,short,target,0.008940451901509272
1856,1858,long,target,0.0018529278843049113
1856,1857,short,target,0.0008852817069782137
1877,1925,short,time_exit,-0.06077254669934906
1883,1930,short,target,-0.05680348183521733
1885,1930,short,target,-0.05431904733119741
2092,2094,long,target,0.0022403506635821913
2092,2093,short,target,6.087946474719885e-06
2112,2113,long,target,0.004575436355373164
2155,2157,short,target,0.0019762845849800037
2166,2183,long,target,-0.001078913975001039
2480,2481,long,target,-5.604822638494156e-05
2480,2484,short,target,0.006039646141894117
2498,2518,long,target,-0.011773704140231156
2624,2654,long,target,-0.007296746945547716
2624,2625,short,target,0.0005156259825189746
2628,2654,long,target,-0.0054215046721909355
2637,2654,long,target,-0.002469338520417863
2646,2654,long,target,0.0051354171969657525
2980,2982,long,target,0.0020303800341758826
2980,2981,short,target,0.0032579265669678836
3005,3019,long,target,-0.0018000202819186129
3010,3019,long,target,0.0020487370363300172
3023,3037,short,target,0.0006964229186450233
3040,3049,long,target,0.003010234798314304
3049,3050,long,target,-0.002129272761736356
3304,3305,long,target,0.0008022825844355985
3304,3334,short,target,-0.013414191428962496
3307,3334,short,target,-0.012182275889567995
3319,3334,short,target,0.002695931107950411
3380,3381,long,target,-0.00018013474078626412
3395,3398,short,target,0.0018714572773894655
3397,3398,short,target,0.00035989563026705973
3540,3563,long,target,-0.00914763949542019
3540,3541,short,target,0.0002007531284029529
3547,3563,long,target,-0.002278267047194471
3604,3619,long,target,-0.0020775074784177283
3604,3605,short,target,0.0021491327150506834
3614,3619,long,target,0.0026873328068854896
4064,4065,long,target,0.0004243013714724242
4064,4067,short,target,0.0008035539295747629
4067,4076,short,target,-0.001532891947425008
4070,4076,short,target,0.0006196797234272466
4072,4076,short,target,3.913766674279451e-05
4084,4090,long,target,0.004100212870476572
4087,4090,long,target,0.004764900966088614
4099,4111,short,target,0.002398315329719569
4276,4277,long,target,0.0011760042283299743
4276,4280,short,target,0.0058412689974149945
4352,4358,long,target,0.0019471866064613153
4352,4353,short,target,-0.0005560296893992733
4364,4382,short,target,-0.013453769342175459
4572,4573,long,target,-0.0008754992144491824
4572,4599,short,target,-0.015386613764111434
4575,4599,short,target,-0.012109725567993945
4577,4599,short,target,-0.015250814793821843
4636,4637,short,target,-0.00014168486923671342
4637,4656,long,target,0.00027746620225510554
4641,4656,long,target,0.000868332447279796
4652,4656,long,target,0.002556137392384805
4658,4666,short,target,0.00200399616935254
4660,4666,short,target,0.0030798879180904404
4681,4682,short,target,0.004219284786970423
4687,4697,long,target,0.0022924367358543307
4707,4721,short,target,0.002301224369376076
4726,4731,short,target,0.002800839662248311
4832,4833,long,target,-0.001957627968135589
4832,4836,short,target,0.0032476751614964883
4888,4895,long,target,0.0008870925102368865
4888,4889,short,target,0.002632943005913768
4907,4910,short,target,0.0026295091974126716
5184,5185,long,target,-0.000883632820301794
5184,5186,short,target,0.0036994739335916016
5189,5195,short,target,0.005291422676658941
5215,5216,short,target,0.0030929839699573858
5237,5263,long,target,-0.019099200087728474
5241,5263,long,target,-0.014518300893622271
5424,5425,long,target,0.001381794081419585
5424,5426,short,target,0.0007508587947464562
5429,5432,long,target,0.007505347560136544
5433,5441,short,target,0.0022848438690024064
5604,5610,long,target,0.0012383939078413064
5604,5605,short,target,0.001196696131710473
5615,5635,short,target,-0.003609070389106739
5619,5635,short,target,0.0006667604617163203
5647,5670,long,target,-0.009751571496162681
5780,5794,long,target,0.0007472660996354907
5780,5781,short,target,-0.00021259149026631174
5785,5794,long,target,0.0007472660996354907
5801,5807,long,target,0.002109113075281943
5813,5834,long,target,-0.0017498026883332463
5840,5841,long,target,-0.0004247160469857958
5840,5856,short,target,0.0022012234424215738
6084,6089,long,target,0.0018633619644430333
6084,6085,short,target,-0.00017226748674492587
6104,6106,short,target,0.001242932811513997
6127,6130,long,target,0.0023828841202813145
6133,6134,short,target,0.0058607260895187085
6135,6136,long,target,-0.0018774024387139265
6200,6221,short,target,0.0012833282255593215
6202,6221,short,target,0.0024389621003166884
6768,6769,short,target,-0.002183810956138399
6769,6772,long,target,0.003550409636237317
7188,7189,long,target,0.0029075367204429714
7188,7200,short,target,-0.00527541751246996
7210,7222,short,target,0.001460696658067473
7448,7449,long,target,0.005487022488350535
7448,7473,short,target,-0.01856362501587927
7453,7473,short,target,-0.010538350648705008
7548,7562,long,target,-0.0027410448817782873
7548,7549,short,target,-0.00310515172900494
7560,7562,long,target,0.004896338018524071
7566,7569,long,target,0.0030716704063395994
7583,7586,long,target,0.008679282327872517
7712,7728,long,target,0.0006087617005114954
7712,7713,short,target,-7.818346308074986e-05
7717,7728,long,target,0.0018733293816335372
7730,7744,short,target,-0.0017687400230270711
7734,7744,short,target,-1.112415108828202e-05
7742,7744,short,target,0.006335204044741305
7751,7773,long,target,-0.029430865178981302
7828,7832,long,target,0.000892060660124816
7828,7829,short,target,0.0021604708336437906
7830,7832,long,target,0.0029050279329607687
8152,8153,long,target,0.0006150651461203083
8154,8165,short,target,0.002181567450561639
8156,8165,short,target,0.004187931297580549
8185,8197,long,target,0.003769539158155366
8296,8301,long,target,0.005404777125588289
8296,8297,short,target,0.0009540097495144284
8299,8301,long,target,0.007641768789897974
8496,8498,long,target,0.0022337304409671965
8496,8497,short,target,0.0008787053000389733
8505,8527,long,target,-0.007347120798260831
8510,8527,long,target,-0.005006481605650204
8536,8537,long,target,-6.134866678186857e-05
8546,8560,short,target,0.00030009169468447894
8550,8560,short,target,0.0022117869348967645
8569,8585,long,target,-0.0009682050368919892
8575,8585,long,target,0.0005572893446277316
8700,8704,long,target,0.0026786352710812533
8700,8701,short,target,-0.0008188702887479415
8708,8721,long,target,-7.153351345101644e-05
8731,8738,short,target,0.0033139742919270354
8740,8751,long,target,0.001416414982033043
8744,8751,long,target,0.0016924484823090946
8760,8768,short,target,0.001161184518273517
8786,8827,long,target,-0.012073088749049554
8789,8827,long,target,-0.010355315378968277
8799,8827,long,target,-0.002087252730126554
9352,9368,long,target,-0.0007331456765811151
9352,9353,short,target,0.0008355203256387167
9363,9368,long,target,0.0011312581091369456
9388,9404,long,target,0.00030759268253199856
9544,9547,long,target,0.0018958877548271857
9544,9545,short,target,0.00013466925231631066
9553,9562,long,target,0.0011162519817515815
9560,9562,long,target,0.002045663086306382
9565,9585,short,target,-0.011471056824216674
10080,10082,long,target,0.00318353942562255
10080,10081,short,target,-0.0011858368996102708
10085,10097,long,target,0.0036562720419943684
10101,10116,short,target,0.001092859665365431
10122,10131,long,target,0.001095997932440529
10137,10138,long,target,0.0017894923694701248
10143,10172,short,target,-0.01286675436239082
10150,10172,short,target,-0.010669646435357283
10158,10172,short,target,0.0036822774485261167
10196,10197,long,target,-0.0013915629348634218
10208,10211,long,target,0.0035255904287636586
10218,10240,long,target,-0.006385787676147281
10372,10373,long,target,0.001379139207161817
10372,10375,short,target,0.0003389345044872982
10796,10799,long,target,0.004013288324492326
10796,10797,short,target,-4.822143281957292e-05
10802,10810,short,target,0.0024117647058823355
10815,10818,long,target,0.005655554658702711
10817,10818,long,target,0.0036842105263157343
10828,10839,long,target,0.003062621409130495
10848,10849,short,target,0.005360626415135128
10853,10861,short,target,0.0061273983774734475
10878,10891,long,target,0.0004286047558852424
10948,10949,long,target,0.00020641404484611492
10948,10950,short,target,0.0026305326964866094
10980,10988,long,target,0.0006644992641082759
10991,11000,short,target,0.006063211738377872
11003,11010,long,target,0.005123448610927062
11018,11044,short,target,-0.015388329979879267
11264,11265,long,target,-0.001043988453487743
11264,11266,short,target,0.004988930973339967
11284,11299,long,target,-0.004235794303514395
11288,11299,long,target,-0.0008658648617255738
11293,11299,long,target,0.006451132538066062
11332,11337,long,target,0.002739609883791738
11346,11361,short,target,0.0010856618848353872
11371,11376,long,target,0.0012871981810413935
11374,11376,long,target,0.0012819160160371101
11386,11393,short,target,0.0046757204024270305
11400,11406,long,target,0.0019854331351412124
11424,11426,short,target,0.0016047901671085718
11428,11443,long,target,-0.0008953635966229001
11433,11443,long,target,0.0011082554476034012
11449,11461,short,target,9.4688999242587e-05
11451,11461,short,target,0.0009153269926773788
11466,11467,short,target,-3.678402522333535e-05
11487,11499,short,target,0.0008553784528082531
12144,12145,long,target,0.0016486487905533753
12144,12162,short,target,-0.001970288469096304
12147,12162,short,target,0.0010375455236197872
12151,12162,short,target,0.0021589331097544573
12156,12162,short,target,0.008174601095187084
12182,12183,short,target,0.003902254810945305
12356,12357,long,target,0.0004275238791029423
12356,12363,short,target,0.0031595576619272148
12386,12394,short,target,0.003648803973021586
12410,12424,long,target,0.0003531418761069105
12433,12452,short,target,-0.00255080029336896
12437,12452,short,target,0.009680098364899248
12720,12722,long,target,0.0015715586752260702
12720,12721,short,target,-0.0012035963681341633
12727,12746,long,target,-0.002843717716583649
12732,12746,long,target,0.000702309818960023
12748,12749,long,target,0.001025315256579562
12756,12766,short,target,0.002227543576321267
12818,12819,long,target,0.002779241671982957
12820,12835,short,target,-0.0013672015542921523
12824,12835,short,target,2.2140915859170107e-05
12832,12835,short,target,0.00492635377862416
12846,12858,long,target,0.0023679386676027647
12868,12869,long,target,0.007901061095219708
12873,12901,short,target,-0.0026978368054986213
12952,12975,long,target,-0.005125503495659212
12952,12953,short,target,-0.0012058362474376416
12960,12975,long,target,-0.002212511145112117
12967,12975,long,target,0.004015130117906329
12993,13000,short,target,0.0032990758181596913
13032,13038,short,target,0.001856439042341007
13064,13066,short,target,0.0032116100250461077
13200,13234,long,target,-0.015133997797296406
13200,13201,short,target,0.0023011357395488208
13206,13234,long,target,-0.011157017973361771
13214,13234,long,target,-0.006604545253570238
13300,13301,long,target,0.0010196208112873695
13300,13304,short,target,0.0036341912679842547
13348,13358,long,target,0.0012941261053993625
13381,13388,short,target,0.0007618374636333414
13394,13395,short,target,0.0003530800719400151
13401,13410,short,target,0.00024796803967497283
13404,13410,short,target,0.0010139137622262595
13406,13410,short,target,0.0014602562336409886
13417,13425,short,target,0.0042413906920453215
13484,13485,short,target,-0.0005360981999258385
13485,13491,long,target,0.0019067410203552626
13503,13518,long,target,0.0007362669604353833
13528,13532,long,target,0.002101702434425645
14064,14065,long,target,0.0010132544637968532
14064,14071,short,target,0.003826614765454872
14312,14313,long,target,0.0012718013667905037
14312,14322,short,target,-0.00044308705078088817
14318,14322,short,target,0.003275679268273324
14347,14354,short,target,0.0013446578738649517
14364,14374,long,target,0.0023160088850522342
14379,14387,short,target,0.002144231072430891
14390,14391,short,target,0.0012546853837027694
14397,14403,long,target,0.0026432042796742383
14409,14438,long,target,-0.013572869043722458
14411,14438,long,target,-0.013963281740608013
14588,14597,long,target,0.001217288717288767
14588,14589,short,target,0.0027369858741417286
14591,14597,long,target,0.0034827662193175346
14594,14597,long,target,0.0029221703560857737
14603,14623,short,target,-0.004206918869596121
14724,14725,long,target,0.000420786871449641
14724,14728,short,target,0.0004262283005067591
14749,14751,long,target,0.00038911324247004053
14856,14857,long,target,-1.5772621882903515e-05
14856,14858,short,target,0.0008050513022888062
14881,14909,long,target,-0.009640466679012638
15220,15221,long,target,0.0006135169178647093
15220,15234,short,target,-0.0019886101944720513
15228,15234,short,target,0.004275240990295526
15275,15287,long,target,0.002191153626032172
15303,15322,short,target,-0.0007100694350341552
15317,15322,short,target,0.0028565388722363583
15342,15350,long,target,0.003028732025430303
15344,15350,long,target,0.003297015218672872
15365,15367,short,target,0.0037170466374898403
15374,15402,long,target,-0.048017763291021476
15500,15501,long,target,0.0013943096167363667
15500,15504,short,target,0.00013716401959151803
15512,15521,long,target,0.002507430486223594
15523,15544,short,target,-0.005365629311666398
15526,15544,short,target,-0.0032988683916170825
15624,15627,long,target,0.0019738892544238773
15624,15625,short,target,-0.00025965483217649243
15653,15657,long,target,-0.0015941920944128052
15752,15753,long,target,-0.00026352423563646976
15752,15762,short,target,0.002026359899887531
15768,15777,long,target,0.0022377413194045737
15783,15794,short,target,0.0005161527123824783
15800,15815,long,target,0.0009475407011800829
15814,15815,long,target,0.0030788708888440652
15818,15843,long,target,-0.04950335786383564
15984,15989,long,target,0.004248338521073425
15984,15985,short,target,-0.0010924369747898899
16002,16026,short,target,-0.02347434240402413
16140,16141,long,target,0.00037652347189398583
16140,16151,short,target,-0.00031849531232808204
16151,16154,short,target,-0.0006250180850141396
16179,16201,short,target,-0.0017775169985849715
16181,16201,short,target,-0.001098724099449
16188,16201,short,target,0.0006442780059594533
16196,16201,short,target,0.002582864506034177
16210,16230,long,target,-0.002481159956738699
16316,16317,long,target,0.000847164591977867
16316,16327,short,target,0.001073072795873875
16325,16327,short,target,0.00331152572490101
16355,16358,long,target,0.002701590227895956
16368,16374,short,target,0.0031322190121640947
16379,16383,long,target,0.007212405337180039
16740,16743,long,target,0.0014002630797302906
16740,16741,short,target,-0.0005301215038486795
16755,16758,short,target,0.0027348853940192264
16768,16776,long,target,0.00508142002495382
16789,16800,long,target,0.0037297482152780503
16819,16834,short,target,-0.0027833293222698785
16876,16877,long,target,-0.00042843994964503196
16882,16896,short,target,0.0024021709289803184
16901,16918,long,target,-0.0016050170068027114
16904,16918,long,target,0.000660509018078681
16925,16935,short,target,0.005188060557464347
16953,16954,short,target,0.012634839260920794
17036,17037,long,target,-0.0016449294649986124
17036,17044,short,target,0.0014660802345727308
17044,17045,short,target,-0.00038369917984304447
17055,17057,long,target,0.006517287653509118
17088,17089,short,target,0.0063632960804236305
17091,17110,long,target,-0.0030942244699806443
17260,17262,long,target,0.0017496300936377107
17260,17261,short,target,-7.559558521785803e-05
17285,17288,long,target,0.004284754723522299
17287,17288,long,target,0.005390309373390023
17291,17307,short,target,-0.007357688223963987
17295,17307,short,target,-0.0008003286683064825
17299,17307,short,target,0.007016214658819964
17460,17461,long,target,0.0004994225426850907
17460,17466,short,target,0.0004111521106675564
17472,17474,short,target,0.0006143945350127744
17482,17497,long,target,-0.0030024404585355935
17485,17497,long,target,-0.0010740018560420062
17488,17497,long,target,0.0005274178977436872
17520,17524,short,target,0.0011114995851446707
17533,17534,short,target,-0.002153295898310259
17544,17552,long,target,0.0033177665613157714
17688,17689,short,target,-0.00032735400778483026
17727,17729,long,target,0.0033113430131685995
17735,17761,long,target,-0.004453108967781727
17737,17761,long,target,-0.005799655709484375
18056,18059,long,target,8.56146058518803e-05
18056,18057,short,target,0.0004657462378945265
18066,18079,long,target,4.2997344914086355e-05
18085,18092,short,target,0.0021620109929116893
18097,18105,long,target,0.0008288972974719311
18115,18120,short,target,0.0023310274286023613
18129,18135,long,target,0.005756378359919934
18204,18215,long,target,0.0011368572332541849
18204,18205,short,target,-0.0008840359186472746
18225,18231,short,target,0.0012603915258782017
18230,18231,short,target,0.0021882542236524305
18233,18234,long,target,0.0022234634471201
18242,18249,long,target,0.002097035040431239
18284,18304,short,target,-0.0013888218608069103
18298,18304,short,target,-0.000675643067419518
18300,18304,short,target,0.0010670870667974786
18303,18304,short,target,0.002740107995645724
18400,18402,long,target,0.0014555028173610651
18400,18401,short,target,0.0009694905086343741
18417,18420,short,target,0.001180826792479106
18425,18446,short,target,-0.0018354285592684372
18428,18446,short,target,-0.0007660919203903438
18437,18446,short,target,0.0006490500992195614
18868,18870,long,target,0.0014413330775571165
18868,18869,short,target,-0.0002332548905775722
18876,18889,short,target,0.0025337794164033145
18892,18904,long,target,0.0012480644643422245
18896,18904,long,target,0.002021249028245631
18912,18922,long,target,0.002153121245690004
18929,18938,short,target,0.0007777178646979355
18933,18938,short,target,0.001602098801277485
19164,19167,long,target,0.004004847973863024
19164,19165,short,target,-0.0011684702513790057
19190,19203,long,target,0.0004916290896401776
19328,19332,long,target,0.0013923447509132103
19328,19329,short,target,-0.0008674770171485102
19336,19344,long,target,0.0009591030002438217
19370,19372,short,target,0.007275405631683274
19396,19398,short,target,0.002093687215818818
19434,19448,long,target,0.0006519906919053575
19459,19462,short,target,0.0018405265921614955
19465,19471,long,target,0.0015823793037530454
19487,19499,long,target,0.0031142795883363217
19812,19825,long,target,0.0004099952526865902
19812,19813,short,target,0.0009071274298055876
19815,19825,long,target,0.0027197863102286224
19831,19844,short,target,0.0001830643902069884
19834,19844,short,target,0.0001076849354160192
20020,20021,long,target,-0.0011384834118156606
20020,20036,short,target,-0.0008437962285512413
20076,20081,long,target,0.0012328087225219608
20076,20077,short,target,0.00018148529702188831
20082,20085,short,target,0.0017030863769107452
20105,20109,long,target,0.0003955463617753008
20114,20126,short,target,0.00019235084794666513
20117,20126,short,target,0.0009083234486368941
20136,20155,short,target,-0.0028632098817994445
20142,20155,short,target,-0.0015380439699629322
20146,20155,short,target,0.0019638000862156613
20200,20201,long,target,8.536793580327107e-05
20205,20206,short,target,-0.00017079054674329353
20211,20213,short,target,0.0011260479984631644
20222,20223,short,target,0.00234099622987638
20636,20659,long,target,-0.0008277739959156039
20636,20637,short,target,-0.0001742378455490412
20673,20683,short,target,0.0011449757374188962
20693,20709,short,target,-0.002712011498928746
20695,20709,short,target,-0.0007051229897215849
20698,20709,short,target,-0.0004827380468094278
20700,20709,short,target,0.0009980202316057785
20716,20734,long,target,-0.0013919973797696938
20828,20836,short,target,0.0010188903357979395
20840,20841,long,target,0.0014278940742395996
20870,20880,long,target,0.0007319404615593328
20889,20892,long,target,2.732792969073472e-05
20900,20910,short,target,0.001278087893121338
20925,20928,long,target,0.0015038827518321085
20934,20951,short,target,-0.0002936761730731874
20936,20951,short,target,0.00043507581196022826
21296,21297,long,target,-0.00015131127431111668
21296,21298,short,target,0.000697598961713064
21306,21318,short,target,0.0005348922651335908
21317,21318,short,target,0.0008860841563831379
21324,21334,long,target,0.001674361141816627
21360,21365,short,target,0.0012171636300688515
21368,21372,short,target,0.0027558202490525208
21371,21372,short,target,0.0031077422847860525
21375,21391,long,target,-0.0005745164035272365
21379,21391,long,target,0.0003689055981423994
21408,21419,short,target,-7.036269261784245e-05
21412,21419,short,target,0.0015263291783262911
21440,21453,short,target,0.00011357244840559666
21462,21470,short,target,0.00012968556653669694
21481,21495,long,target,0.00039506440090919526
21508,21516,short,target,0.0011632310772060617
21525,21533,long,target,0.00038971583220570594
21539,21549,short,target,0.000497490915383425
21566,21572,long,target,0.0003138120590400195
21569,21572,long,target,0.0012998126103485053
21583,21589,short,target,0.0036024650150419113
21740,21748,long,target,0.0002876994897405005
21740,21741,short,target,-0.0001085540599218282
21744,21748,long,target,0.0013639673517296114
21759,21788,long,target,-0.005153490293716367
22224,22225,long,target,-0.000615660490137504
22224,22234,short,target,0.00023914863087415306
22236,22246,long,target,0.003709229930309643
22259,22268,short,target,0.00502389923629587
22316,22318,long,target,0.002814500981174639
22328,22332,short,target,0.003871764289866908
22335,22344,long,target,0.005716562335882802
22399,22407,short,target,0.0013587364953016046
22415,22418,long,target,0.0029972555250614707
22419,22420,short,target,0.0003310062590275997
22422,22460,long,target,-0.015871103749435234
22425,22460,long,target,-0.013536031684698524
22427,22460,long,target,-0.01227179301172765
22604,22605,long,target,0.0003530059352863102
22604,22606,short,target,0.00010172392127749674
22615,22636,long,target,-0.010602765729938901
22688,22689,long,target,0.0023774954627948652
22688,22699,short,target,0.0008416030418803011
22690,22699,short,target,0.0018709017261944183
22710,22711,short,target,0.0028840921458370694
22716,22730,long,target,-0.0013565562849737756
22787,22803,long,target,-0.0002606897973288502
22790,22803,long,target,0.0007525185095278442
22812,22817,short,target,0.001030727815099608
22823,22833,long,target,0.0006867630971192362
22839,22844,short,target,0.0019636690822428804
22870,22874,short,target,0.0018448952839864585
22908,22918,short,target,0.0014089958032486027
22949,22964,long,target,-0.0005511710871396458
23064,23090,long,target,-0.0020877586939370696
23064,23065,short,target,0.0005222122367687376
23068,23090,long,target,-0.0008932206376501828
23083,23090,long,target,0.0009009118689051743
23268,23269,long,target,-0.00036962503593584994
23268,23271,short,target,0.000645793827385166
23279,23285,short,target,0.004621727986674262
23496,23508,long,target,0.0013789299503585983
23496,23497,short,target,0.001417708467585932
23498,23508,long,target,0.0023618182933562437
23547,23549,short,target,0.0010772234565408212
23553,23564,long,target,0.0005572361088999056
23556,23564,long,target,0.001029228874771082
23571,23572,short,target,-0.0005269414114676962
23588,23593,long,target,0.004200571130285269
23629,23638,short,target,0.0017549974622859121
23664,23684,long,target,0.0008521647436761093
23844,23845,long,target,0.00012272272640800885
23844,23860,short,target,-0.0007664291758127106
24112,24123,long,target,0.0010040775343773678
24112,24113,short,target,0.0005206770026155993
24135,24137,short,target,0.0005755466162145062
24153,24156,long,target,0.0017224364200292275
24186,24192,short,target,0.0008200634019166486
24195,24228,long,target,-0.003904382470119483
24198,24228,long,target,-0.002657322057614153
24211,24228,long,target,0.0003631797308778495
24848,24850,long,target,0.0008386591248561448
24848,24849,short,target,-0.00016525587117388607
24866,24877,long,target,0.0005096808660889351
24869,24877,long,target,0.0034489129765349347
24904,24911,short,target,0.0024744876030013963
25104,25105,long,target,0.001998918518248516
25104,25106,short,target,0.0029004405501087405
25152,25155,long,target,-0.0009312290397385237
25152,25153,short,target,0.001615518733921073
25157,25161,short,target,0.0018029431829256204
25160,25161,short,target,0.000998927979729114
25460,25461,long,target,0.000646858965904773
25460,25473,short,target,0.0
25478,25487,long,target,0.0010433951827826249
25491,25492,short,target,0.0002890355010995993
25497,25507,long,target,0.0013263599904451695
25502,25507,long,target,0.0029213808561410204
25514,25526,short,target,0.0003894545751490508
25532,25535,long,target,0.0009802627858312984
25573,25579,short,target,0.0008606933293124897
25600,25606,long,target,0.0015348035577249508
25602,25606,long,target,0.0014529124290054707
25608,25609,short,target,0.00575827831258513
25614,25619,long,target,0.0029651313174645644
26236,26237,long,target,-0.0011556561625066797
26236,26260,short,target,-0.0029696501752093374
26616,26617,short,target,0.001172619338447367
26618,26629,long,target,0.0005311647160100019
26622,26629,long,target,0.0029253365973072043
26636,26639,short,target,0.0018768722870941001
26643,26644,long,target,0.003778460935490502
26646,26652,short,target,0.007613417803968181
26650,26652,short,target,0.008369229256662392
26864,26872,long,target,0.0014344475844272342
26864,26865,short,target,0.000803690842832383
26889,26893,short,target,0.002029923021894975
26904,26933,long,target,-0.0014727179008861002
26919,26933,long,target,0.002044435686487045
27000,27033,long,target,-0.02157986207065954
27000,27001,short,target,-0.00010438797941714206
27007,27033,long,target,-0.0165246913580247
27420,27426,long,target,0.003806472949400508
27420,27421,short,target,0.0012596012128529566
27422,27426,long,target,0.005240566007104208
27447,27451,short,target,0.006451487910725362
27485,27496,long,target,0.0011508893529803554
27508,27537,short,target,-0.0022797820682903813
27511,27537,short,target,-0.0011978515952033586
27521,27537,short,target,0.0002769226806116354
27541,27545,short,target,-0.0001351516594693125
27612,27614,long,target,0.001301336769206074
27612,27613,short,target,-6.441846233129489e-05
27628,27636,short,target,0.0032376804332323594
27644,27653,long,target,0.0054626174237550895
27908,27930,long,target,-0.005310083435083324
27908,27909,short,target,0.0001844560771917525
27918,27930,long,target,-0.0007091564232960534
27920,27930,long,target,0.0007934019668691672
28560,28561,long,target,-0.002154679170504381
28560,28566,short,target,0.005105618986170013
28572,28577,short,target,0.0047298089648586394
28575,28577,short,target,0.008705752274161371
28577,28578,short,target,-0.0006696540678694518
28605,28609,long,target,0.004032551653066152
28624,28631,short,target,0.005865314586564807
28728,28729,long,target,-0.001325587742212253
28728,28733,short,target,0.004363319031343238
28736,28741,long,target,0.006439359884923057
28848,28855,long,target,0.0013380135816776217
28848,28849,short,target,-8.956610818466881e-05
28852,28855,long,target,0.002364940596278675
28874,28886,long,target,-0.00023549201009254173
28880,28886,long,target,0.002163857398987057
28893,28897,long,target,0.0025214577177430364
28902,28907,long,target,0.0024579166337816982
28923,28939,short,target,-0.0023812592098702012
28926,28939,short,target,-0.0017649332967273335
28929,28939,short,target,-5.602962846795734e-06
28932,28939,short,target,0.0016416681140987155
28934,28939,short,target,0.002655804389361194
28948,28952,short,target,0.0020775623268698418
28967,28972,short,target,0.0009930375792197577
28981,28983,short,target,0.005075858991521631
29016,29017,long,target,0.0027965744770461765
29016,29043,short,target,-0.016399328340072072
29021,29043,short,target,-0.01374251563155926
29100,29101,short,target,-0.00204277617723303
29101,29112,long,target,0.0019595108439218745
29104,29112,long,target,0.003842966703557771
29124,29125,long,target,-0.0015152103811336692
29137,29139,short,target,0.0034062557303444763
29144,29154,long,target,0.003348723368749029
29196,29197,short,target,-0.00024297579077581233
29208,29214,long,target,0.0030893127527051867
29230,29235,long,target,0.010211114940356536
29237,29238,short,target,0.0036509918157858756
29552,29553,long,target,-0.0005605198141033219
29552,29576,short,target,-0.007534309462984723
29760,29768,long,target,-0.00203195325454697
29760,29761,short,target,0.002586093152130875
29772,29779,long,target,0.003698816696606988
29801,29816,long,target,-0.0008993619319783708
29904,29905,long,target,-0.0003869087054458875
29904,29909,short,target,0.0019489347239629584
29912,29914,short,target,0.002090673685104294
29924,29938,short,target,-0.0003850759338090981
29943,29949,long,target,0.004466840465441546
29955,29981,short,target,-0.011603331598125988
30224,30249,long,target,-0.012657677671103151
30224,30225,short,target,-0.0004537511705815511
30300,30301,long,target,-0.00014130556597746757
30300,30309,short,target,0.00019006774209273658
30327,30333,short,target,0.009528521878857887
30334,30338,long,target,0.006707167703689176
30342,30348,short,target,0.007229197194000392
30371,30380,short,target,0.005246359270682843
30394,30419,short,target,-0.017692713074306643
30900,30910,long,target,-0.00028507432294855306
30900,30901,short,target,0.001437616615177717
30906,30910,long,target,0.003151705854408382
30919,30927,long,target,0.0023313964808724386
30934,30947,short,target,0.0006177566753458041
30958,30969,long,target,0.001537192369376994
30977,31001,short,target,-0.005553309752400204
31388,31393,long,target,-0.0013196374622356233
31388,31389,short,target,0.0024713493082644256
31424,31446,short,target,-0.011458194489403328
31426,31446,short,target,-0.009915836776662745
31512,31517,long,target,0.0020926125019198327
31512,31513,short,target,9.600061440373509e-05
31521,31523,short,target,0.0009259614646501824
31532,31542,long,target,0.0012620119939308339
31535,31542,long,target,0.0037422981090529106
31553,31557,short,target,0.0018834931813693778
31586,31602,long,target,-0.0013635228822185264
31593,31602,long,target,0.002438624731317507
31612,31627,short,target,0.0010694417801648815
31634,31635,long,target,0.004620147883193537
31639,31663,long,target,-0.013038679335828807
31644,31663,long,target,-0.005757684163709587
31900,31901,long,target,0.0004416768187620601
31901,31913,short,target,0.002563266973739875
31916,31928,long,target,0.0018900276684463702
31916,31917,short,target,-5.358038762959261e-05
31934,31946,long,target,0.0017479074347612755
31988,31989,long,target,-0.0005550316318913007
31988,31994,short,target,0.001500341881182754
32003,32009,long,target,0.003658103118026723
32018,32023,short,target,0.0049828254684298745
32064,32089,short,target,-0.02046371015962467
32624,32647,long,target,-0.009374544844662491
32624,32625,short,target,0.0018615962856511903
32628,32647,long,target,-0.0061152735710365835
32631,32647,long,target,-0.0017123896954172046
32637,32647,long,target,0.006705479206286391
32660,32672,short,target,0.0019741414034109006
32662,32672,short,target,0.0036605716157418478
32678,32689,long,target,0.00234548138106927
33428,33442,long,target,-0.0024316909908921325
33428,33429,short,target,0.0003293084522502099
33445,33453,short,target,0.004007830888013819
33457,33482,long,target,-0.010582780814243242
33572,33573,long,target,0.0018547346884310034
33572,33575,short,target,-0.0010308270609875603
33581,33602,long,target,-0.002776984070290811
33583,33602,long,target,-0.0010733356588940035
34020,34021,long,target,-0.0022753847612427824
34020,34040,short,target,-0.010131028565299571
34072,34080,short,target,0.005650324121918127
34087,34089,short,target,0.01001951097268483
34100,34131,short,target,-0.015829951051265723
34107,34131,short,target,-0.013212674412528158
34111,34131,short,target,-0.009149581061543066
34114,34131,short,target,-0.004071803090215598
34208,34210,long,target,0.0012986217993564697
34208,34209,short,target,0.0005993866131155379
34221,34222,long,target,0.0022349642886823062
34226,34233,short,target,0.0010651579838829583
34252,34254,short,target,0.0039556547982484425
34271,34290,short,target,0.00047644623087705895
34282,34290,short,target,0.004617197110136972
34297,34308,long,target,0.004236584150191014
34329,34331,short,target,0.005788244538053711
34351,34372,long,target,-0.007095357234862876
34355,34372,long,target,-0.0026359764735809366
34363,34372,long,target,0.005749719148333998
34436,34456,long,target,-0.0006309894703632191
34436,34437,short,target,-0.0009105992881565106
34792,34793,long,target,0.0003041028543433466
34792,34804,short,target,0.0022944712556092206
34992,34993,long,target,0.0019266657450927038
34992,34995,short,target,0.004351693168752835
35014,35018,long,target,0.00372539974061481
35027,35033,long,target,0.004272550178387791
35084,35085,long,target,-0.0004121028088058809
35084,35096,short,target,0.0016685423283986367
35260,35261,long,target,-0.00019745327289288905
35260,35262,short,target,0.003846170066506671
35264,35268,long,target,0.004744642736429494
35536,35555,long,target,-0.0070818450069887184
35536,35537,short,target,0.0006660302377727856
35548,35555,long,target,0.006467833995259298
35578,35596,short,target,-0.0006814173480841346
35581,35596,short,target,8.016674683331004e-05
35601,35615,long,target,-0.0011324624370234737
35611,35615,long,target,0.001358768526630083
35621,35623,short,target,0.004181187778615758
35656,35666,long,target,0.001466144576159234
35672,35677,short,target,0.007479599057660158
35679,35690,long,target,0.005219965020852868
35708,35734,long,target,-0.01223740016028374
35710,35734,long,target,-0.008948859144686017
36272,36273,long,target,-0.0005054668180475286
36272,36277,short,target,0.0018932458648550643
36286,36288,short,target,0.003057164305078519
36298,36323,long,target,-0.004133391564761668
36307,36323,long,target,0.003489194499017634
36333,36347,long,target,-0.0023118982293763857
36336,36347,long,target,-0.0008176486312246878
36343,36347,long,target,0.0029198232323233153
36464,36465,long,target,-0.0010638214040865623
36464,36466,short,target,0.0035110749108393513
36473,36484,long,target,0.002653712412371778
36497,36508,short,target,0.002481114641742055
36516,36521,short,target,0.0030294771683274657
36518,36521,short,target,0.0037127881854339684
36539,36541,long,target,0.011174748933014733
36543,36575,short,target,-0.01081007961660363
36656,36657,long,target,0.0016353035976679475
36656,36662,short,target,-0.0007696588635099921
36666,36675,long,target,0.002686329435910517
36980,36981,long,target,0.0004041726787351596
36980,36983,short,target,0.0003477093634898232
36989,36991,long,target,0.002469895616542761
37002,37006,short,target,0.00157152668363425
37023,37028,long,target,0.0024473257698540696
37044,37047,long,target,0.0021107644937812253
37050,37082,long,target,-0.013200878707554153
37055,37082,long,target,-0.009088245109929893
37340,37341,long,target,0.003387728694151937
37340,37350,short,target,0.0011335216538621573
37343,37350,short,target,0.005154824663991864
37372,37392,short,target,-0.002822116767328242
37374,37392,short,target,-0.0008178746045441887
37390,37392,short,target,0.003977027610008621
37396,37415,long,target,-0.0018668805423015522
37456,37457,long,target,0.0005218173639225387
37456,37460,short,target,0.0007923502187967557
37472,37478,long,target,0.006201276493583485
37576,37577,long,target,-0.0009346906923324294
37576,37603,short,target,0.0022580445599245103
37595,37603,short,target,0.002359678659490383
37615,37620,short,target,0.0016267617741843043
37629,37636,long,target,0.0036819403914156723
37638,37658,short,target,-0.0037525670273277356
37768,37769,long,target,-0.0019393225124120228
37768,37775,short,target,0.004465784405533801
38128,38135,long,target,0.001678151424907126
38128,38129,short,target,-0.0002998904747831821
38143,38152,short,target,0.002970949749746543
38161,38166,short,target,0.008896580512748997
38170,38172,long,target,0.007494838295699191
38204,38227,short,target,-0.006313865939171381
38211,38227,short,target,-0.003141848648229306
38215,38227,short,target,0.00207732654107895
38237,38270,long,target,-0.004435431677956458
38240,38270,long,target,-0.003015900449360509
38242,38270,long,target,-0.0018125894939025056
38244,38270,long,target,-0.0009784905268260813
38256,38270,long,target,0.0012279841533635594
38273,38277,short,target,0.0012151722940718646
38283,38307,long,target,0.0003699254926536888
38303,38307,long,target,0.0013897238849536198
38356,38357,long,target,0.0007642969119801002
38364,38371,long,target,0.0005256892611675834
38375,38377,short,target,0.003350696030948175
38382,38387,long,target,0.009786812358043129
38976,38978,long,target,0.0028623544268275847
38976,38977,short,target,-0.0016209725835502065
39072,39073,long,target,0.005186821248026385
39072,39082,short,target,0.002618188213756145
39075,39082,short,target,0.004912600480467599
39668,39669,long,target,-0.0005499312585927063
39668,39674,short,target,0.004916297346275966
39686,39692,short,target,0.0045985370235701595
39701,39706,long,target,0.003891022752469553
39718,39749,short,target,-0.01698907172465769
39724,39749,short,target,-0.01309159932448467
39726,39749,short,target,-0.010111795000628088
39735,39749,short,target,-0.0061550056525562225
39888,39889,long,target,0.0034740889448432455
39888,39898,short,target,0.0001871798798647184
40040,40053,long,target,0.007304091865897533
40040,40041,short,target,-0.001565153798573582
40156,40172,long,target,-0.004762355102812754
40156,40157,short,target,0.005505160451144464
40192,40193,short,target,-0.004415924693262685
40193,40195,long,target,0.004073870108191713
40221,40235,long,target,0.0001983089037278507
40243,40273,short,target,-0.0030566046667321878
40280,40282,short,target,0.0004597934310395235
40297,40308,short,target,0.0046097924588353045
40840,40841,long,target,0.0004094345416527645
40840,40858,short,target,0.00033936088982766677
40854,40858,short,target,0.006749185972693139
40864,40870,long,target,0.007804206743846187
40900,40901,short,target,0.00210933585055173
40918,40921,long,target,0.010263985374771467
40935,40945,long,target,0.004677957546214584
40980,40989,long,target,0.0024996190498518533
40997,41001,short,target,0.003517932088106246
41010,41014,short,target,0.005351619492267368
41022,41031,long,target,0.004296838186787388
41025,41031,long,target,0.005339033018868067
41042,41051,short,target,0.003923058933582579
41116,41118,long,target,0.004687932466094669
41116,41117,short,target,-0.0005388505482155637
41128,41130,short,target,0.00413003464084416
41432,41433,long,target,0.002371814673836292
41434,41462,short,target,-0.013504542413510623
41439,41462,short,target,-0.007987001748771094
41447,41462,short,target,-0.0024229649548341836
41576,41577,long,target,0.00021448049759476007
41576,41599,short,target,-0.0031764454353868654
41597,41599,short,target,0.002239801268541841
41610,41619,long,target,0.0024979226589965098
41633,41650,long,target,-0.001947382293407296
41637,41650,long,target,0.004209740334976786
41657,41689,short,target,-0.006896832133037156
41670,41689,short,target,-0.0023429916089389158
41672,41689,short,target,-0.0002693677988584442
41700,41701,short,target,0.004510189829217248
41721,41729,long,target,0.001683385395480519
41723,41729,long,target,0.0039667683786763774
41908,41909,long,target,0.0003421609197682418
41908,41910,short,target,0.006350212339123917
42072,42073,long,target,0.002869933989007256
42072,42074,short,target,-0.00012301790538160606
42444,42450,long,target,0.0031630857104905097
42444,42445,short,target,0.0019492420692466261
42454,42464,short,target,0.007729337394307034
42466,42477,long,target,0.008295720669798445
42469,42477,long,target,0.0038767876298515525
42788,42800,long,target,-0.01489209815130621
42788,42789,short,target,0.011029485472068279
42793,42800,long,target,0.008041162403072732
42795,42800,long,target,0.015559793353795426
42825,42829,long,target,0.009430185233723964
42853,42890,long,target,-0.04003740419477719
42855,42890,long,target,-0.035327825851344086
42858,42890,long,target,-0.02813101671830953
42972,42973,long,target,-0.006624205315191922
42973,42989,short,target,-0.0038357758848737156
42979,42989,short,target,0.004435391425497759
43008,43035,long,target,-0.00511359900537367
43021,43035,long,target,0.0010344526873216076
43024,43035,long,target,0.0014861925491813643
43041,43073,short,target,-0.012568922785850978
43044,43073,short,target,-0.007075728864906816
43066,43073,short,target,0.0029145755299428977
43078,43082,long,target,0.006467559706835546
43090,43106,short,target,-0.0035879454352713003
43108,43110,short,target,0.0023359518129839607
43152,43153,short,target,-0.0005272947461740785
43304,43305,long,target,0.0013654264043494457
43304,43310,short,target,-0.0014410539646996234
43328,43337,long,target,0.0015649452269170805
43332,43337,long,target,0.009102760110032637
43356,43376,long,target,-0.005221088435374166
43356,43357,short,target,-0.0013502152701704295
43476,43477,long,target,1.9574670376387715e-05
43476,43479,short,target,0.0034148175583914586
43521,43531,long,target,0.005815450704504288
43553,43567,long,target,0.0022548430480442416
43644,43651,long,target,-0.000552436357076802
43644,43645,short,target,0.001657232393670327
43657,43673,long,target,-0.004724217772569594
43662,43673,long,target,0.0028034931010683106
43683,43719,short,target,-0.023641350316281007
43685,43719,short,target,-0.023150497646957646
43690,43719,short,target,-0.018993502441783994
44232,44233,long,target,0.00015043611429543802
44232,44239,short,target,0.00036418798119464135
44242,44247,short,target,0.00405847330403053
44252,44258,long,target,0.001168329559038117
44270,44285,short,target,-0.00010205582453604034
44278,44285,short,target,0.0030916911550618043
44293,44294,short,target,0.0014565594626914091
44310,44314,long,target,0.003125423015025497
44317,44351,short,target,-0.0037636252479011922
44848,44849,long,target,0.0009698690252675224
44848,44857,short,target,0.00082634337397125
44852,44857,short,target,0.003783633873286618
44864,44875,long,target,0.001459936783319682
44888,44925,long,target,-0.06912583366280634
45344,45383,long,target,-0.025186585342089396
45344,45345,short,target,-0.0012067186983008016
45353,45383,long,target,-0.02170108049086561
45356,45383,long,target,-0.021184243566623073
45363,45383,long,target,-0.009419110828017163
45480,45481,short,target,-0.00709271211487883
45481,45485,long,target,0.006549650630444992
45596,45597,short,target,-0.00038454459402614827
45598,45610,long,target,0.0009618247188953877
45633,45648,long,target,-0.000566548117291843
45638,45648,long,target,0.003581105966536935
45642,45648,long,target,0.003911235674153524
45651,45688,short,target,-0.026706684787279
45665,45688,short,target,-0.013249902129596203
45780,45781,long,target,-0.002440836587255135
45781,45783,short,target,0.003677347728856084
45785,45788,short,target,0.0033955965344567574
45908,45929,long,target,-0.001448162093412697
45908,45909,short,target,-0.0011037909401090396
45921,45929,long,target,0.0028074967751725577
46200,46201,long,target,0.00022552426450506147
46200,46202,short,target,0.003221684389648427
46220,46226,long,target,0.004935041674396068
46233,46234,short,target,0.006143118047484464
46238,46244,long,target,0.0022587828204347904
46267,46281,long,target,-0.0017409804435188914
46275,46281,long,target,0.00559275837546136
46278,46281,long,target,0.009745347856572772
46324,46372,short,time_exit,-0.036816424231264855
46329,46377,short,time_exit,-0.03506904945384259
46808,46809,long,target,0.005130961193303252
46808,46816,short,target,-0.0074645392450247705
46839,46845,short,target,0.003457425424137517
46855,46866,short,target,0.00198348540054738
46857,46866,short,target,0.0050703887298026995
46874,46895,long,target,-0.0022712198259400296
46876,46895,long,target,-0.0034196384953589787
46880,46895,long,target,0.0023254326953818794
46903,46924,short,target,-0.00151105715255484
47708,47713,long,target,0.0018734430864459917
47708,47709,short,target,-0.0006069563368641395
47711,47713,long,target,0.0029574721685037275
47729,47738,short,target,0.0021491812887546313
47732,47738,short,target,0.0019126685153509904
47745,47752,long,target,0.0058218506813938475
47754,47770,short,target,0.0013691474069850162
47778,47779,short,target,0.003131787817106435
47810,47813,short,target,0.0030022123364255027
47815,47833,long,target,-0.00852089591134153
47912,47914,long,target,0.0027812912263522893
47912,47913,short,target,-0.0017412200759620022
47923,47925,long,target,0.0033212858656292976
48988,48989,long,target,0.0012103213216494435
48988,48990,short,target,0.0007870612467051341
49006,49007,short,target,0.004031352588299564
49037,49041,short,target,0.003601671175425425
49062,49065,short,target,0.0030487560701482064
49072,49075,short,target,0.0026058614545882985
49090,49107,short,target,-0.003965834428383719
49093,49107,short,target,0.0004126149802892165
49308,49309,short,target,0.0031094964647055967
49310,49327,long,target,-0.0016336346943492952
49360,49361,long,target,0.005379557680812885
49362,49371,short,target,0.0028339105634405115
49374,49389,long,target,-0.002795419052576742
49378,49389,long,target,0.006795606243758856
49548,49549,long,target,8.769622029292101e-05
49548,49556,short,target,0.0015277130880297918
49558,49574,long,target,0.0004056405384345041
49568,49574,long,target,0.002610379467867574
49592,49593,short,target,-0.0016229653556273371
49601,49608,long,target,0.006886479687016944
49640,49641,long,target,0.0006974610296963668
49655,49662,short,target,0.003203796935889791
49669,49674,short,target,0.0014650061503860279
49690,49695,short,target,0.0024491105861554896
49719,49736,short,target,-0.0017911634194747172
49722,49736,short,target,0.0008968891282918889
49732,49736,short,target,0.0029024691906818223
49760,49775,long,target,0.002172190173274968
49767,49775,long,target,0.006207075219811786
49798,49810,long,target,0.0006452824300702265
49802,49810,long,target,0.0018561079455188256
49827,49828,long,target,0.0035593314600939063
49834,49860,short,target,-0.0023475714281975257
49851,49860,short,target,0.0021539033282125253
50048,50049,long,target,0.000643945467018181
50048,50053,short,target,0.0002392369655288551
50068,50071,short,target,0.003611333221109403
50160,50161,long,target,0.002447246652877544
50160,50162,short,target,0.0003400830737279037
50162,50163,short,target,0.0010395010395010118
50166,50176,long,target,-0.0011728105158549385
50168,50176,long,target,0.00251574947718769
50179,50203,long,target,-0.004717079585063955
50516,50536,long,target,-0.0035880175390101687
50516,50517,short,target,0.0009439643246587082
51620,51626,long,target,0.000715225725238966
51620,51621,short,target,0.006249838068451696
51628,51637,short,target,0.003007213886302873
51632,51637,short,target,0.008099200932150774
51651,51666,long,target,0.0015658440270764906
51678,51688,long,target,-0.0003803988753922072
51682,51688,long,target,0.002777363341099237
51704,51718,short,target,0.0004889164639043653
51707,51718,short,target,0.0011894108127734615
51724,51732,long,target,0.0005953897369694872
51727,51732,long,target,0.0015385849602604917
51736,51742,short,target,0.002163876430061773
51747,51765,short,target,-0.0008491552614856568
51756,51765,short,target,-3.419417160344107e-05
51760,51765,short,target,0.002293859011731403
51783,51820,long,target,-0.0069090794844038905
51788,51820,long,target,-0.004614785635764007
51808,51820,long,target,-8.339827854453308e-05
51812,51820,long,target,0.001581444385872377
52048,52062,long,target,0.0032111161284800183
52048,52049,short,target,-0.0009671208399798514
52071,52086,long,target,0.0005416524840538006
52074,52086,long,target,0.0028569309500854345
52089,52090,short,target,0.0013096296296295495
52093,52103,long,target,0.004309998183069208
52095,52103,long,target,0.003282005504723795
52101,52103,long,target,0.006823074832857268
52116,52122,short,target,0.0016041815270506632
52153,52160,long,target,0.0007734731314401611
52170,52203,short,target,-0.015468065276161735
52360,52361,long,target,0.0002003700953527865
52360,52371,short,target,0.0008375406973999411
52379,52383,long,target,0.001954624369618907
52412,52417,long,target,0.0012778494267426943
52428,52441,long,target,0.0015043316426943676
52452,52458,short,target,0.0023420517909460425
52467,52469,long,target,0.0030075632238240058
52628,52629,long,target,0.0001243374692410093
52628,52632,short,target,0.0015986978721678202
52652,52653,long,target,0.0010088418611393646
53040,53045,long,target,-0.0006459862278400674
53040,53041,short,target,0.0007831218904228443
53052,53088,short,target,-0.01538647809341187
53055,53088,short,target,-0.012267951163802748
53128,53129,long,target,0.002185745226352287
53128,53130,short,target,0.0008232337817963842
53139,53154,long,target,-0.0064816353664617354
53164,53165,long,target,-0.0010276288218085128
53164,53172,short,target,0.00691621670812359
53175,53200,long,target,-0.023653558849973333
53292,53293,long,target,-0.0030669926778414958
53292,53310,short,target,-0.0021980247171635714
53332,53333,short,target,0.0008613095820690919
53335,53336,long,target,0.008550881493845086
53340,53345,long,target,0.00809936975754355
53378,53383,long,target,0.002830250557523284
53380,53383,long,target,0.004827250800160332
53394,53406,short,target,0.0062813745277647826
53425,53426,short,target,0.0035037091436131984
53429,53435,short,target,0.002110147097257098
53439,53445,short,target,0.006047711154094193
53442,53445,short,target,0.008833010960670462
53480,53484,short,target,0.006270049105134179
53487,53494,long,target,0.0054979354293331895
53502,53529,short,target,-0.008196616864706407
53512,53529,short,target,0.0003822751744131381
53632,53633,long,target,0.004850820439491477
53632,53646,short,target,-0.0020221541060607695
53684,53686,long,target,0.004188820624252854
53702,53717,short,target,-0.000771117676365396
53705,53717,short,target,0.0034049764063377452
53721,53724,long,target,0.002358258194311569
53741,53753,short,target,0.003909304143862258
53745,53753,short,target,0.004516358689779176
54168,54169,long,target,-0.0003555700633323111
54168,54185,short,target,-0.0007630186415356066
54172,54185,short,target,0.0018347394815549922
54180,54185,short,target,0.0040247777198556545
54193,54202,short,target,0.0032716009925213285
54200,54202,short,target,0.004820236275837164
54216,54222,long,target,0.004472010871968468
54235,54240,short,target,0.004243115910221418
54245,54254,long,target,0.006538826299764322
54266,54268,short,target,0.005447582379323634
54274,54285,long,target,0.002595061430199941
54300,54331,short,target,-0.014262414744861895
54380,54382,long,target,0.0017945537447312532
54390,54420,short,target,-0.007100746832160665
54395,54420,short,target,-0.0039293458593698816
54398,54420,short,target,-0.0035532228329472337
54428,54429,short,target,-0.00045480257304564287
54453,54468,long,target,-0.0011371493551391998
54460,54468,long,target,0.0036863078354139045
54491,54495,short,target,0.003004024420917961
54500,54503,short,target,0.013587411094895696
54524,54525,long,target,-0.0015596649692454223
54768,54769,long,target,0.0005695271190311324
54768,54770,short,target,0.0012765587911771625
54772,54773,long,target,0.002199398638109251
54776,54824,long,time_exit,-0.07124427146368995
54783,54831,long,time_exit,-0.0723890435037351
55020,55028,long,target,0.0020897001480333355
55020,55021,short,target,0.0011184234850445396
55039,55051,short,target,-3.0577112420937524e-06
55041,55051,short,target,0.0009570636187401504
55057,55069,short,target,-0.0006054355332851813
55080,55081,short,target,-0.002164998578072952
55092,55093,long,target,0.0027571819404583753
55172,55175,long,target,0.00011620581885352088
55172,55173,short,target,0.001893451965145676
55178,55184,short,target,0.00242324849923814
55204,55205,long,target,0.0018341356407287623
55204,55246,short,target,-0.028359976317347546
55328,55329,long,target,-0.001355458557003919
55329,55340,short,target,0.004453386585786978
55346,55347,long,target,-0.0008790357424871553
55347,55350,short,target,0.0046863389026057245
55349,55350,short,target,0.0027986192679243516
55356,55383,long,target,-0.009151140342661734
55452,55462,long,target,0.002021000304658127
55452,55453,short,target,0.0032137312872779766
55460,55462,long,target,0.007931426837593847
56040,56056,long,target,0.0006756027455856461
56040,56041,short,target,-0.0007589768991399515
56058,56070,long,target,0.0027553567376574772
56063,56070,long,target,0.0060369043892563035
56065,56070,long,target,0.008546102903718822
56074,56088,short,target,-0.001492608984465682
56113,56150,long,target,-0.04091362813760413
56123,56150,long,target,-0.01052838687530877
56424,56425,long,target,-0.0029138152266895423
56424,56427,short,target,0.007266306877411255
56449,56491,short,target,-0.021247322119572698
56451,56491,short,target,-0.019146144039122293
56453,56491,short,target,-0.020308895610332445
56656,56657,short,target,-0.005445233445097952
56657,56686,long,target,-0.005787677289952109
56674,56686,long,target,0.0008409823583115372
56679,56686,long,target,0.0006059710876045177
56682,56686,long,target,0.00515132492533632
56697,56702,short,target,0.003067623724971602
56728,56732,short,target,0.003658428427836702
56757,56765,short,target,0.003059644684051399
56856,56870,long,target,-0.004525024065245242
56856,56857,short,target,0.006522833732586664
56860,56870,long,target,0.0022053156501100624
56862,56870,long,target,0.004793071658907744
56892,56900,short,target,-0.0012559213106839717
56972,56973,long,target,0.002032279176218843
56972,56974,short,target,0.00046714478808085325
56980,56993,long,target,0.008755915766462508
57021,57028,long,target,0.0024582520979907763
57078,57098,short,target,-0.0025389179300531195
57085,57098,short,target,0.0005637778485163558
57092,57098,short,target,0.004456529659700781
57094,57098,short,target,0.003121871895866102
57110,57116,long,target,0.0019113854089904958
57123,57125,short,target,0.0023070614475468876
57132,57134,short,target,0.0027927396431115525
57138,57150,long,target,0.0036650625601539755
57158,57188,short,target,-0.014293077695800793
57163,57188,short,target,-0.00561339087184376
57532,57533,long,target,0.0014084721503182518
57532,57543,short,target,0.0015784537253795694
57548,57554,short,target,0.004044882195662458
57557,57576,long,target,-0.005991970074432973
57561,57576,long,target,-0.0017253515738573366
57564,57576,long,target,0.0012508681255010146
57588,57618,short,target,-0.00672788676810987
57603,57618,short,target,0.0008044624900389596
57852,57853,long,target,0.000509518234248274
57852,57867,short,target,0.0016033935480603834
57878,57881,short,target,0.0021769110246283585
57888,57905,long,target,0.0005679852906372851
58412,58413,long,target,0.0004121162167731729
58412,58423,short,target,0.0034394869001277417
58430,58450,long,target,-0.005406134891401182
58433,58450,long,target,-0.0039868509442437805
58437,58450,long,target,-1.5963093328408284e-05
58457,58465,short,target,0.0033588102950328214
58474,58495,long,target,0.002460153578111912
58688,58697,long,target,-0.0011891741404338463
58688,58689,short,target,0.00037399389673797856
58693,58697,long,target,0.0051189280268313375
59116,59119,long,target,0.002224216817356073
59116,59117,short,target,-0.0008355717323021983
59125,59140,long,target,0.002626962508484487
59146,59159,short,target,-0.0013659766733213896
59156,59159,short,target,0.00455763370810125
59173,59183,short,target,0.003167383357949083
59177,59183,short,target,0.004417780914663494
59189,59206,long,target,-0.0009800603857834655
59200,59206,long,target,0.011439733384354556
59226,59241,short,target,0.0005393954421086811
59384,59385,short,target,-0.007261729829477481
59385,59389,long,target,0.002221235006663713
59403,59425,short,target,-0.003555708911574307
59504,59505,long,target,0.0010849785994377914
59504,59508,short,target,-0.0006573892256467317
59523,59540,short,target,-0.0050232754972492355
59556,59557,short,target,0.0011538820494980673
59560,59574,long,target,-0.0014234966176019936
59565,59574,long,target,0.000621660173298455
59580,59587,long,target,0.0013747735478151224
59583,59587,long,target,0.007054992764109924
59611,59620,short,target,0.003879398352957253
59636,59648,long,target,4.2570763251204013e-05
59638,59648,long,target,-0.0006933927751026081
59644,59648,long,target,0.0038802589688253786
59661,59665,short,target,0.008010771931618477
59820,59821,long,target,-0.001212561143601909
59820,59823,short,target,0.0022072682781653086
59827,59835,long,target,0.0018503493724542075
59842,59860,long,target,-0.0007409584442356065
59845,59860,long,target,0.00038954688238179713
59850,59860,long,target,0.0018551335737673202
60552,60553,long,target,0.0011490549411301565
60552,60556,short,target,0.002354103922987738
60656,60692,long,target,-0.018028823698655216
60656,60657,short,target,0.0028741662294835546
60663,60692,long,target,-0.010202967108707384
60676,60692,long,target,-0.0025051051005458014
60678,60692,long,target,-0.0006236547690575689
60681,60692,long,target,0.004345250606691664
60728,60729,short,target,0.007732842995532119
60731,60739,long,target,0.005479210779227195
60761,60768,short,target,0.0044932186032098365
60764,60768,short,target,0.003956602083734717
60956,60963,long,target,0.004932914644590447
60956,60957,short,target,-0.00047935902849916
60970,60974,long,target,0.004153302237596357
60977,61000,short,target,-0.0017405158873986526
60985,61000,short,target,0.004927056904675764
61004,61010,long,target,0.004944081643444287
61136,61137,long,target,-0.0001232423953839712
61136,61140,short,target,0.004343471851826708
61161,61164,short,target,0.0039162631728850705
61177,61196,long,target,-0.0038423219354474236
61180,61196,long,target,-0.0006826479196210267
61182,61196,long,target,0.0013870202119456998
61228,61229,long,target,-5.2566759785044326e-05
61228,61233,short,target,0.0007966450720739982
61235,61237,long,target,0.0013835626738851747
61246,61268,long,target,-0.009277647351423779
61251,61268,long,target,-0.006976287421530891
61253,61268,long,target,-0.005466196586369598
61752,61753,long,target,0.0028307008782217924
61752,61771,short,target,-0.0021876499098473223
61785,61813,long,target,-0.0023787185639679853
61801,61813,long,target,0.00031635426682830037
61820,61838,short,target,0.0003976966734331455
61858,61866,short,target,0.0009800151344108166
61863,61866,short,target,0.0011082027680260342
61871,61891,short,target,-0.0041015913681824445
61874,61891,short,target,-0.0029314677045868542
62088,62089,long,target,-0.002143049579962253
62088,62092,short,target,0.009423505610014482
62104,62107,short,target,0.004769319019913176
62115,62117,long,target,0.008542695011016788
62119,62124,short,target,0.007226894195158762
62141,62156,long,target,-0.0004719149075868012
62160,62162,short,target,0.0042114016598604476
62175,62177,short,target,0.01109586001134244
62580,62581,long,target,0.0027925910848769497
62580,62592,short,target,-0.0010166734444896353
62596,62597,short,target,-0.0012840882770054352
62601,62605,long,target,0.014884371205834412
62848,62851,long,target,0.003930591506087655
62848,62849,short,target,0.0018517593634865825
62889,62899,short,target,6.851296417553776e-05
62923,62931,long,target,0.00014539833404114688
62928,62931,long,target,0.004326392917932909
63056,63076,long,target,-0.0019472285955801638
63056,63057,short,target,0.0023375974944586098
63120,63129,long,target,0.0026473187364173256
63120,63121,short,target,-0.00018580876107254785
63133,63136,short,target,0.0024630355207615473
63154,63159,short,target,0.0015705419315774627
63158,63159,short,target,0.0013396911898273522
63163,63169,short,target,0.0014435140119106737
63173,63185,long,target,0.0007228140551382989
63860,63861,long,target,-0.0001733018434478817
63860,63866,short,target,0.001190346491705796
63879,63889,long,target,0.0030839964060513925
63895,63912,short,target,-0.003942028520556251
63956,63962,long,target,0.002071144206437614
63956,63957,short,target,0.0011860673395782673
63967,63984,short,target,-0.0037294039698315684
64232,64235,long,target,0.003862720787467522
64232,64233,short,target,-0.00016201959306705316
65332,65339,long,target,0.009243210185593043
65332,65333,short,target,-0.002579022057591751
65346,65368,short,target,-0.006936402202474046
65612,65613,short,target,-0.0023068558246538418
65613,65635,long,target,-0.002844284088980631
65800,65801,long,target,0.0022438846130421464
65800,65820,short,target,-0.007353549495656475
65803,65820,short,target,-0.004422948420148121
65856,65857,long,target,0.004510703363914459
65856,65858,short,target,-0.00173945119837704
65876,65877,long,target,-0.0021958788003128005
65901,65925,long,target,-0.006385029443503387
65904,65925,long,target,-0.0028888360465042506
65914,65925,long,target,0.005505508749189758
65952,65953,long,target,0.003421314627984673
65955,65970,short,target,-0.0009957559527837834
65958,65970,short,target,0.0026553492074232743
65980,65988,short,target,0.006337935652970916
66001,66008,long,target,0.004698573206434853
66084,66091,long,target,-0.0014199775490035815
66084,66085,short,target,0.008576810677952018
66086,66091,long,target,0.005335179341876328
66098,66101,short,target,0.006580696836203437
66104,66113,long,target,0.004676378483498889
66122,66129,short,target,-4.485324977809846e-05
66124,66129,short,target,0.005962278416936639
66133,66142,long,target,0.0062340551429338475
66158,66161,long,target,0.002336962143152599
66179,66187,short,target,0.004473784011364446
66181,66187,short,target,0.003904919234057447
66189,66197,long,target,0.003933438095944819
66201,66204,short,target,0.009328791515057722
66246,66248,short,target,0.007957585644371878
66251,66253,long,target,0.014271931976126195
66260,66278,short,target,0.003150679235264464
66448,66450,long,target,-0.002539919415012748
66448,66449,short,target,0.003807908825899764
66648,66649,long,target,-0.0009860884763456257
66648,66677,short,target,-0.0246183706203692
66655,66677,short,target,-0.02043419790877754
67004,67005,long,target,0.001101057572767239
67004,67008,short,target,0.0033898873953246422
67038,67043,long,target,0.0056789866232696
67061,67073,short,target,0.0019007603041216736
67069,67073,short,target,0.005991285403050162
67106,67107,short,target,-0.0024939044077534334
67111,67141,short,target,-0.023085225238906104
67114,67141,short,target,-0.019050124198674467
67117,67141,short,target,-0.014898417416016718
67120,67141,short,target,-0.010128429022355778
67180,67181,long,target,0.002412555100304914
67180,67199,short,target,-0.010097875452340088
67183,67199,short,target,-0.0037050729545865524
67185,67199,short,target,-0.0022910465684224945
67220,67221,long,target,0.0010273229968555952
67220,67223,short,target,0.0010908558062292517
67244,67252,long,target,0.0032518605307123583
67255,67269,short,target,-0.0023299851581291
67263,67269,short,target,0.004991286124871097
67282,67287,long,target,0.00567975404902743
67302,67305,short,target,0.0029638076591029794
67308,67310,short,target,0.008817881392223503
67313,67348,long,target,-0.01812371666734658
67436,67439,long,target,0.0036357681878609327
67436,67437,short,target,-0.003685965678765113
67808,67813,long,target,2.50512925226154e-06
67808,67809,short,target,0.0007370508439734635
67811,67813,long,target,0.002420784595372538
67823,67832,short,target,0.0041659765199542065
67825,67832,short,target,0.0035988014033820903
67853,67862,short,target,0.0025632642058996957
67868,67876,long,target,0.0012455165149500846
67894,67901,long,target,0.002876142348933186
67897,67901,long,target,0.0027626948215182523
67908,67916,long,target,0.0034243719246993543
67912,67916,long,target,0.00295292248389023
67946,67950,long,target,0.003176335670526109
67964,67969,short,target,0.0048755491586474076
67971,68019,long,time_exit,-0.027367176494264456
67976,68021,long,target,-0.017559191549765374
68384,68395,long,target,0.004260957943624799
68384,68385,short,target,-0.0034206970118904056
68398,68415,short,target,0.005480460574920576
68404,68415,short,target,0.008741965294706722
68413,68415,short,target,0.01607069768399705
68416,68422,long,target,0.00714761831513111
68438,68448,long,target,0.0023694679327737056
68454,68457,short,target,0.005171605605518215
68474,68480,short,target,0.002123743813192247
68476,68480,short,target,0.002195215960751451
68490,68506,long,target,-0.002476562479950095
68500,68506,long,target,0.0056220327800990955
68522,68533,long,target,0.0035171117509542604
68564,68565,long,target,0.001140678549591323
68564,68570,short,target,0.00244144900513521
68592,68593,long,target,-0.0006119998450634379
68595,68616,short,target,-0.0037791324158739092
68604,68616,short,target,-0.0019318986484405665
68632,68636,long,target,0.009379294637704039
69160,69200,long,target,-0.029794051525879217
69160,69161,short,target,-0.003513399843785403
69174,69200,long,target,-0.0033711145913519758
69264,69265,long,target,0.004240806642942019
69264,69267,short,target,-0.0005009351778023641
69384,69385,long,target,-0.002146975097480963
69384,69386,short,target,0.00889659853684277
69398,69408,short,target,0.012641023755240122
69465,69485,short,target,-0.01159436926918156
69467,69485,short,target,-0.008787613540157002
69471,69485,short,target,0.00204336408902428
69572,69577,long,target,0.006669159268566149
69572,69573,short,target,-0.0029188136323046177
69597,69604,short,target,0.005356705251474025
69599,69604,short,target,0.007833244439318987
69601,69604,short,target,0.0057113202923411155
69617,69656,long,target,-0.019741146434584467
69820,69821,long,target,-0.0005319323788434138
69820,69822,short,target,0.0028169942671170123
69840,69877,short,target,-0.009893253125737078
69850,69877,short,target,-0.006189549422033425
69862,69877,short,target,0.0011588818117480582
70240,70241,long,target,-0.0007171243314308962
70240,70242,short,target,0.0033878995023084446
70256,70269,short,target,0.0004947337676657337
70262,70269,short,target,0.0017375288346337392
70277,70325,short,time_exit,-0.021928332074078738
70612,70613,long,target,0.0018257210906746923
70612,70615,short,target,0.00042064596830226897
70615,70616,short,target,0.0016854197332711873
70620,70621,long,target,-0.00026483196963256184
70621,70632,short,target,0.0017719076617728202
70623,70632,short,target,0.003007543737923335
70625,70632,short,target,0.0043841584267891864
70642,70653,short,target,-0.00041792916100724664
70661,70663,long,target,0.007067723144032367
70665,70683,short,target,-0.00044749077732431086
70700,70701,long,target,0.002052328899424971
70776,70780,long,target,0.0017413294600787665
70776,70777,short,target,-0.00026426341341145854
70791,70839,long,time_exit,-0.08140376760515289
70793,70841,long,time_exit,-0.0777243392789353
70802,70848,long,target,-0.0645999312005503
71184,71185,long,target,0.0015229218080567986
71184,71193,short,target,0.0027998405348217403
71222,71227,short,target,0.005900961187492504
71261,71278,long,target,-0.003921628607699512
71271,71278,long,target,0.005946901123887072
71289,71308,short,target,-0.002694267671226269
71294,71308,short,target,0.00041755053275793763
71323,71328,long,target,0.011842247433819564
71331,71335,short,target,0.014511602226891407
71520,71521,long,target,0.001677139748212042
71520,71522,short,target,0.0014684880471902417
71531,71535,long,target,0.008820983541221628
71536,71540,short,target,0.0024290919482747864
71550,71557,short,target,0.004535570052811355
71554,71557,short,target,0.005377446411929165
71560,71573,long,target,0.003055815403804285
71724,71725,long,target,-0.0011756602698080876
71724,71734,short,target,0.002455305990648915
71788,71790,short,target,0.0007065322114458983
71928,71955,long,target,-0.02794331274128925
71928,71929,short,target,0.0002881896834159292
72176,72182,long,target,0.0005859357393758202
72176,72177,short,target,0.001492604685454646
72196,72198,short,target,0.00472799720714101
72218,72234,long,target,-0.002445142960768809
72224,72234,long,target,0.0025241479861493055
72240,72245,short,target,0.005057506053268712
72249,72289,long,target,-0.015567145035212171
72254,72289,long,target,-0.007629816664836975
72257,72289,long,target,-0.007499672137147417
72268,72289,long,target,-0.0018219964664311084
72277,72289,long,target,0.0004365469749139095
72532,72533,long,target,-0.0004511173480354902
72532,72563,short,target,-0.009809241432652938
72546,72563,short,target,-0.00019486573750693292
72562,72563,short,target,0.0016698494737126257
72577,72583,long,target,0.003810258759977758
72591,72604,short,target,-0.00034744790527863056
72595,72604,short,target,0.0037051125761164982
72616,72630,long,target,0.0008593924942355002
72643,72659,short,target,-0.004164338122622624
72645,72659,short,target,-0.0028783808957234536
72650,72659,short,target,0.0038548671077378582
72665,72713,long,time_exit,-0.0716668081648495
72836,72837,long,target,-0.001350092523823343
72836,72838,short,target,0.00538197465630974
72845,72864,long,target,-0.012076963979252953
72900,72933,long,target,-0.006517937069731694
72900,72901,short,target,0.0045281738818769846
72915,72933,long,target,0.0002886771210550698
72918,72933,long,target,0.00500476951634532
73176,73201,long,target,-0.012541712255901727
73176,73177,short,target,0.0030492253812290926
73556,73559,long,target,0.02318989761594037
73556,73557,short,target,-0.0009659245330141397
73561,73574,short,target,0.0025764392083897913
73581,73595,short,target,0.0013676698638791507
73602,73614,long,target,0.005159996220847729
73625,73626,short,target,0.004600284381216291
73650,73666,short,target,-0.0023147493709535505
73660,73666,short,target,0.0022794096859009016
73672,73674,short,target,0.008564438638045457
73681,73714,long,target,-0.030405151327405178
73684,73714,long,target,-0.02521755723816621
73696,73714,long,target,-0.005067654473426941
73908,73909,long,target,0.00025835866261392226
73908,73914,short,target,0.0025215397390092598
73926,73944,short,target,-0.0025892577837912656
73936,73944,short,target,0.004247588824356274
73976,73982,long,target,0.008702299947892733
74100,74113,long,target,0.0004784724766184745
74100,74101,short,target,0.002184052297375727
74116,74121,short,target,0.008774785494849446
74400,74401,long,target,0.004021623730581236
74400,74406,short,target,-0.0009070430770499183
74411,74422,short,target,-0.0007468232146838893
74448,74449,short,target,-0.001120617121242451
74449,74455,long,target,0.005126544106149655
74460,74479,short,target,-0.012591899674057605
74512,74514,short,target,0.0036235749417836693
74525,74539,long,target,0.0015676067377512481
74528,74539,long,target,0.0034857144973865495
74556,74570,long,target,0.0011618971962270574
74620,74621,short,target,0.003579013024043176
74650,74653,long,target,0.0028722285595383923
74667,74678,long,target,0.0029608775847005386
74956,74957,long,target,-0.0023593760352177418
74956,74967,short,target,0.0031088465514694796
74980,74981,short,target,0.0015161049350689293
74988,74999,short,target,0.0020616216137039345
74994,74999,short,target,0.004815332898793878
75020,75035,short,target,0.0037171450566368947
75034,75035,short,target,0.008372740936251288
75037,75047,long,target,0.0017880108013439422
75040,75047,long,target,0.004625989315030221
75872,75901,long,target,-0.02627958974267064
75872,75873,short,target,-0.0007924639809450129
75887,75901,long,target,-0.004653548788978168
75916,75931,short,target,0.0031527075795967363
75933,75938,long,target,0.005431431576656598
75954,75963,short,target,0.002466379822492648
75971,75973,long,target,0.0054756737203836
75975,75984,short,target,0.007267154439390966
75995,75997,long,target,0.019668128794814832
76292,76293,long,target,0.006022123571792548
76292,76296,short,target,0.004821732990251348
76301,76349,short,time_exit,-0.03655487804878044
76319,76350,short,target,-0.022184106700185224
76322,76350,short,target,-0.021071191648336374
76484,76491,long,target,0.01929420291201689
76484,76485,short,target,-0.0024562509268871713
76501,76515,long,target,-0.0007153507773632883
76505,76515,long,target,0.011020772629006359
76545,76549,long,target,0.003239431997712261
76560,76561,long,target,0.00621036987341661
76568,76577,short,target,0.00899266460777115
76583,76600,short,target,-0.0032513025615911184
76624,76629,long,target,0.0023275381140079876
76652,76690,long,target,-0.041866487178768175
76896,76897,short,target,0.0006891366996617521
76897,76924,long,target,-0.010618970053878019
76899,76924,long,target,-0.008346197116768317
76960,76965,long,target,0.0036440240665180923
76960,76961,short,target,0.007973532376723824
76982,76997,short,target,-0.0021103152842610884
77004,77021,long,target,-0.00869900492256992
77011,77021,long,target,0.002007378182575348
77033,77046,short,target,0.0026587824903221424
77048,77073,long,target,-0.016999851760869045
77058,77073,long,target,-0.002835645350991678
77064,77073,long,target,0.009432526177298728
77084,77113,short,target,-0.01066701958708316
77119,77124,short,target,0.00047583045632126897
77131,77141,short,target,-0.0005584090609771497
77134,77141,short,target,0.002892137495061231
77151,77168,short,target,-0.0018910662704432202
77174,77197,long,target,0.0009067269761697805
77191,77197,long,target,0.005223079942431097
77204,77213,short,target,0.0047475363361109135
77248,77258,short,target,0.002345193905602061
77251,77258,short,target,0.0027127629283343335
77254,77258,short,target,0.0037792307971071804
77285,77300,long,target,-0.00032151172739958156
77289,77300,long,target,0.002511778838653278
77314,77339,long,target,-0.012433586831961607
77320,77339,long,target,-0.008508524212948454
77432,77433,short,target,-0.0007118976554836287
77433,77434,long,target,0.0056635413480705665
77447,77465,short,target,-0.003779020242538733
77768,77769,long,target,-0.0017381170064200147
77768,77772,short,target,0.007317073170731714
77782,77792,long,target,0.002612595245583993
77802,77808,long,target,0.0023106677524429298
77860,77861,long,target,-0.0015634692879153977
77861,77885,short,target,-0.0029111788259588156
77895,77900,short,target,0.0015478086948654823
77916,77924,long,target,0.0033376356229579685
77929,77939,short,target,0.00015559046581770097
77931,77939,short,target,0.0010038094568889377
77937,77939,short,target,0.0027805521955821533
77944,77956,long,target,-0.0008250534523960296
77949,77956,long,target,0.003968133612366476
77960,77972,short,target,-0.0005568878498108942
77963,77972,short,target,0.0038229598338366255
78028,78033,long,target,0.002377155237264228
78028,78029,short,target,-0.000691604522492173
78043,78045,long,target,0.0050640302835052164
78048,78052,short,target,0.005001005227181388
78050,78052,short,target,0.008665058303176432
78224,78225,long,target,-0.0005346846564769914
78224,78227,short,target,0.0059065800949702485
78252,78262,long,target,0.005949768349182927
78255,78262,long,target,0.007138393031522083
78285,78288,short,target,0.0036307480793342783
78984,78986,long,target,0.00500703205134978
78984,78985,short,target,0.001546266190783685
79152,79159,long,target,0.01191492708356745
79152,79153,short,target,0.0018008689192534622
79165,79196,short,target,-0.005682507806551995
79176,79196,short,target,0.0005130808019508937
79240,79244,short,target,0.00579354417853839
79249,79269,long,target,-0.008625375800135338
79255,79269,long,target,0.0006382514150704566
79312,79314,short,target,0.00029888747440076635
79324,79372,long,time_exit,-0.09985225177186785
79326,79374,long,time_exit,-0.09949416342412454
79784,79785,long,target,0.005839235496302386
79784,79805,short,target,-0.0068337718929611935
79786,79805,short,target,-0.005217458767852179
79816,79824,short,target,-0.0007127263387698424
79819,79824,short,target,0.006446641838962375
79834,79837,long,target,0.0024088646218083376
79847,79851,short,target,0.011284599915461602
80140,80161,long,target,-0.010805483052548914
80140,80141,short,target,0.0034861713169300756
80151,80161,long,target,0.0011761518282693562
80154,80161,long,target,0.0023797927237527716
80200,80201,short,target,0.004845192431222278
80203,80211,long,target,0.005378880237209893
80205,80211,long,target,0.007891956959661828
80218,80261,long,target,-0.018452410261460495
80238,80261,long,target,-0.007487070333650703
80245,80261,long,target,-0.0018651578499361277
80384,80385,long,target,-0.0015173275054636282
80384,80387,short,target,0.00422004426970668
80393,80401,long,target,0.004198621797687929
80412,80417,long,target,0.012962249736398368
80470,80475,long,target,0.0019208215791308714
80483,80491,short,target,0.001768368932284048
80499,80504,short,target,0.0026570458938566244
80511,80518,long,target,0.004758985508162228
80536,80539,short,target,0.0011746231155778109
80542,80552,long,target,0.000572132734794506
80546,80552,long,target,0.002260904613756942
80558,80570,short,target,0.00025069253813669867
80563,80570,short,target,0.004543802253725859
81136,81138,long,target,0.0022993713541370475
81136,81137,short,target,0.0019520388591922622
81160,81162,short,target,0.005803329723876649
81169,81171,short,target,0.007652370203160341
81182,81190,short,target,0.009523543540188806
81216,81219,long,target,0.0026074236197963785
81223,81229,short,target,0.006962483973465661
81228,81229,short,target,0.00734712079826072
81272,81276,long,target,0.003022346368715123
81272,81273,short,target,-0.0009265150754049767
81297,81318,short,target,-0.003581661891117527
81368,81378,long,target,0.0022098830882557596
81368,81369,short,target,-0.0035643586378699688
81388,81393,short,target,0.0020182925134135665
81402,81421,long,target,-0.007908822495213963
81616,81617,long,target,0.002209620432620518
81616,81626,short,target,0.0020198657122247887
81618,81626,short,target,0.0031241329559958952
81632,81638,long,target,0.00377966761158377
81812,81834,long,target,-0.006392257602007234
81812,81813,short,target,0.0024226388798154197
81817,81834,long,target,-0.0029755092698557917
81819,81834,long,target,-0.0009774423773145635
81821,81834,long,target,0.004198982364274073
81824,81834,long,target,0.005733636048793622
81844,81853,short,target,-0.0015367093712024271
81850,81853,short,target,0.003569307227438534
81852,81853,short,target,0.004631925409652959
81858,81868,short,target,0.005673105578282822
81896,81902,long,target,0.0019214078679468116
81914,81937,long,target,0.0003061966548014716
81932,81937,long,target,0.004524464504368053
81939,81952,short,target,-0.0007104135699922409
81943,81952,short,target,0.002311576462358911
81959,81965,long,target,0.005748702702109698
81974,81981,short,target,0.006473924017438515
82022,82032,long,target,0.003804532546843875
82039,82041,long,target,0.002028186308097979
82066,82072,short,target,0.007305119071794319
82075,82098,long,target,-0.00807956277897337
82079,82098,long,target,-0.0031086305984390217
82172,82173,long,target,-0.000701173918521425
82172,82176,short,target,0.005264462127261282
82188,82201,long,target,0.0022407312679313396
82210,82237,long,target,-0.01362435701376341
82215,82237,long,target,-0.013042583143685449
82752,82753,long,target,0.004385581952834228
82752,82758,short,target,0.00451301678427618
82754,82758,short,target,0.00775425587050993
82757,82758,short,target,0.0034963919786308306
82774,82779,long,target,0.006100583673142923
82782,82797,short,target,0.007022284886225583
82810,82834,long,target,-0.02001130626944514
82813,82834,long,target,-0.008939315798521585
82815,82834,long,target,-0.0028118136399108984
82888,82889,long,target,-0.00048757489916062546
82888,82936,short,time_exit,-0.07684209743177683
82896,82941,short,target,-0.06287513824582447
82899,82941,short,target,-0.05388869102292526
82902,82941,short,target,-0.04565205166176167
83036,83038,long,target,0.0013427466671795951
83036,83037,short,target,0.0020626108412367117
83043,83046,short,target,0.014925257980518802
83067,83084,long,target,-0.009706171601382318
83072,83084,long,target,0.0023094324776236075
83140,83141,long,target,0.0033119477631584626
83140,83169,short,target,-0.008685051973999491
83145,83169,short,target,0.0011606033579605324
83200,83211,long,target,-0.0006184770003865303
83200,83201,short,target,0.0026315687482800776
83219,83220,long,target,0.0046426194803224075
83228,83249,long,target,-0.01874174857693567
83616,83617,long,target,-0.000762330598686245
83616,83624,short,target,0.004945916443386045
83635,83645,short,target,-0.0028317642595367953
83668,83669,short,target,-0.002214927026065072
83676,83685,short,target,0.035248373850794046
83683,83685,short,target,0.0437314017385968
84152,84158,long,target,0.0021994966987981535
84152,84153,short,target,0.0024166624165840034
84155,84158,long,target,0.004373235017257615
84181,84194,short,target,0.0027494046873042244
84185,84194,short,target,0.003936113548063558
84199,84204,long,target,0.011227290343502228
84218,84266,short,time_exit,-0.03317565601474304
84348,84349,short,target,-0.005637861490326634
84349,84356,long,target,0.008397866508517593
84383,84402,short,target,-0.01610700809021104
85044,85059,long,target,-0.00011872481884889208
85044,85045,short,target,0.0009161686516987455
85100,85102,long,target,0.003904593775776899
85100,85101,short,target,-0.0032081698831610828
85108,85111,short,target,0.014161876506582738
85276,85277,long,target,0.00020076209290476044
85276,85280,short,target,0.0017335693025501975
85299,85315,short,target,-0.004822715388049237
85307,85315,short,target,0.0022878005229256537
85444,85467,long,target,-0.0025934108154835878
85444,85445,short,target,-0.0016701161090291183
85453,85467,long,target,0.0014184511156740687
86044,86064,long,target,-0.003975546044805878
86044,86045,short,target,0.0011750741839762213
86073,86089,short,target,-0.002448572124794657
86095,86104,long,target,0.0016798504696482475
86100,86104,long,target,0.014651370869815272
86368,86380,long,target,-0.0010529632539755251
86368,86369,short,target,0.004454967569278212
86412,86417,short,target,0.0005645000993839133
86442,86446,short,target,0.004295971043731139
86456,86470,long,target,0.0011183411935604681
86460,86470,long,target,0.004793365981481612
86493,86501,short,target,0.001998942904944956
86516,86520,long,target,0.004897737787562528
87044,87045,long,target,0.0027855614375649207
87044,87046,short,target,0.0027059443621317847
87054,87064,short,target,0.003095195843358267
87082,87108,short,target,-0.00272233407738387
87144,87149,long,target,-0.0005637720879319019
87144,87145,short,target,0.0022436505514267235
87155,87156,short,target,0.00926101784490374
87159,87173,long,target,0.00363892572944291
87208,87211,short,target,0.0023313550899208835
87220,87230,long,target,0.001450228010352994
87222,87230,long,target,0.00430954568489228
87243,87248,long,target,0.00994686095282682
87304,87305,long,target,0.0007459119082158239
87304,87306,short,target,0.0010065508308170212
87330,87342,short,target,-0.00026303243518710495
87336,87342,short,target,0.0023097535714873274
87369,87382,long,target,0.0009432097138244444
87390,87410,short,target,-0.004754125142950483
87392,87410,short,target,-0.003753471654958318
87395,87410,short,target,-0.002303545172357424
87399,87410,short,target,-0.0006085606926973242
87401,87410,short,target,0.002009475575886377
87420,87433,long,target,-0.00012292562999394185
87445,87446,long,target,0.0016741737109478017
88244,88245,long,target,0.0020771454985346605
88244,88258,short,target,-0.002256937630019218
88249,88258,short,target,0.001138281587313994
88251,88258,short,target,0.004007536209129858
88271,88281,short,target,0.0017708896871948543
88648,88649,long,target,0.0016027097916815336
88648,88654,short,target,0.0020412156873328424
88659,88677,long,target,-0.0009245348434068212
88662,88677,long,target,0.0036878948267031753
88684,88685,long,target,-0.0028409283990891154
88712,88714,long,target,0.00023770391600219654
88716,88727,short,target,-0.0007086523399090217
88743,88748,long,target,0.0037646516171043753
88756,88771,short,target,0.00010090274320928572
88759,88771,short,target,0.005061954284330428
88762,88771,short,target,0.005072044558651401
88794,88800,long,target,0.003213244095284784
88811,88826,short,target,-0.0084033891245201
89288,89289,long,target,0.002677013266464412
89288,89305,short,target,-0.007199448266581365
89295,89305,short,target,0.006952738201371433
89313,89322,long,target,0.0012863434143710606
89329,89331,long,target,0.003666730550263342
89340,89341,long,target,0.0037919428978010483
89360,89364,short,target,0.00827719448449904
89381,89429,short,time_exit,-0.03574024974341439
89392,89440,short,time_exit,-0.035195952478709436
89556,89557,long,target,0.003535069005935476
89556,89559,short,target,-0.0012799556282049318
89573,89574,long,target,0.005385022422004004
89576,89579,short,target,0.01083508877117545
89680,89710,long,target,-0.013014741625419157
89680,89681,short,target,-0.0023524683501909838
89691,89710,long,target,-0.005065354168697023
89695,89710,long,target,0.0007461325011506315
90008,90025,long,target,-0.002356232381747092
90008,90009,short,target,0.0027031810648603383
90027,90045,short,target,-0.0011728371973732665
90029,90045,short,target,-0.00021372887423654063
90032,90045,short,target,-0.0007961400565312804
90040,90045,short,target,0.0037536133537801053
90356,90357,long,target,0.004383766874337169
90356,90367,short,target,-0.0046913599693367836
90375,90392,long,target,-0.0016646013279819627
90380,90392,long,target,-0.0004761665418934191
90383,90392,long,target,0.0057977804456677
90396,90410,short,target,-0.0005433664452756393
90414,90416,long,target,0.010015334227384542
91056,91057,short,target,-0.0007565285353106077
91060,91066,long,target,0.004744826357176324
91072,91094,short,target,-0.0030678701386688267
91104,91106,short,target,-3.267511136761936e-05
91110,91111,short,target,0.006618126464594587
91115,91125,long,target,0.004882929976706363
91129,91162,short,target,-0.03400419287211742
91484,91485,long,target,0.0006466076696165501
91484,91510,short,target,-0.015208206482079656
91490,91510,short,target,-0.008498840327775814
91564,91585,long,target,-0.013487390755158812
91564,91565,short,target,-0.00041157047853801476
91569,91585,long,target,-1.1789950246199332e-05
91588,91589,long,target,0.002662994217297543
91590,91606,short,target,0.0014021502758654325
91619,91620,short,target,0.002288558371030147
91629,91633,long,target,0.006865208014633195
92076,92077,long,target,-0.0022824877088150064
92077,92096,short,target,-0.007424127967577743
92082,92096,short,target,0.0010333704689169387
92084,92096,short,target,0.00525427414130486
92160,92198,long,target,-0.04024399781027599
92160,92161,short,target,0.00647904934962118
92244,92245,long,target,0.001060582008756139
92244,92246,short,target,0.004397315858065687
92250,92251,short,target,0.005105227614787156
92255,92259,long,target,0.0067049652923538705
92258,92259,long,target,0.012677600727900584
92273,92287,long,target,0.006810213178940039
92304,92310,short,target,0.006458175016075263
92484,92485,short,target,-0.0007140867065148493
92486,92490,long,target,0.0015270628170696021
92500,92502,long,target,0.006479785885336042
92506,92507,short,target,0.0010791653206363438
92509,92523,long,target,0.0018088031556440232
92543,92545,long,target,0.004193006132064303
92555,92570,short,target,0.0008891025431598809
92575,92585,short,target,0.0030257782394376154
92578,92585,short,target,0.006610340046464769
92589,92598,long,target,0.004951871732734592
92594,92598,long,target,0.014434361281282726
92768,92774,long,target,0.0028174683034816184
92768,92769,short,target,-0.0001991117519947183
92781,92788,long,target,0.005954881377327581
92798,92814,short,target,-0.007716959575670312
92805,92814,short,target,0.0016085591846666247
93164,93165,long,target,0.002123336646959295
93164,93166,short,target,-0.0005490626715821678
93176,93205,long,target,-0.022489842346227085
93178,93205,long,target,-0.019129825176357307
93332,93333,long,target,0.0023817164863377815
93332,93349,short,target,-0.004584151931892655
93363,93373,long,target,0.0009093657803593835
93367,93373,long,target,0.0030023619498826815
93407,93429,short,target,-0.017086330935251803
93413,93429,short,target,-0.0016344424460432716
93552,93582,long,target,-0.007629352198640582
93552,93553,short,target,-0.001203782147229382
93740,93741,long,target,-0.0007451990664438801
93740,93770,short,target,-0.019009113251888032
93908,93909,long,target,-0.00038308075388437945
93908,93944,short,target,-0.015161363636363667
93920,93944,short,target,-0.000579545454545527
94016,94017,long,target,6.503959285231176e-05
94016,94020,short,target,0.0021625874695632152
94184,94186,long,target,0.002662147387855196
94184,94185,short,target,0.0011155218565273017
94404,94405,long,target,0.0006741448090850088
94404,94414,short,target,-0.0014596716548420652
94548,94550,long,target,0.0006676473916487069
94548,94549,short,target,0.0003713045013880034
94558,94592,short,target,-0.01455836387509779
94776,94789,long,target,-0.0006340379865866774
94776,94777,short,target,-0.00018203857504495158
94784,94789,long,target,0.0027187462388884587
94800,94821,long,target,-0.0036652096486966546
95084,95089,long,target,0.0037035881574314367
95084,95085,short,target,-0.0008616447841546249
95098,95100,long,target,0.0023215930454796307
95200,95201,long,target,0.0037894361310335523
95200,95212,short,target,-0.0016331813808636575
95203,95212,short,target,0.0032511602754690117
95230,95233,long,target,0.0030563293942096337
95235,95241,short,target,0.003803904993877838
95238,95241,short,target,0.0029564141332716343
95249,95264,long,target,-0.0012911683643955785
95420,95447,long,target,-0.0023694252750584566
95420,95421,short,target,0.0011648925487044437
95442,95447,long,target,0.0014611246856230942
95451,95456,short,target,0.002361180053394696
95462,95473,long,target,0.00288231662831806
95496,95500,short,target,0.001511636474872624
95500,95506,short,target,0.00013398868688851984
96044,96045,long,target,0.0015130972801702391
96044,96048,short,target,0.0023927097437850264
96052,96060,short,target,0.003329167708073122
96070,96079,long,target,0.0015897614356421563
96087,96096,short,target,0.000540991984842254
96090,96096,short,target,0.0016952744225471328
96104,96117,long,target,0.003970936550142579
96133,96149,long,target,0.0001826954841681605
96147,96149,long,target,0.0051433601609658375
96154,96202,short,target,-0.022107034078431287
96384,96389,long,target,0.0017689589929723581
96384,96385,short,target,0.0031641815615612856
96668,96690,long,target,-0.005239393328742015
96668,96669,short,target,0.0002414335393270406
96674,96690,long,target,-0.0011740090407589276
96678,96690,long,target,0.0022199019227251426
96729,96731,short,target,0.007072104130019241
96734,96749,long,target,0.001815480732116681
96755,96770,short,target,-0.0010898014238881482
96758,96770,short,target,0.002385057214574715
96772,96774,long,target,0.0011497691531447973
96783,96805,short,target,-0.009537073679469432
96876,96877,long,target,-0.00029755017026489305
96877,96883,short,target,0.0028012195364612857
96891,96894,short,target,0.0048585102185227935
96893,96894,short,target,0.006694780187683103
97284,97285,long,target,0.002139811798018254
97284,97287,short,target,0.0038981571716600882
97303,97305,short,target,0.006763709518909478
97764,97765,long,target,-0.0057661592542306295
97764,97769,short,target,0.012223498785648879
98040,98041,long,target,-0.0014639965297860158
98040,98055,short,target,-0.0008848438882568255
98045,98055,short,target,0.003954710439352027
98071,98079,long,target,0.0031055980993739407
98073,98079,long,target,0.0028227100085898016
98083,98085,long,target,0.0054399726707368146
98088,98100,short,target,0.0020531391620819406
98117,98125,long,target,0.003718375077843117
98128,98137,short,target,0.0018088486922513969
98148,98150,long,target,0.009202978531565265
98150,98151,long,target,0.0041384905292236596
98154,98190,short,target,-0.015163154538653467
98157,98190,short,target,-0.013646839084788143
98304,98305,short,target,-0.003237002942729883
98305,98333,long,target,-0.021489474081340054
98568,98569,long,target,-0.001762295608390252
98568,98571,short,target,0.006206315397659257
98664,98665,long,target,0.0007635074198573122
98664,98684,short,target,-0.005506223484896822
98670,98684,short,target,-0.00016307186628106152
98690,98693,long,target,0.002277044686683105
98718,98728,short,target,-0.0010654528810456476
98725,98728,short,target,0.003982098357320885
98749,98756,long,target,0.0015796100576137562
98764,98771,short,target,0.0020082663488603103
98793,98803,long,target,0.0007674967660940002
98817,98848,short,target,-0.02602128812891147
98823,98848,short,target,-0.017865766520475
99348,99350,long,target,0.0038764735285543583
99348,99349,short,target,-0.0023324069504687683
99397,99413,short,target,0.0006351648975859714
99415,99420,long,target,0.005973721827736478
99417,99420,long,target,0.00716869995496916
99421,99429,short,target,0.004643526598151482
99424,99429,short,target,0.005742356667313153
99469,99491,short,target,-0.004032651635407114
99477,99491,short,target,0.0012817153924000735
99499,99502,long,target,0.006888265089443735
99514,99523,long,target,0.00396100335021865
99864,99881,long,target,-0.0011121075174927997
99864,99865,short,target,-0.001802077689571524
99886,99889,short,target,0.007783220266616153
99892,99893,long,target,0.007546967990753384
99900,99911,long,target,-0.0021555923981639857
100072,100073,long,target,0.0034028952263405188
100072,100075,short,target,-0.002653544107186878
100081,100101,long,target,-0.005482121475359758
100130,100135,long,target,0.0025275464219145505
100140,100145,long,target,0.004272984353162146
100142,100145,long,target,0.004744049898617542
100169,100172,long,target,0.008482091561806682
100178,100222,short,target,-0.0348349745273977
100181,100222,short,target,-0.033226473571824955
100187,100222,short,target,-0.017802798903753247
100340,100355,long,target,0.001456688816960483
100340,100341,short,target,-0.0018833924641845634
100343,100355,long,target,0.004023208868539463
100372,100420,long,target,-0.03259605829511836
100377,100420,long,target,-0.026719005783359173
100379,100420,long,target,-0.026012822184306228
100383,100420,long,target,-0.012397905518418684
100784,100809,long,target,-0.006688408946646018
100784,100785,short,target,0.003394776060867466
100791,100809,long,target,0.006364462917261893
100807,100809,long,target,0.008649156675472502
100812,100844,short,target,-0.001472537641938887
100832,100844,short,target,0.0034671852333549857
100841,100844,short,target,0.010954929718373307
100847,100876,long,target,-0.01919688808340536
101240,101242,short,target,-0.007800984648704934
101241,101268,long,target,-0.054747542485699685
101245,101268,long,target,-0.046648362686667055
101592,101620,long,target,-0.007927978717781614
101592,101593,short,target,-0.000626798082983715
101606,101620,long,target,0.005826581500693262
101629,101658,short,target,-0.04613345326295348
101632,101658,short,target,-0.03855218798291671
101635,101658,short,target,-0.03375725748912006
101728,101729,long,target,0.012554890909719507
101728,101740,short,target,-0.0035934167777766923
101788,101789,long,target,0.0017044874630012252
101788,101790,short,target,0.0009944217029131952
101800,101813,long,target,0.00019577604594211984
101809,101813,long,target,0.004421848484430502
101817,101819,short,target,0.00820117277458099
101948,101963,long,target,-0.002531108784670222
101948,101949,short,target,0.0023976992713916623
101950,101963,long,target,-0.0015089458935114708
101973,101977,short,target,0.004199335548172645
101990,101996,short,target,0.00628144845914913
102036,102039,short,target,0.005469468176591219
102063,102067,long,target,0.005848069342812012
102076,102109,long,target,-0.003388636771360032
102097,102109,long,target,0.0020610016401163556
102108,102109,long,target,0.0030494125199784783
102112,102116,short,target,0.0027840182663645408
102192,102193,long,target,0.0006752643676632974
102192,102212,short,target,-0.008904669594229198
102204,102212,short,target,-0.001397845208423898
102232,102235,long,target,0.0006633225529668607
102792,102793,long,target,-0.0009887893551260296
102792,102794,short,target,0.0027973681100035286
102797,102808,long,target,0.0038041974625508956
102799,102808,long,target,0.006153785205164741
102847,102856,long,target,0.0005402004670758132
102849,102856,long,target,0.0014572405402999422
102868,102869,short,target,0.004067563819812214
102876,102879,long,target,0.02230901516661654
102988,102989,long,target,0.003135685258412124
102988,103005,short,target,-0.006594975653014812
103015,103022,long,target,0.003731667659417015
103060,103062,short,target,0.00750181755013557
103340,103347,long,target,0.0022819065499055657
103340,103341,short,target,0.001967724370080637
103354,103378,long,target,-0.04755122198930517
103472,103473,long,target,0.0009082769149504344
103472,103475,short,target,0.0005639648988247092
104152,104161,long,target,0.0013983569306064147
104152,104153,short,target,0.0005246589716683125
104168,104176,long,target,0.0018321927035620522
104171,104176,long,target,0.003278423118953988
104192,104210,short,target,-0.0021745030305670987
104197,104210,short,target,0.0025564650420994983
104200,104210,short,target,0.005548500799104739
104228,104229,long,target,-0.0015153699413632538
104253,104264,short,target,0.0012798492250729598
104560,104593,long,target,-0.005768388010721437
104560,104561,short,target,0.0005540448674372644
104579,104593,long,target,-0.0009217061805519844
104760,104762,long,target,0.0002766761966246367
104760,104761,short,target,0.00014689906326226243
104766,104777,short,target,0.0006827103601296791
104770,104777,short,target,0.0014336917562722817
104779,104786,long,target,0.002218424200991276
104804,104807,long,target,0.0013238961545434247
104817,104845,short,target,-0.003617841671823663
104825,104845,short,target,-0.0006358424742772817
104832,104845,short,target,0.0016899128861807
104854,104859,long,target,0.0020267876607804602
104877,104882,short,target,0.0016095114299130575
104891,104897,short,target,0.000904346643548104
104894,104897,short,target,0.0032706070341850246
104906,104919,long,target,0.0005246214379397429
104908,104919,long,target,0.00047349775173732844
104924,104956,short,target,-0.02623352539903312
104928,104956,short,target,-0.024064507583283712
105048,105049,long,target,-0.0004752174119659891
105048,105074,short,target,-0.010556012695427275
105124,105125,long,target,0.0033020425491767647
105124,105134,short,target,-9.770395701025336e-05
105127,105134,short,target,0.0034533295150178667
105155,105158,long,target,0.0021461902595980575
105216,105217,long,target,0.0011428571428571122
105216,105231,short,target,-0.0013460847731293635
105264,105269,short,target,0.0015525555130810886
105274,105275,long,target,0.0014330782655389562
106080,106081,long,target,0.0010376807834489021
106080,106083,short,target,0.000457437248368997
106093,106102,long,target,-4.212272618275836e-05
106109,106135,short,target,-0.0011120018619565908
106121,106135,short,target,0.00039114018981623033
106124,106135,short,target,0.0016970958649047407
106139,106146,long,target,0.001731105869257732
106163,106176,long,target,-0.0005050815739118253
106165,106176,long,target,-0.0004371195441005282
106170,106176,long,target,0.00017495488431906736
106172,106176,long,target,0.001248702646601041
106184,106201,short,target,0.0008633344758233186
106199,106201,short,target,0.001742836263928238
106214,106230,short,target,-0.0014713789428608681
106217,106230,short,target,-0.0004217738326363074
106229,106230,short,target,0.0016033844935332553
106236,106254,short,target,-0.0010828370330264736
106796,106797,long,target,0.0005549170808329951
106796,106824,short,target,-0.005071501840342663
106810,106824,short,target,-0.002751463223314987
106817,106824,short,target,0.0012339347130876366
106844,106848,long,target,0.0015700486745340303
106863,106876,short,target,0.002422493807670234
106886,106900,short,target,0.0002772353607676248
106903,106930,short,target,-0.0049059224271595925
106906,106930,short,target,-0.003445220691678297
107396,107397,long,target,0.010117179996158132
107396,107405,short,target,0.0022258700821444766
107399,107405,short,target,0.008572470817120648
107438,107446,short,target,0.0018392048143889284
107480,107484,long,target,0.0041158113496204685
107536,107552,long,target,0.0003637550398771783
107545,107552,long,target,0.0016031859491474343
107908,107934,long,target,-0.015411283641481477
107908,107909,short,target,0.0035727522546737944
107910,107934,long,target,-0.013260910157917194
108952,108955,long,target,0.003299214472744616
108952,108953,short,target,0.000490600008573594
108967,108970,long,target,0.009512812584547614
108992,109012,long,target,-0.010048694540983782
108995,109012,long,target,-0.0017863766814393278
109021,109045,short,target,-0.03602729153744544
109023,109045,short,target,-0.024497990066335018
109256,109257,long,target,0.0018845664731028666
109256,109268,short,target,0.000735981845781275
109274,109279,short,target,0.0029944533978656374
109292,109301,short,target,0.003848484848484768
109294,109301,short,target,0.0064545454545454906
109309,109326,long,target,-0.02133936174526585
109380,109381,long,target,0.0032657323327975885
109380,109424,short,target,-0.04767893615672969
109382,109424,short,target,-0.04477852034921981
109400,109424,short,target,-0.043067518755209755
109724,109725,long,target,-0.0004410099127001299
109724,109735,short,target,0.0023760605619156383
109744,109759,long,target,-0.00044316196058891144
109751,109759,long,target,0.00519092474425209
109771,109778,long,target,0.003764121815120536
109782,109786,short,target,0.010827434260184843
109785,109786,short,target,0.013530467777800537
109788,109792,long,target,0.017618369417092605
109805,109819,short,target,0.003949019017512212
109830,109834,long,target,0.006438853651381304
109868,109869,short,target,0.0010444101353190849
109870,109884,long,target,-0.0001360976273646619
109964,109988,long,target,-0.017300932294054716
109964,109965,short,target,0.0017249122234017644
109968,109988,long,target,-0.010454927872283637
110032,110038,long,target,0.006122428015244319
110032,110033,short,target,0.005136836018771351
110034,110038,long,target,0.007669950358805355
110036,110038,long,target,0.010742812325855056
110064,110077,long,target,0.00462349351169733
110071,110077,long,target,0.011759836510851773
110080,110084,short,target,0.0082766486508703
110125,110133,long,target,0.0007749764193030195
110127,110133,long,target,0.002338775155875661
110148,110161,short,target,-0.0015482233502537301
110151,110161,short,target,-0.0003096446700506794
110158,110161,short,target,0.0036040609137055757
110171,110191,short,target,-0.000432708756817779
110197,110213,long,target,-0.0004954749987360341
110253,110256,short,target,0.0032996943601075746
110260,110294,long,target,-0.008748194413362276
110264,110294,long,target,-0.0006665914614760737
110712,110714,long,target,-0.00017186264737212298
110712,110713,short,target,0.002382276649258941
110730,110772,long,target,-0.032908608952346596
110732,110772,long,target,-0.02763153245468364
110735,110772,long,target,-0.01757454903380784
110976,110977,long,target,0.0013537511259813506
110976,111001,short,target,-0.0033243896307773024
110981,111001,short,target,0.009039466866403556
111005,111012,long,target,0.01024758538362569
111144,111145,long,target,0.006174247608619732
111144,111152,short,target,-0.00264416514151089
111158,111160,long,target,0.007799096893088331
111183,111190,long,target,0.006036977122765519
111201,111216,short,target,-0.021928754719926724
111344,111345,long,target,0.0034481597791640173
111344,111353,short,target,0.0005196579880575314
111398,111436,long,target,-0.033373254659110785
111409,111436,long,target,-0.03184138795293523
111888,111889,long,target,0.0031549334838985033
111888,111923,short,target,-0.023424538933682792
111895,111923,short,target,-0.008517574450178533
111899,111923,short,target,-0.002713435131487807
112024,112025,long,target,-0.00022772641820267836
112024,112026,short,target,0.001932132627797456
112030,112049,short,target,-0.014276714366240006
112168,112174,long,target,0.0035416041725127023
112168,112169,short,target,0.0011431339307339528
112212,112228,short,target,-0.0015634366832123492
112223,112228,short,target,0.0048533678632232125
112235,112274,short,target,-0.0035195233939208093
112536,112548,long,target,0.0017475744871344734
112536,112537,short,target,-0.002044691105593799
112744,112746,long,target,0.005936901096944336
112744,112745,short,target,-0.0002717022143730041
112761,112768,long,target,0.001813113448429604
112790,112807,short,target,-0.0012251819138925368
112793,112807,short,target,0.004178662269055611
112830,112833,short,target,0.0033219809055886618
112857,112859,short,target,0.004606988117596744
112866,112874,long,target,0.0028776040454085994
113248,113250,long,target,0.008271467143379896
113248,113249,short,target,-0.0071410178594421
113275,113278,short,target,0.003829099307159245
113292,113334,long,target,-0.03350814498538068
113516,113520,long,target,0.0015779586725110928
113516,113517,short,target,-0.00011520275685206194
113596,113599,long,target,0.0018187632409962795
113596,113597,short,target,-0.0008686535869402157
113610,113612,long,target,0.003458785314699231
113621,113633,long,target,0.004823587342102753
113624,113633,long,target,0.002848345652762596
113650,113656,short,target,0.00459501127409867
113660,113665,long,target,0.01086589660018844
114036,114039,long,target,0.0017390037160274208
114036,114037,short,target,9.23020121839091e-05
114055,114060,long,target,0.002659275993813104
114059,114060,long,target,0.0016817537035143104
114071,114085,short,target,-0.0009814496302558151
114075,114085,short,target,0.0021766803680922653
114079,114085,short,target,0.003303889844425756
114101,114108,long,target,0.003579905642868919
114133,114139,short,target,0.0024328527758410434
114169,114178,short,target,0.0012190661952944382
114172,114178,short,target,0.001077654516640214
114185,114186,long,target,0.0018655167530241545
114205,114219,short,target,-9.736245119695841e-05
114211,114219,short,target,0.00022880176031314647
114221,114237,short,target,0.0020987833842276427
114668,114684,long,target,-5.492870711554243e-05
114668,114669,short,target,0.0024917172199228066
114680,114684,long,target,0.007294659036939155
114682,114684,long,target,0.0063109501895588505
114689,114707,short,target,-0.0015008566636680598
114720,114739,long,target,0.0033098958571440296
114767,114783,short,target,-0.0038277641089766723
115056,115059,long,target,0.002667398714341296
115056,115057,short,target,0.0029091776755028054
115058,115059,long,target,0.005768939515629512
115061,115109,short,time_exit,-0.07066979287461594
115256,115257,long,target,0.0028728608977903747
115256,115263,short,target,0.0006736462713465841
115261,115263,short,target,0.0019136702994937416
115270,115284,short,target,-0.004675956233049616
115328,115329,short,target,-0.002615418146386439
115329,115344,long,target,0.0013504446638206158
115337,115344,long,target,0.0039461506821141246
115368,115369,long,target,-0.0005588297245829876
115376,115387,short,target,0.00706829984966495
115399,115418,long,target,-0.0025235646958011726
115402,115418,long,target,-0.0005151740214912603
115421,115434,short,target,-0.0006459257484825454
115430,115434,short,target,0.00697257596044043
115780,115781,long,target,0.0001249316107130305
115780,115783,short,target,0.003237127125309991
115789,115795,long,target,0.0034140056654274886
115803,115820,short,target,-0.000267617427937461
115811,115820,short,target,0.0023092794184933485
115819,115820,short,target,0.005589751115792074
115827,115834,long,target,0.005977433994651005
115854,115855,short,target,-0.004061749033538731
115855,115856,long,target,0.008985476961654859
116128,116132,long,target,0.0010709782176849814
116128,116129,short,target,0.0005963029218840621
116148,116149,short,target,-0.0008419834539455939
116155,116163,long,target,0.0017873139657165193
116199,116204,short,target,0.0008031296147568145
116207,116214,long,target,0.0016173182787238005
116224,116241,long,target,0.000675649337993578
116226,116241,long,target,0.0014259955963176196
116246,116257,short,target,-0.0002895456725885426
116251,116257,short,target,0.0011236100727323173
116272,116275,long,target,0.0028228774299692283
116279,116304,short,target,-0.0010818700897264888
116692,116694,long,target,0.003275210501889614
116692,116693,short,target,0.0019973958563999084
116695,116696,short,target,0.000818359565075033
116744,116763,short,target,-0.004560352175173588
116751,116763,short,target,0.002398797964975774
117196,117198,long,target,0.0016419668145422062
117196,117197,short,target,-0.0003797452331425477
117211,117221,long,target,0.0010142887933768385
117214,117221,long,target,0.004478314525260485
117230,117235,short,target,0.00441096863687096
117528,117529,long,target,-0.0007378640776699585
117528,117530,short,target,0.0016164165687020393
117565,117566,long,target,0.0012338837465040164
117569,117592,short,target,-0.004623647143169873
117574,117592,short,target,0.00020177475926574928
117599,117610,long,target,0.00010321603977270222
117607,117610,long,target,0.001149479720508495
117634,117638,short,target,0.0005931070644209502
117641,117652,long,target,0.0008471551498003826
117643,117652,long,target,0.001260502394094365
117647,117652,long,target,0.0025414602627611416
117661,117680,short,target,-0.008468166830959523
117665,117680,short,target,-0.003811312417145274
117772,117773,long,target,-0.0005133821616812861
117772,117785,short,target,-5.9890998382883254e-05
117795,117841,long,target,-0.018181896130398556
117800,117841,long,target,-0.0105506469940162
118580,118581,long,target,-0.0001083117494702357
118583,118599,short,target,-0.0018745155152569692
118607,118609,long,target,0.00139138282770368
118616,118617,long,target,0.004001206488646547
118622,118625,short,target,0.0041536522033642775
118632,118634,short,target,0.0014903897978599812
118649,118656,long,target,0.0029122559397789516
118661,118676,short,target,0.0004530021902888759
118685,118688,long,target,0.008238594974128155
118700,118711,long,target,0.0013038671945122537
118752,118753,short,target,-0.0004599837597570877
118778,118785,long,target,0.0020924633701357997
118780,118785,long,target,0.002144298095054342
118789,118798,long,target,0.0018337033737314545
118801,118808,short,target,0.00367903374724432
119128,119156,long,target,-0.0086996445357429
119128,119129,short,target,0.0013602798289933382
119268,119269,long,target,0.00035102060442859795
119268,119274,short,target,-0.0004710111841125242
119287,119293,long,target,0.004235029606442842
119305,119312,long,target,0.0053324494660238475
119524,119525,long,target,0.001338880596644998
119524,119534,short,target,0.0009679052544846467
119539,119545,long,target,0.0029900497512438395
119563,119590,short,target,-0.003162774148274705
119579,119590,short,target,0.0011613311325697762
119581,119590,short,target,0.001111912786502911
119606,119608,short,target,0.0023321425571547483
119611,119619,long,target,0.0017255786127139405
119613,119619,long,target,0.0023252362341068533
119625,119638,short,target,-0.0012761009450044103
119628,119638,short,target,0.0018032932273037705
119647,119665,long,target,-0.00024219777178047242
119659,119665,long,target,0.001351538674799091
119676,119697,long,target,-0.003950170145867737
120532,120552,long,target,-0.018038513210926976
120532,120533,short,target,0.0030365099899380965
120539,120552,long,target,-0.00021885828925782835
120561,120567,short,target,0.004825734014756167
120644,120670,long,target,-0.010098175006559296
120644,120645,short,target,0.007233550892977947
120647,120670,long,target,-0.005571730669036823
120666,120670,long,target,0.001549526190696593
120679,120713,short,target,-0.008249390052419314
120800,120801,long,target,0.004452204801420834
120800,120816,short,target,-0.0021076456041817515
120824,120827,long,target,0.011623927518567667
120829,120830,short,target,0.006602615904941489
120859,120863,long,target,0.0022566842988933633
120872,120877,short,target,0.00477195006881459
120897,120928,short,target,-0.0001671981178268389
121536,121537,long,target,0.0012521429783449722
121536,121544,short,target,0.0015001377079535416
121555,121571,short,target,-0.0055104576757365464
121558,121571,short,target,0.00040646157776769165
121668,121671,long,target,0.003092711856553798
121668,121669,short,target,-0.0008159486125979276
121682,121691,long,target,0.004657518316083298
121709,121714,short,target,0.003717472118959231
121718,121729,long,target,-0.00016280962902659457
121735,121746,short,target,0.006810659056905699
121956,121966,long,target,-0.0006227358462321808
121956,121957,short,target,0.0018416537690912893
121959,121966,long,target,0.001530189743528254
121966,121967,long,target,0.0057758791139659316
122216,122217,long,target,0.002208050209416834
122219,122227,short,target,0.0021788010260632706
122261,122276,short,target,-0.005711204869883524
122265,122276,short,target,-0.0010532189002637748
122269,122276,short,target,0.00408122323852278
122287,122312,long,target,0.00031061412850541537
122340,122341,long,target,-0.00046776823980076987
122340,122345,short,target,0.005689656268475618
122371,122384,long,target,-8.904662863107315e-05
122374,122384,long,target,0.002295230383749791
123240,123241,long,target,-0.0017249220734562032
123240,123243,short,target,0.009733422939068204
123372,123378,long,target,0.007255188067444962
123372,123373,short,target,-0.0008677843729389956
123387,123398,short,target,0.0030012691080800735
123404,123420,long,target,-0.0016938192763500393
123407,123420,long,target,0.0008031345192951456
123409,123420,long,target,0.002470880955254051
123426,123429,long,target,0.0024688089866948815
123431,123445,short,target,0.0011800423898722379
123434,123445,short,target,0.004525405281548878
123459,123461,long,target,0.004350695939159044
123724,123725,long,target,0.0005220382571615723
123724,123726,short,target,0.0009735866492117662
123739,123744,long,target,0.019683708142325784
124264,124265,long,target,0.0009165157217696507
124264,124266,short,target,8.677824903191578e-05
124274,124281,long,target,0.0006508968816616445
124277,124281,long,target,0.0022981886144584074
124296,124321,short,target,-0.00495550270642553
124298,124321,short,target,-0.0023459274484272097
124301,124321,short,target,-0.0014204698311577335
